# Blender 5.2.0 LTS
# www.blender.org
mtllib spawn_room_3x3.mtl
o floor_tile_set
v -4.959761 0.024764 -7.478480
v -4.954799 0.030933 -5.004218
v -2.485524 0.030968 -5.004247
v -2.493941 0.049488 -7.465078
v -4.970149 0.003491 -4.988871
v -2.470149 0.003491 -7.488870
v -4.933894 0.026068 -6.238871
v -2.506404 0.026068 -6.238871
v -2.470149 0.003491 -6.238871
v -3.720149 0.003491 -7.488870
v -3.720149 0.026068 -7.452618
v -3.720052 0.026068 -6.236568
v -3.720149 0.026068 -5.025123
v -3.720149 0.003491 -4.988871
v -3.751686 0.003491 -7.488870
v -3.751314 0.030208 -7.474103
v -3.735793 0.033838 -5.018824
v -3.688100 0.003491 -7.488870
v -3.688368 0.024678 -7.478549
v -3.699776 0.036027 -5.017050
v -4.970149 0.003491 -6.270411
v -4.946358 0.041438 -6.269810
v -3.736293 0.034111 -6.253962
v -3.688710 0.041438 -6.269810
v -2.481758 0.026280 -6.270118
v -2.470149 0.003491 -6.270411
v -4.970149 0.003491 -6.195477
v -4.940700 0.034462 -6.215623
v -3.741463 0.036672 -6.208787
v -3.678308 0.009696 -6.207452
v -2.493941 0.041438 -6.196302
v -2.470149 0.003491 -6.195477
v -4.393049 0.049487 -7.465078
v -4.900955 0.000000 -7.001989
v -4.735322 0.049487 -7.420606
v -4.893721 0.049487 -7.293486
v -3.751088 0.041438 -6.504969
v -3.996999 0.041438 -6.269810
v -3.770961 0.041438 -6.390557
v -3.844002 0.049488 -6.309114
v -3.454723 0.018399 -6.197535
v -3.688710 0.041438 -6.020411
v -3.666353 0.041438 -6.155398
v -3.751088 0.041438 -6.120095
v -3.806133 0.074062 -6.205402
v -3.443873 0.041827 -7.474213
v -3.688710 0.045220 -7.251982
v -3.708369 0.031826 -7.457285
v -3.640401 0.049487 -7.419157
v -3.751088 0.041438 -7.357229
v -3.796040 0.041438 -7.465078
v -3.734669 0.033281 -7.458467
v -2.592403 0.047597 -6.269810
v -2.493940 0.049488 -6.436573
v -2.500874 0.032889 -6.252601
v -2.518880 0.049488 -6.309447
v -2.634903 0.019395 -4.999306
v -2.493941 0.041438 -5.080964
v -4.011136 0.049805 -4.990608
v -3.751088 0.041438 -5.317048
v -3.751442 0.023843 -4.998521
v -3.837306 0.049488 -5.056676
v -3.776143 0.041438 -5.141843
v -3.688710 0.041438 -5.120243
v -3.631703 0.041438 -5.012664
v -3.688417 0.027274 -5.001279
v -4.946358 0.041438 -5.276815
v -4.728231 0.014119 -5.012656
v -4.896224 0.049488 -5.073687
v -4.860725 0.041438 -6.196302
v -4.946364 0.041438 -6.167796
v -4.955372 0.030228 -6.195989
v -4.382069 0.041438 -6.196302
v -4.105067 0.041438 -6.196302
v -4.213710 0.044890 -6.161872
v -4.231528 0.041281 -6.195116
v -3.751088 0.041438 -7.092292
v -3.751088 0.041438 -6.919059
v -3.772401 0.049487 -7.022645
v -3.740114 0.035987 -7.023036
v -2.493941 0.049488 -5.532453
v -2.493941 0.041438 -5.232363
v -2.531312 0.049488 -5.353812
v -2.486598 0.032302 -5.358495
v -3.580763 0.041438 -5.012664
v -3.354075 0.019173 -5.003694
v -3.512856 0.049488 -5.037470
v -3.493971 0.029300 -5.002908
v -4.959761 0.024764 -4.978481
v -4.954799 0.030933 -2.504220
v -2.485524 0.030968 -2.504249
v -2.493941 0.049488 -4.965079
v -4.970149 0.003491 -2.488873
v -2.470149 0.003491 -2.488873
v -2.470149 0.003491 -4.988871
v -4.933894 0.026068 -3.738873
v -2.506404 0.026068 -3.738873
v -2.470149 0.003491 -3.738873
v -3.720149 0.026068 -4.952619
v -3.720052 0.026068 -3.736570
v -3.720149 0.026068 -2.525125
v -3.720149 0.003491 -2.488873
v -3.751686 0.003491 -4.988871
v -3.751314 0.030208 -4.974105
v -3.735793 0.033838 -2.518826
v -3.751686 0.003491 -2.488873
v -3.688100 0.003491 -4.988871
v -3.688368 0.024678 -4.978550
v -3.699776 0.036028 -2.517051
v -3.688100 0.003491 -2.488873
v -4.970149 0.003491 -3.770412
v -4.946358 0.041438 -3.769811
v -3.736293 0.034111 -3.753963
v -3.688710 0.041438 -3.769811
v -2.481758 0.026280 -3.770120
v -2.470149 0.003491 -3.770412
v -4.970149 0.003491 -3.695478
v -4.940700 0.034462 -3.715624
v -3.741463 0.036673 -3.708788
v -3.678308 0.009696 -3.707453
v -2.493941 0.041439 -3.696304
v -2.470149 0.003491 -3.695478
v -4.393050 0.049488 -4.965079
v -4.900955 0.000000 -4.501991
v -4.735322 0.049488 -4.920608
v -4.893721 0.049488 -4.793487
v -3.751088 0.041438 -4.004971
v -3.996999 0.041438 -3.769811
v -3.770961 0.041438 -3.890558
v -3.844002 0.049488 -3.809115
v -3.454723 0.018399 -3.697536
v -3.688710 0.041438 -3.520412
v -3.666353 0.041438 -3.655400
v -3.751088 0.041438 -3.620097
v -3.806133 0.074062 -3.705403
v -3.443873 0.041827 -4.974215
v -3.688710 0.045220 -4.751983
v -3.708369 0.031826 -4.957287
v -3.640401 0.049488 -4.919158
v -3.751088 0.041438 -4.857230
v -3.796040 0.041438 -4.965079
v -3.734669 0.033281 -4.958468
v -2.592403 0.047597 -3.769811
v -2.493941 0.049488 -3.936574
v -2.500874 0.032890 -3.752603
v -2.518880 0.049488 -3.809449
v -2.634903 0.019395 -2.499307
v -2.493941 0.041439 -2.580966
v -4.011136 0.049805 -2.490610
v -3.751088 0.041438 -2.817050
v -3.751442 0.023844 -2.498522
v -3.837306 0.049488 -2.556678
v -3.776143 0.041439 -2.641845
v -3.688710 0.041439 -2.620245
v -3.631703 0.041439 -2.512666
v -3.688417 0.027274 -2.501281
v -4.946358 0.041438 -2.776817
v -4.728231 0.014119 -2.512657
v -4.896224 0.049488 -2.573688
v -4.860725 0.041438 -3.696304
v -4.946364 0.041438 -3.667797
v -4.955372 0.030229 -3.695991
v -4.382069 0.041438 -3.696304
v -4.105067 0.041438 -3.696304
v -4.213710 0.044890 -3.661874
v -4.231528 0.041281 -3.695117
v -3.751088 0.041438 -4.592294
v -3.751088 0.041438 -4.419061
v -3.772401 0.049488 -4.522646
v -3.740114 0.035987 -4.523037
v -2.493941 0.049488 -3.032455
v -2.493941 0.041439 -2.732365
v -2.531312 0.049488 -2.853814
v -2.486598 0.032302 -2.858497
v -3.580763 0.041439 -2.512665
v -3.354075 0.019173 -2.503695
v -3.512856 0.049488 -2.537472
v -3.493971 0.029300 -2.502909
v -7.470149 0.003491 -7.488870
v -7.459761 0.024764 -7.478480
v -7.454799 0.030932 -5.004219
v -4.985524 0.030968 -5.004247
v -4.993941 0.049487 -7.465078
v -7.470149 0.003491 -4.988871
v -4.970149 0.003491 -7.488870
v -7.470149 0.003491 -6.238871
v -7.433894 0.026068 -6.238871
v -5.006404 0.026068 -6.238871
v -4.970149 0.003491 -6.238871
v -6.220149 0.003491 -7.488870
v -6.220149 0.026068 -7.452618
v -6.220051 0.026068 -6.236568
v -6.220149 0.026068 -5.025123
v -6.220149 0.003491 -4.988871
v -6.251686 0.003491 -7.488870
v -6.251314 0.030208 -7.474103
v -6.235792 0.033838 -5.018824
v -6.251686 0.003491 -4.988871
v -6.188099 0.003491 -7.488870
v -6.188368 0.024678 -7.478549
v -6.199776 0.036027 -5.017050
v -6.188099 0.003491 -4.988871
v -7.470149 0.003491 -6.270411
v -7.446358 0.041438 -6.269810
v -6.236293 0.034111 -6.253962
v -6.188710 0.041438 -6.269810
v -4.981758 0.026280 -6.270118
v -7.470149 0.003491 -6.195477
v -7.440700 0.034462 -6.215623
v -6.241463 0.036672 -6.208787
v -6.178308 0.009696 -6.207452
v -4.993941 0.041438 -6.196302
v -6.893049 0.049487 -7.465078
v -7.400955 -0.000000 -7.001989
v -7.235322 0.049487 -7.420606
v -7.393721 0.049487 -7.293486
v -6.251088 0.041438 -6.504969
v -6.496998 0.041438 -6.269810
v -6.270961 0.041438 -6.390557
v -6.344002 0.049487 -6.309114
v -5.954723 0.018399 -6.197535
v -6.188710 0.041438 -6.020411
v -6.166353 0.041438 -6.155398
v -6.251088 0.041438 -6.120095
v -6.306132 0.074062 -6.205402
v -5.943873 0.041827 -7.474213
v -6.188710 0.045219 -7.251982
v -6.208369 0.031826 -7.457285
v -6.140400 0.049487 -7.419157
v -6.251088 0.041438 -7.357229
v -6.296040 0.041438 -7.465078
v -6.234669 0.033281 -7.458467
v -5.092402 0.047596 -6.269810
v -4.993941 0.049487 -6.436573
v -5.000874 0.032889 -6.252601
v -5.018879 0.049487 -6.309447
v -5.134902 0.019395 -4.999306
v -4.993941 0.041438 -5.080964
v -6.511136 0.049805 -4.990608
v -6.251088 0.041438 -5.317048
v -6.251442 0.023843 -4.998521
v -6.337306 0.049487 -5.056676
v -6.276143 0.041438 -5.141843
v -6.188710 0.041438 -5.120243
v -6.131703 0.041438 -5.012664
v -6.188417 0.027274 -5.001279
v -7.446358 0.041438 -5.276815
v -7.228231 0.014119 -5.012656
v -7.396223 0.049487 -5.073687
v -7.360725 0.041438 -6.196302
v -7.446363 0.041438 -6.167796
v -7.455373 0.030228 -6.195989
v -6.882069 0.041438 -6.196302
v -6.605067 0.041438 -6.196302
v -6.713710 0.044890 -6.161872
v -6.731527 0.041280 -6.195116
v -6.251088 0.041438 -7.092292
v -6.251088 0.041438 -6.919059
v -6.272401 0.049487 -7.022645
v -6.240114 0.035987 -7.023036
v -4.993941 0.049487 -5.532453
v -4.993941 0.041438 -5.232363
v -5.031312 0.049488 -5.353812
v -4.986598 0.032302 -5.358495
v -6.080763 0.041438 -5.012664
v -5.854075 0.019172 -5.003694
v -6.012856 0.049487 -5.037470
v -5.993971 0.029300 -5.002908
v -7.459761 0.024764 -4.978481
v -7.454799 0.030933 -2.504220
v -4.985524 0.030968 -2.504249
v -4.993941 0.049488 -4.965079
v -7.470149 0.003491 -2.488873
v -7.470149 0.003491 -3.738873
v -7.433894 0.026068 -3.738873
v -5.006404 0.026068 -3.738873
v -4.970149 0.003491 -3.738873
v -6.220149 0.026068 -4.952619
v -6.220051 0.026068 -3.736570
v -6.220149 0.026068 -2.525125
v -6.220149 0.003491 -2.488873
v -6.251314 0.030208 -4.974105
v -6.235792 0.033838 -2.518826
v -6.251686 0.003491 -2.488873
v -6.188368 0.024678 -4.978550
v -6.199776 0.036027 -2.517051
v -6.188099 0.003491 -2.488873
v -7.470149 0.003491 -3.770412
v -7.446358 0.041438 -3.769811
v -6.236293 0.034111 -3.753963
v -6.188710 0.041438 -3.769811
v -4.981758 0.026280 -3.770120
v -7.470149 0.003491 -3.695478
v -7.440700 0.034462 -3.715624
v -6.241463 0.036672 -3.708788
v -6.178308 0.009696 -3.707453
v -4.993941 0.041438 -3.696304
v -6.893049 0.049487 -4.965080
v -7.400955 0.000000 -4.501991
v -7.235322 0.049487 -4.920608
v -7.393721 0.049487 -4.793487
v -6.251088 0.041438 -4.004971
v -6.496998 0.041438 -3.769811
v -6.270961 0.041438 -3.890558
v -6.344002 0.049488 -3.809115
v -5.954723 0.018399 -3.697536
v -6.188710 0.041438 -3.520412
v -6.166353 0.041438 -3.655400
v -6.251088 0.041438 -3.620097
v -6.306132 0.074062 -3.705403
v -5.943873 0.041827 -4.974215
v -6.188710 0.045220 -4.751983
v -6.208369 0.031826 -4.957287
v -6.140400 0.049487 -4.919158
v -6.251088 0.041438 -4.857231
v -6.296040 0.041438 -4.965080
v -6.234669 0.033281 -4.958468
v -5.092402 0.047597 -3.769811
v -4.993941 0.049488 -3.936574
v -5.000874 0.032889 -3.752603
v -5.018879 0.049488 -3.809449
v -5.134902 0.019395 -2.499307
v -4.993941 0.041438 -2.580966
v -6.511136 0.049805 -2.490610
v -6.251088 0.041438 -2.817050
v -6.251442 0.023843 -2.498522
v -6.337306 0.049488 -2.556678
v -6.276143 0.041438 -2.641845
v -6.188710 0.041438 -2.620245
v -6.131703 0.041438 -2.512666
v -6.188417 0.027274 -2.501281
v -7.446358 0.041438 -2.776817
v -7.228231 0.014119 -2.512657
v -7.396223 0.049488 -2.573688
v -7.360725 0.041438 -3.696304
v -7.446363 0.041438 -3.667797
v -7.455373 0.030228 -3.695991
v -6.882069 0.041438 -3.696304
v -6.605067 0.041438 -3.696304
v -6.713710 0.044890 -3.661874
v -6.731527 0.041281 -3.695118
v -6.251088 0.041438 -4.592294
v -6.251088 0.041438 -4.419061
v -6.272401 0.049487 -4.522646
v -6.240114 0.035987 -4.523037
v -4.993941 0.049488 -3.032455
v -4.993941 0.041438 -2.732365
v -5.031312 0.049488 -2.853814
v -4.986598 0.032302 -2.858497
v -6.080763 0.041438 -2.512666
v -5.854075 0.019173 -2.503695
v -6.012856 0.049488 -2.537472
v -5.993971 0.029300 -2.502910
v -4.959761 0.024764 -2.493268
v -4.954799 0.030933 -0.019007
v -2.485524 0.030968 -0.019035
v -2.493941 0.049488 -2.479867
v -4.970149 0.003491 -0.003660
v -2.470149 0.003491 -2.503658
v -4.933894 0.026068 -1.253660
v -2.506404 0.026068 -1.253659
v -2.470150 0.003491 -1.253659
v -3.720149 0.003491 -2.503658
v -3.720149 0.026068 -2.467406
v -3.720052 0.026068 -1.251357
v -3.720149 0.026068 -0.039911
v -3.720149 0.003491 -0.003660
v -3.751686 0.003491 -2.503658
v -3.751314 0.030208 -2.488892
v -3.735793 0.033838 -0.033613
v -3.688100 0.003491 -2.503658
v -3.688368 0.024678 -2.493337
v -3.699776 0.036027 -0.031838
v -4.970149 0.003491 -1.285199
v -4.946358 0.041438 -1.284598
v -3.736293 0.034111 -1.268750
v -3.688710 0.041438 -1.284598
v -2.481758 0.026280 -1.284907
v -2.470150 0.003491 -1.285199
v -4.970149 0.003491 -1.210265
v -4.940700 0.034462 -1.230411
v -3.741463 0.036672 -1.223575
v -3.678308 0.009696 -1.222240
v -2.493941 0.041438 -1.211091
v -2.470150 0.003491 -1.210265
v -4.393050 0.049487 -2.479867
v -4.900955 0.000000 -2.016778
v -4.735322 0.049487 -2.435395
v -4.893721 0.049487 -2.308274
v -3.751088 0.041438 -1.519757
v -3.996999 0.041438 -1.284598
v -3.770961 0.041438 -1.405345
v -3.844002 0.049488 -1.323902
v -3.454723 0.018399 -1.212323
v -3.688710 0.041438 -1.035199
v -3.666353 0.041438 -1.170187
v -3.751088 0.041438 -1.134884
v -3.806133 0.074062 -1.220190
v -3.443873 0.041827 -2.489002
v -3.688710 0.045220 -2.266770
v -3.708369 0.031826 -2.472074
v -3.640401 0.049487 -2.433945
v -3.751088 0.041438 -2.372017
v -3.796040 0.041438 -2.479867
v -3.734669 0.033281 -2.473255
v -2.592403 0.047597 -1.284598
v -2.493941 0.049488 -1.451362
v -2.500875 0.032889 -1.267390
v -2.518880 0.049488 -1.324236
v -2.634903 0.019395 -0.014094
v -2.493941 0.041438 -0.095752
v -4.011136 0.049805 -0.005396
v -3.751088 0.041438 -0.331836
v -3.751442 0.023843 -0.013309
v -3.837306 0.049488 -0.071465
v -3.776143 0.041438 -0.156632
v -3.688710 0.041438 -0.135032
v -3.631703 0.041438 -0.027452
v -3.688417 0.027274 -0.016068
v -4.946358 0.041438 -0.291604
v -4.728231 0.014119 -0.027444
v -4.896224 0.049488 -0.088476
v -4.860725 0.041438 -1.211091
v -4.946364 0.041438 -1.182584
v -4.955373 0.030228 -1.210778
v -4.382070 0.041438 -1.211091
v -4.105067 0.041438 -1.211091
v -4.213710 0.044890 -1.176661
v -4.231528 0.041281 -1.209904
v -3.751088 0.041438 -2.107081
v -3.751088 0.041438 -1.933847
v -3.772401 0.049487 -2.037433
v -3.740114 0.035987 -2.037824
v -2.493941 0.049488 -0.547242
v -2.493941 0.041438 -0.247152
v -2.531313 0.049488 -0.368601
v -2.486598 0.032302 -0.373284
v -3.580763 0.041438 -0.027452
v -3.354075 0.019173 -0.018482
v -3.512856 0.049488 -0.052259
v -3.493971 0.029300 -0.017696
v -4.959761 0.024764 0.006730
v -4.954799 0.030933 2.480991
v -2.485524 0.030968 2.480963
v -2.493941 0.049488 0.020132
v -4.970149 0.003491 2.496339
v -2.470150 0.003491 2.496339
v -2.470149 0.003491 -0.003659
v -4.933894 0.026068 1.246339
v -2.506404 0.026068 1.246339
v -2.470149 0.003491 1.246339
v -3.720149 0.026068 0.032592
v -3.720052 0.026068 1.248641
v -3.720149 0.026068 2.460087
v -3.720149 0.003491 2.496339
v -3.751686 0.003491 -0.003660
v -3.751314 0.030208 0.011106
v -3.735793 0.033838 2.466386
v -3.751686 0.003491 2.496339
v -3.688100 0.003491 -0.003660
v -3.688368 0.024678 0.006661
v -3.699776 0.036028 2.468160
v -3.688100 0.003491 2.496339
v -4.970149 0.003491 1.214799
v -4.946358 0.041438 1.215400
v -3.736293 0.034111 1.231248
v -3.688710 0.041438 1.215400
v -2.481758 0.026280 1.215092
v -2.470149 0.003491 1.214799
v -4.970149 0.003491 1.289734
v -4.940700 0.034462 1.269587
v -3.741463 0.036673 1.276423
v -3.678308 0.009696 1.277758
v -2.493941 0.041439 1.288908
v -2.470149 0.003491 1.289734
v -4.393050 0.049488 0.020132
v -4.900955 0.000000 0.483221
v -4.735322 0.049488 0.064604
v -4.893721 0.049488 0.191725
v -3.751088 0.041438 0.980241
v -3.996999 0.041438 1.215400
v -3.770961 0.041438 1.094653
v -3.844002 0.049488 1.176097
v -3.454723 0.018399 1.287675
v -3.688710 0.041438 1.464799
v -3.666353 0.041438 1.329812
v -3.751088 0.041438 1.365114
v -3.806133 0.074062 1.279808
v -3.443874 0.041827 0.010997
v -3.688710 0.045220 0.233229
v -3.708369 0.031826 0.027925
v -3.640401 0.049488 0.066053
v -3.751088 0.041438 0.127981
v -3.796041 0.041438 0.020132
v -3.734670 0.033281 0.026743
v -2.592403 0.047597 1.215400
v -2.493941 0.049488 1.048637
v -2.500874 0.032890 1.232609
v -2.518880 0.049488 1.175763
v -2.634903 0.019395 2.485905
v -2.493941 0.041439 2.404246
v -4.011136 0.049805 2.494602
v -3.751088 0.041438 2.168162
v -3.751442 0.023844 2.486689
v -3.837306 0.049488 2.428534
v -3.776143 0.041439 2.343367
v -3.688710 0.041439 2.364966
v -3.631703 0.041439 2.472546
v -3.688417 0.027274 2.483930
v -4.946358 0.041438 2.208394
v -4.728231 0.014119 2.472554
v -4.896224 0.049488 2.411523
v -4.860725 0.041438 1.288908
v -4.946364 0.041438 1.317414
v -4.955373 0.030229 1.289221
v -4.382070 0.041438 1.288908
v -4.105067 0.041438 1.288908
v -4.213710 0.044890 1.323338
v -4.231528 0.041281 1.290094
v -3.751088 0.041438 0.392918
v -3.751088 0.041438 0.566151
v -3.772401 0.049488 0.462565
v -3.740114 0.035987 0.462174
v -2.493941 0.049488 1.952757
v -2.493941 0.041439 2.252847
v -2.531313 0.049488 2.131397
v -2.486598 0.032302 2.126715
v -3.580763 0.041439 2.472546
v -3.354075 0.019173 2.481516
v -3.512856 0.049488 2.447740
v -3.493971 0.029300 2.482302
v -7.470149 0.003491 -2.503658
v -7.459761 0.024764 -2.493268
v -7.454799 0.030932 -0.019007
v -4.985524 0.030968 -0.019036
v -4.993941 0.049487 -2.479867
v -7.470149 0.003491 -0.003660
v -4.970149 0.003491 -2.503658
v -7.470149 0.003491 -1.253659
v -7.433894 0.026068 -1.253659
v -5.006404 0.026068 -1.253660
v -4.970149 0.003491 -1.253660
v -6.220149 0.003491 -2.503658
v -6.220149 0.026068 -2.467406
v -6.220052 0.026068 -1.251357
v -6.220149 0.026068 -0.039912
v -6.220149 0.003491 -0.003660
v -6.251686 0.003491 -2.503658
v -6.251314 0.030208 -2.488892
v -6.235793 0.033838 -0.033613
v -6.251686 0.003491 -0.003660
v -6.188099 0.003491 -2.503658
v -6.188368 0.024678 -2.493337
v -6.199776 0.036027 -0.031838
v -6.188100 0.003491 -0.003660
v -7.470149 0.003491 -1.285199
v -7.446358 0.041438 -1.284598
v -6.236293 0.034111 -1.268751
v -6.188710 0.041438 -1.284598
v -4.981758 0.026280 -1.284906
v -7.470149 0.003491 -1.210265
v -7.440700 0.034462 -1.230411
v -6.241463 0.036672 -1.223576
v -6.178308 0.009696 -1.222240
v -4.993941 0.041438 -1.211091
v -6.893049 0.049487 -2.479867
v -7.400955 -0.000000 -2.016778
v -7.235322 0.049487 -2.435395
v -7.393721 0.049487 -2.308274
v -6.251088 0.041438 -1.519758
v -6.496999 0.041438 -1.284598
v -6.270961 0.041438 -1.405345
v -6.344002 0.049487 -1.323902
v -5.954723 0.018399 -1.212323
v -6.188710 0.041438 -1.035200
v -6.166353 0.041438 -1.170187
v -6.251088 0.041438 -1.134884
v -6.306132 0.074062 -1.220191
v -5.943873 0.041827 -2.489002
v -6.188710 0.045219 -2.266770
v -6.208369 0.031826 -2.472074
v -6.140400 0.049487 -2.433945
v -6.251088 0.041438 -2.372017
v -6.296040 0.041438 -2.479867
v -6.234669 0.033281 -2.473255
v -5.092402 0.047596 -1.284598
v -4.993941 0.049487 -1.451362
v -5.000875 0.032889 -1.267389
v -5.018880 0.049487 -1.324236
v -5.134902 0.019395 -0.014094
v -4.993941 0.041438 -0.095753
v -6.511136 0.049805 -0.005397
v -6.251088 0.041438 -0.331837
v -6.251442 0.023843 -0.013309
v -6.337306 0.049487 -0.071465
v -6.276143 0.041438 -0.156632
v -6.188710 0.041438 -0.135032
v -6.131703 0.041438 -0.027452
v -6.188417 0.027274 -0.016068
v -7.446358 0.041438 -0.291604
v -7.228231 0.014119 -0.027444
v -7.396223 0.049487 -0.088476
v -7.360725 0.041438 -1.211091
v -7.446364 0.041438 -1.182584
v -7.455373 0.030228 -1.210778
v -6.882070 0.041438 -1.211091
v -6.605067 0.041438 -1.211091
v -6.713710 0.044890 -1.176661
v -6.731528 0.041280 -1.209904
v -6.251088 0.041438 -2.107081
v -6.251088 0.041438 -1.933848
v -6.272401 0.049487 -2.037433
v -6.240114 0.035987 -2.037824
v -4.993941 0.049487 -0.547242
v -4.993941 0.041438 -0.247152
v -5.031312 0.049488 -0.368601
v -4.986598 0.032302 -0.373284
v -6.080763 0.041438 -0.027452
v -5.854075 0.019172 -0.018482
v -6.012856 0.049487 -0.052259
v -5.993971 0.029300 -0.017696
v -7.459761 0.024764 0.006730
v -7.454799 0.030933 2.480991
v -4.985524 0.030968 2.480963
v -4.993941 0.049488 0.020132
v -7.470149 0.003491 2.496338
v -7.470149 0.003491 1.246339
v -7.433894 0.026068 1.246339
v -5.006404 0.026068 1.246339
v -4.970149 0.003491 1.246339
v -6.220149 0.026068 0.032592
v -6.220052 0.026068 1.248641
v -6.220149 0.026068 2.460087
v -6.220149 0.003491 2.496339
v -6.251314 0.030208 0.011106
v -6.235793 0.033838 2.466386
v -6.251686 0.003491 2.496339
v -6.188368 0.024678 0.006661
v -6.199776 0.036027 2.468160
v -6.188100 0.003491 2.496339
v -7.470149 0.003491 1.214799
v -7.446358 0.041438 1.215400
v -6.236293 0.034111 1.231248
v -6.188710 0.041438 1.215400
v -4.981758 0.026280 1.215092
v -7.470149 0.003491 1.289733
v -7.440700 0.034462 1.269587
v -6.241463 0.036672 1.276423
v -6.178308 0.009696 1.277758
v -4.993941 0.041438 1.288908
v -6.893050 0.049487 0.020132
v -7.400955 0.000000 0.483220
v -7.235322 0.049487 0.064603
v -7.393721 0.049487 0.191724
v -6.251088 0.041438 0.980241
v -6.496999 0.041438 1.215400
v -6.270961 0.041438 1.094653
v -6.344002 0.049488 1.176096
v -5.954723 0.018399 1.287675
v -6.188710 0.041438 1.464799
v -6.166353 0.041438 1.329812
v -6.251088 0.041438 1.365114
v -6.306132 0.074062 1.279808
v -5.943873 0.041827 0.010997
v -6.188710 0.045220 0.233228
v -6.208369 0.031826 0.027925
v -6.140401 0.049487 0.066053
v -6.251088 0.041438 0.127981
v -6.296041 0.041438 0.020132
v -6.234670 0.033281 0.026743
v -5.092402 0.047597 1.215400
v -4.993941 0.049488 1.048637
v -5.000875 0.032889 1.232609
v -5.018880 0.049488 1.175763
v -5.134902 0.019395 2.485904
v -4.993941 0.041438 2.404246
v -6.511136 0.049805 2.494601
v -6.251088 0.041438 2.168162
v -6.251442 0.023843 2.486689
v -6.337306 0.049488 2.428534
v -6.276143 0.041438 2.343367
v -6.188710 0.041438 2.364966
v -6.131703 0.041438 2.472546
v -6.188417 0.027274 2.483930
v -7.446358 0.041438 2.208394
v -7.228231 0.014119 2.472554
v -7.396224 0.049488 2.411523
v -7.360725 0.041438 1.288908
v -7.446363 0.041438 1.317414
v -7.455373 0.030228 1.289221
v -6.882070 0.041438 1.288908
v -6.605067 0.041438 1.288908
v -6.713710 0.044890 1.323338
v -6.731528 0.041281 1.290093
v -6.251088 0.041438 0.392918
v -6.251088 0.041438 0.566151
v -6.272401 0.049487 0.462565
v -6.240114 0.035987 0.462174
v -4.993941 0.049488 1.952756
v -4.993941 0.041438 2.252846
v -5.031312 0.049488 2.131397
v -4.986598 0.032302 2.126715
v -6.080763 0.041438 2.472546
v -5.854075 0.019173 2.481516
v -6.012856 0.049488 2.447740
v -5.993971 0.029300 2.482302
v -4.959761 0.024764 2.504446
v -4.954799 0.030933 4.978707
v -2.485524 0.030968 4.978679
v -2.493941 0.049488 2.517848
v -4.970150 0.003491 4.994055
v -2.470150 0.003491 2.494056
v -4.933895 0.026068 3.744055
v -2.506404 0.026068 3.744055
v -2.470150 0.003491 3.744055
v -3.720149 0.003491 2.494056
v -3.720149 0.026068 2.530308
v -3.720052 0.026068 3.746357
v -3.720150 0.026068 4.957803
v -3.720150 0.003491 4.994055
v -3.751686 0.003491 2.494056
v -3.751314 0.030208 2.508822
v -3.735793 0.033838 4.964102
v -3.688100 0.003491 2.494056
v -3.688368 0.024678 2.504377
v -3.699776 0.036027 4.965876
v -4.970150 0.003491 3.712515
v -4.946358 0.041438 3.713116
v -3.736293 0.034111 3.728964
v -3.688710 0.041438 3.713116
v -2.481758 0.026280 3.712808
v -2.470150 0.003491 3.712515
v -4.970150 0.003491 3.787449
v -4.940700 0.034462 3.767303
v -3.741463 0.036672 3.774138
v -3.678308 0.009696 3.775474
v -2.493941 0.041438 3.786624
v -2.470150 0.003491 3.787449
v -4.393050 0.049487 2.517848
v -4.900955 0.000000 2.980936
v -4.735322 0.049487 2.562319
v -4.893721 0.049487 2.689440
v -3.751088 0.041438 3.477957
v -3.996999 0.041438 3.713116
v -3.770961 0.041438 3.592369
v -3.844002 0.049488 3.673812
v -3.454723 0.018399 3.785391
v -3.688710 0.041438 3.962515
v -3.666353 0.041438 3.827528
v -3.751088 0.041438 3.862830
v -3.806133 0.074062 3.777524
v -3.443874 0.041827 2.508713
v -3.688710 0.045220 2.730944
v -3.708369 0.031826 2.525640
v -3.640401 0.049487 2.563769
v -3.751088 0.041438 2.625697
v -3.796041 0.041438 2.517848
v -3.734670 0.033281 2.524459
v -2.592403 0.047597 3.713116
v -2.493941 0.049488 3.546352
v -2.500875 0.032889 3.730325
v -2.518880 0.049488 3.673478
v -2.634903 0.019395 4.983620
v -2.493941 0.041438 4.901961
v -4.011136 0.049805 4.992317
v -3.751088 0.041438 4.665877
v -3.751442 0.023843 4.984405
v -3.837306 0.049488 4.926250
v -3.776143 0.041438 4.841082
v -3.688710 0.041438 4.862682
v -3.631703 0.041438 4.970262
v -3.688417 0.027274 4.981646
v -4.946358 0.041438 4.706110
v -4.728231 0.014119 4.970270
v -4.896224 0.049488 4.909239
v -4.860725 0.041438 3.786623
v -4.946364 0.041438 3.815130
v -4.955373 0.030228 3.786937
v -4.382070 0.041438 3.786623
v -4.105068 0.041438 3.786623
v -4.213710 0.044890 3.821054
v -4.231528 0.041281 3.787809
v -3.751088 0.041438 2.890634
v -3.751088 0.041438 3.063867
v -3.772402 0.049487 2.960280
v -3.740114 0.035987 2.959890
v -2.493941 0.049488 4.450473
v -2.493941 0.041438 4.750563
v -2.531313 0.049488 4.629113
v -2.486598 0.032302 4.624431
v -3.580763 0.041438 4.970262
v -3.354075 0.019173 4.979232
v -3.512856 0.049488 4.945456
v -3.493971 0.029300 4.980018
v -4.959761 0.024764 5.004444
v -4.954799 0.030933 7.478705
v -2.485524 0.030968 7.478677
v -2.493941 0.049488 5.017846
v -4.970150 0.003491 7.494053
v -2.470150 0.003491 7.494053
v -2.470150 0.003491 4.994055
v -4.933895 0.026068 6.244053
v -2.506404 0.026068 6.244053
v -2.470149 0.003491 6.244053
v -3.720150 0.026068 5.030306
v -3.720052 0.026068 6.246355
v -3.720150 0.026068 7.457801
v -3.720150 0.003491 7.494053
v -3.751686 0.003491 4.994055
v -3.751314 0.030208 5.008821
v -3.735793 0.033838 7.464100
v -3.751686 0.003491 7.494053
v -3.688100 0.003491 4.994055
v -3.688368 0.024678 5.004375
v -3.699776 0.036028 7.465874
v -3.688100 0.003491 7.494053
v -4.970150 0.003491 6.212513
v -4.946358 0.041438 6.213114
v -3.736293 0.034111 6.228962
v -3.688710 0.041438 6.213114
v -2.481758 0.026280 6.212806
v -2.470149 0.003491 6.212513
v -4.970150 0.003491 6.287448
v -4.940700 0.034462 6.267302
v -3.741463 0.036673 6.274137
v -3.678309 0.009696 6.275472
v -2.493941 0.041439 6.286622
v -2.470149 0.003491 6.287448
v -4.393050 0.049488 5.017846
v -4.900955 0.000000 5.480934
v -4.735323 0.049488 5.062318
v -4.893721 0.049488 5.189439
v -3.751088 0.041438 5.977955
v -3.996999 0.041438 6.213114
v -3.770961 0.041438 6.092367
v -3.844002 0.049488 6.173811
v -3.454723 0.018399 6.285390
v -3.688710 0.041438 6.462513
v -3.666353 0.041438 6.327526
v -3.751088 0.041438 6.362828
v -3.806133 0.074062 6.277522
v -3.443874 0.041827 5.008711
v -3.688710 0.045220 5.230943
v -3.708370 0.031826 5.025639
v -3.640401 0.049488 5.063767
v -3.751088 0.041438 5.125695
v -3.796041 0.041438 5.017846
v -3.734670 0.033281 5.024458
v -2.592403 0.047597 6.213115
v -2.493941 0.049488 6.046351
v -2.500874 0.032890 6.230323
v -2.518880 0.049488 6.173477
v -2.634903 0.019395 7.483619
v -2.493941 0.041439 7.401960
v -4.011136 0.049805 7.492315
v -3.751088 0.041438 7.165876
v -3.751442 0.023844 7.484404
v -3.837306 0.049488 7.426248
v -3.776143 0.041439 7.341081
v -3.688710 0.041439 7.362680
v -3.631703 0.041439 7.470260
v -3.688417 0.027274 7.481644
v -4.946358 0.041438 7.206108
v -4.728231 0.014119 7.470268
v -4.896224 0.049488 7.409237
v -4.860725 0.041438 6.286622
v -4.946364 0.041438 6.315128
v -4.955373 0.030229 6.286935
v -4.382070 0.041438 6.286622
v -4.105068 0.041438 6.286622
v -4.213710 0.044890 6.321052
v -4.231528 0.041281 6.287807
v -3.751088 0.041438 5.390632
v -3.751088 0.041438 5.563865
v -3.772401 0.049488 5.460279
v -3.740114 0.035987 5.459888
v -2.493941 0.049488 6.950471
v -2.493941 0.041439 7.250561
v -2.531313 0.049488 7.129111
v -2.486598 0.032302 7.124429
v -3.580763 0.041439 7.470261
v -3.354075 0.019173 7.479230
v -3.512856 0.049488 7.445454
v -3.493971 0.029300 7.480016
v -7.470149 0.003491 2.494056
v -7.459761 0.024764 2.504445
v -7.454799 0.030932 4.978707
v -4.985524 0.030968 4.978679
v -4.993941 0.049487 2.517848
v -7.470149 0.003491 4.994054
v -4.970150 0.003491 2.494056
v -7.470149 0.003491 3.744054
v -7.433894 0.026068 3.744054
v -5.006404 0.026068 3.744055
v -4.970150 0.003491 3.744055
v -6.220149 0.003491 2.494056
v -6.220149 0.026068 2.530308
v -6.220052 0.026068 3.746357
v -6.220150 0.026068 4.957803
v -6.220150 0.003491 4.994054
v -6.251686 0.003491 2.494056
v -6.251314 0.030208 2.508822
v -6.235793 0.033838 4.964101
v -6.251686 0.003491 4.994054
v -6.188100 0.003491 2.494056
v -6.188368 0.024678 2.504377
v -6.199776 0.036027 4.965876
v -6.188100 0.003491 4.994054
v -7.470149 0.003491 3.712515
v -7.446358 0.041438 3.713116
v -6.236293 0.034111 3.728964
v -6.188710 0.041438 3.713116
v -4.981758 0.026280 3.712808
v -7.470149 0.003491 3.787449
v -7.440700 0.034462 3.767303
v -6.241463 0.036672 3.774138
v -6.178308 0.009696 3.775474
v -4.993941 0.041438 3.786623
v -6.893050 0.049487 2.517847
v -7.400955 -0.000000 2.980936
v -7.235323 0.049487 2.562319
v -7.393721 0.049487 2.689440
v -6.251088 0.041438 3.477957
v -6.496999 0.041438 3.713116
v -6.270961 0.041438 3.592368
v -6.344002 0.049487 3.673812
v -5.954723 0.018399 3.785391
v -6.188710 0.041438 3.962515
v -6.166353 0.041438 3.827527
v -6.251088 0.041438 3.862830
v -6.306132 0.074062 3.777523
v -5.943873 0.041827 2.508712
v -6.188710 0.045219 2.730944
v -6.208369 0.031826 2.525640
v -6.140401 0.049487 2.563769
v -6.251088 0.041438 2.625697
v -6.296041 0.041438 2.517848
v -6.234670 0.033281 2.524459
v -5.092403 0.047596 3.713116
v -4.993941 0.049487 3.546352
v -5.000875 0.032889 3.730325
v -5.018880 0.049487 3.673478
v -5.134902 0.019395 4.983620
v -4.993941 0.041438 4.901961
v -6.511136 0.049805 4.992317
v -6.251088 0.041438 4.665877
v -6.251442 0.023843 4.984405
v -6.337306 0.049487 4.926249
v -6.276143 0.041438 4.841082
v -6.188710 0.041438 4.862682
v -6.131703 0.041438 4.970262
v -6.188417 0.027274 4.981646
v -7.446358 0.041438 4.706110
v -7.228231 0.014119 4.970269
v -7.396224 0.049487 4.909239
v -7.360725 0.041438 3.786623
v -7.446364 0.041438 3.815129
v -7.455373 0.030228 3.786936
v -6.882070 0.041438 3.786623
v -6.605067 0.041438 3.786623
v -6.713710 0.044890 3.821054
v -6.731528 0.041280 3.787809
v -6.251088 0.041438 2.890634
v -6.251088 0.041438 3.063867
v -6.272402 0.049487 2.960280
v -6.240114 0.035987 2.959890
v -4.993941 0.049487 4.450472
v -4.993941 0.041438 4.750562
v -5.031312 0.049488 4.629113
v -4.986598 0.032302 4.624430
v -6.080763 0.041438 4.970262
v -5.854075 0.019172 4.979232
v -6.012856 0.049487 4.945455
v -5.993971 0.029300 4.980018
v -7.459761 0.024764 5.004444
v -7.454799 0.030933 7.478705
v -4.985524 0.030968 7.478677
v -4.993941 0.049488 5.017846
v -7.470149 0.003491 7.494053
v -7.470149 0.003491 6.244053
v -7.433894 0.026068 6.244053
v -5.006404 0.026068 6.244053
v -4.970150 0.003491 6.244053
v -6.220150 0.026068 5.030306
v -6.220052 0.026068 6.246355
v -6.220150 0.026068 7.457801
v -6.220150 0.003491 7.494053
v -6.251314 0.030208 5.008821
v -6.235793 0.033838 7.464100
v -6.251686 0.003491 7.494053
v -6.188368 0.024678 5.004375
v -6.199776 0.036027 7.465874
v -6.188100 0.003491 7.494053
v -7.470149 0.003491 6.212513
v -7.446358 0.041438 6.213114
v -6.236293 0.034111 6.228962
v -6.188710 0.041438 6.213114
v -4.981758 0.026280 6.212806
v -7.470149 0.003491 6.287447
v -7.440700 0.034462 6.267301
v -6.241463 0.036672 6.274137
v -6.178308 0.009696 6.275472
v -4.993941 0.041438 6.286622
v -6.893050 0.049487 5.017846
v -7.400955 0.000000 5.480934
v -7.235323 0.049487 5.062318
v -7.393721 0.049487 5.189439
v -6.251088 0.041438 5.977955
v -6.496999 0.041438 6.213114
v -6.270961 0.041438 6.092367
v -6.344002 0.049488 6.173811
v -5.954723 0.018399 6.285389
v -6.188710 0.041438 6.462513
v -6.166353 0.041438 6.327526
v -6.251088 0.041438 6.362828
v -6.306133 0.074062 6.277522
v -5.943873 0.041827 5.008711
v -6.188710 0.045220 5.230943
v -6.208370 0.031826 5.025639
v -6.140401 0.049487 5.063767
v -6.251088 0.041438 5.125695
v -6.296041 0.041438 5.017846
v -6.234670 0.033281 5.024457
v -5.092403 0.047597 6.213114
v -4.993941 0.049488 6.046350
v -5.000875 0.032889 6.230323
v -5.018880 0.049488 6.173477
v -5.134902 0.019395 7.483618
v -4.993941 0.041438 7.401960
v -6.511136 0.049805 7.492315
v -6.251088 0.041438 7.165876
v -6.251442 0.023843 7.484404
v -6.337306 0.049488 7.426248
v -6.276143 0.041438 7.341081
v -6.188710 0.041438 7.362680
v -6.131703 0.041438 7.470260
v -6.188417 0.027274 7.481644
v -7.446358 0.041438 7.206108
v -7.228231 0.014119 7.470268
v -7.396224 0.049488 7.409237
v -7.360725 0.041438 6.286621
v -7.446363 0.041438 6.315128
v -7.455373 0.030228 6.286935
v -6.882070 0.041438 6.286622
v -6.605067 0.041438 6.286622
v -6.713710 0.044890 6.321052
v -6.731528 0.041281 6.287807
v -6.251088 0.041438 5.390632
v -6.251088 0.041438 5.563865
v -6.272401 0.049487 5.460279
v -6.240114 0.035987 5.459888
v -4.993941 0.049488 6.950471
v -4.993941 0.041438 7.250561
v -5.031313 0.049488 7.129111
v -4.986598 0.032302 7.124429
v -6.080763 0.041438 7.470260
v -5.854075 0.019173 7.479230
v -6.012856 0.049488 7.445454
v -5.993971 0.029300 7.480016
v 0.040236 0.024764 2.504445
v 0.045199 0.030933 4.978707
v 2.514473 0.030968 4.978678
v 2.506057 0.049488 2.517848
v 0.029849 0.003491 4.994055
v 2.529848 0.003491 2.494056
v 0.066103 0.026068 3.744055
v 2.493593 0.026068 3.744054
v 2.529848 0.003491 3.744054
v 1.279848 0.003491 2.494055
v 1.279848 0.026068 2.530307
v 1.279946 0.026068 3.746357
v 1.279849 0.026068 4.957803
v 1.279849 0.003491 4.994055
v 1.248312 0.003491 2.494055
v 1.248684 0.030208 2.508821
v 1.264205 0.033838 4.964102
v 1.311898 0.003491 2.494055
v 1.311629 0.024678 2.504376
v 1.300222 0.036027 4.965876
v 0.029848 0.003491 3.712515
v 0.053639 0.041438 3.713116
v 1.263704 0.034111 3.728964
v 1.311287 0.041438 3.713116
v 2.518239 0.026280 3.712807
v 2.529848 0.003491 3.712514
v 0.029848 0.003491 3.787449
v 0.059298 0.034462 3.767303
v 1.258534 0.036672 3.774138
v 1.321689 0.009696 3.775474
v 2.506057 0.041438 3.786623
v 2.529848 0.003491 3.787448
v 0.606948 0.049487 2.517847
v 0.099042 0.000000 2.980936
v 0.264675 0.049487 2.562319
v 0.106277 0.049487 2.689439
v 1.248909 0.041438 3.477957
v 1.002999 0.041438 3.713116
v 1.229036 0.041438 3.592369
v 1.155995 0.049488 3.673812
v 1.545274 0.018399 3.785390
v 1.311287 0.041438 3.962515
v 1.333644 0.041438 3.827528
v 1.248909 0.041438 3.862830
v 1.193865 0.074062 3.777524
v 1.556124 0.041827 2.508712
v 1.311287 0.045220 2.730943
v 1.291628 0.031826 2.525640
v 1.359597 0.049487 2.563768
v 1.248909 0.041438 2.625696
v 1.203957 0.041438 2.517847
v 1.265328 0.033281 2.524458
v 2.407595 0.047597 3.713115
v 2.506057 0.049488 3.546351
v 2.499123 0.032889 3.730324
v 2.481117 0.049488 3.673477
v 2.365095 0.019395 4.983619
v 2.506057 0.041438 4.901960
v 0.988862 0.049805 4.992317
v 1.248909 0.041438 4.665877
v 1.248556 0.023843 4.984405
v 1.162692 0.049488 4.926250
v 1.223855 0.041438 4.841082
v 1.311287 0.041438 4.862682
v 1.368294 0.041438 4.970261
v 1.311581 0.027274 4.981646
v 0.053640 0.041438 4.706110
v 0.271766 0.014119 4.970270
v 0.103774 0.049488 4.909239
v 0.139272 0.041438 3.786623
v 0.053634 0.041438 3.815130
v 0.044625 0.030228 3.786937
v 0.617928 0.041438 3.786623
v 0.894930 0.041438 3.786623
v 0.786287 0.044890 3.821054
v 0.768470 0.041281 3.787809
v 1.248909 0.041438 2.890633
v 1.248909 0.041438 3.063867
v 1.227596 0.049487 2.960280
v 1.259883 0.035987 2.959889
v 2.506057 0.049488 4.450472
v 2.506057 0.041438 4.750562
v 2.468685 0.049488 4.629112
v 2.513400 0.032302 4.624430
v 1.419234 0.041438 4.970261
v 1.645923 0.019173 4.979231
v 1.487142 0.049488 4.945455
v 1.506026 0.029300 4.980017
v 0.040236 0.024764 5.004444
v 0.045198 0.030933 7.478705
v 2.514473 0.030968 7.478676
v 2.506057 0.049488 5.017845
v 0.029848 0.003491 7.494053
v 2.529848 0.003491 7.494052
v 2.529849 0.003491 4.994054
v 0.066103 0.026068 6.244053
v 2.493594 0.026068 6.244052
v 2.529849 0.003491 6.244052
v 1.279849 0.026068 5.030306
v 1.279946 0.026068 6.246355
v 1.279848 0.026068 7.457801
v 1.279848 0.003491 7.494053
v 1.248312 0.003491 4.994055
v 1.248684 0.030208 5.008821
v 1.264205 0.033838 7.464100
v 1.248312 0.003491 7.494053
v 1.311898 0.003491 4.994055
v 1.311629 0.024678 5.004375
v 1.300222 0.036028 7.465874
v 1.311898 0.003491 7.494053
v 0.029849 0.003491 6.212513
v 0.053640 0.041438 6.213114
v 1.263705 0.034111 6.228962
v 1.311287 0.041438 6.213114
v 2.518239 0.026280 6.212805
v 2.529849 0.003491 6.212512
v 0.029849 0.003491 6.287448
v 0.059298 0.034462 6.267302
v 1.258535 0.036673 6.274137
v 1.321689 0.009696 6.275472
v 2.506057 0.041439 6.286621
v 2.529849 0.003491 6.287447
v 0.606948 0.049488 5.017846
v 0.099042 0.000000 5.480934
v 0.264675 0.049488 5.062318
v 0.106277 0.049488 5.189439
v 1.248909 0.041438 5.977955
v 1.002999 0.041438 6.213114
v 1.229037 0.041438 6.092367
v 1.155996 0.049488 6.173811
v 1.545274 0.018399 6.285389
v 1.311287 0.041438 6.462513
v 1.333645 0.041438 6.327526
v 1.248909 0.041438 6.362828
v 1.193865 0.074062 6.277522
v 1.556124 0.041827 5.008710
v 1.311287 0.045220 5.230943
v 1.291628 0.031826 5.025639
v 1.359597 0.049488 5.063766
v 1.248909 0.041438 5.125695
v 1.203957 0.041438 5.017846
v 1.265328 0.033281 5.024458
v 2.407595 0.047597 6.213114
v 2.506057 0.049488 6.046350
v 2.499123 0.032890 6.230322
v 2.481118 0.049488 6.173476
v 2.365095 0.019395 7.483618
v 2.506057 0.041439 7.401959
v 0.988862 0.049805 7.492315
v 1.248909 0.041438 7.165876
v 1.248556 0.023844 7.484404
v 1.162691 0.049488 7.426248
v 1.223855 0.041439 7.341081
v 1.311287 0.041439 7.362680
v 1.368294 0.041439 7.470259
v 1.311580 0.027274 7.481644
v 0.053640 0.041438 7.206108
v 0.271766 0.014119 7.470268
v 0.103774 0.049488 7.409237
v 0.139272 0.041438 6.286622
v 0.053634 0.041438 6.315128
v 0.044625 0.030229 6.286935
v 0.617928 0.041438 6.286622
v 0.894930 0.041438 6.286622
v 0.786288 0.044890 6.321052
v 0.768470 0.041281 6.287807
v 1.248909 0.041438 5.390632
v 1.248909 0.041438 5.563865
v 1.227596 0.049488 5.460279
v 1.259884 0.035987 5.459888
v 2.506057 0.049488 6.950470
v 2.506057 0.041439 7.250560
v 2.468685 0.049488 7.129110
v 2.513399 0.032302 7.124428
v 1.419234 0.041439 7.470260
v 1.645922 0.019173 7.479229
v 1.487142 0.049488 7.445453
v 1.506026 0.029300 7.480015
v -2.470152 0.003491 2.494056
v -2.459764 0.024764 2.504445
v -2.454801 0.030932 4.978707
v 0.014474 0.030968 4.978679
v 0.006057 0.049487 2.517847
v -2.470152 0.003491 4.994054
v 0.029848 0.003491 2.494055
v -2.470152 0.003491 3.744054
v -2.433897 0.026068 3.744054
v -0.006407 0.026068 3.744055
v 0.029848 0.003491 3.744055
v -1.220152 0.003491 2.494055
v -1.220152 0.026068 2.530307
v -1.220054 0.026068 3.746357
v -1.220152 0.026068 4.957803
v -1.220152 0.003491 4.994054
v -1.251688 0.003491 2.494055
v -1.251316 0.030208 2.508821
v -1.235795 0.033838 4.964101
v -1.251689 0.003491 4.994054
v -1.188102 0.003491 2.494055
v -1.188371 0.024678 2.504376
v -1.199778 0.036027 4.965876
v -1.188102 0.003491 4.994054
v -2.470152 0.003491 3.712515
v -2.446360 0.041438 3.713116
v -1.236295 0.034111 3.728964
v -1.188712 0.041438 3.713116
v 0.018239 0.026280 3.712808
v -2.470152 0.003491 3.787449
v -2.440702 0.034462 3.767303
v -1.241465 0.036672 3.774138
v -1.178311 0.009696 3.775474
v 0.006057 0.041438 3.786623
v -1.893052 0.049487 2.517847
v -2.400957 -0.000000 2.980936
v -2.235325 0.049487 2.562319
v -2.393723 0.049487 2.689440
v -1.251090 0.041438 3.477957
v -1.497001 0.041438 3.713116
v -1.270963 0.041438 3.592368
v -1.344004 0.049487 3.673812
v -0.954726 0.018399 3.785391
v -1.188712 0.041438 3.962515
v -1.166355 0.041438 3.827527
v -1.251090 0.041438 3.862830
v -1.306135 0.074062 3.777523
v -0.943876 0.041827 2.508712
v -1.188713 0.045219 2.730943
v -1.208372 0.031826 2.525640
v -1.140403 0.049487 2.563768
v -1.251091 0.041438 2.625696
v -1.296043 0.041438 2.517847
v -1.234672 0.033281 2.524458
v -0.092405 0.047596 3.713116
v 0.006057 0.049487 3.546352
v -0.000877 0.032889 3.730325
v -0.018882 0.049487 3.673478
v -0.134905 0.019395 4.983620
v 0.006057 0.041438 4.901961
v -1.511138 0.049805 4.992317
v -1.251090 0.041438 4.665877
v -1.251445 0.023843 4.984405
v -1.337309 0.049487 4.926249
v -1.276145 0.041438 4.841082
v -1.188712 0.041438 4.862682
v -1.131706 0.041438 4.970262
v -1.188420 0.027274 4.981646
v -2.446360 0.041438 4.706110
v -2.228234 0.014119 4.970269
v -2.396226 0.049487 4.909239
v -2.360728 0.041438 3.786623
v -2.446366 0.041438 3.815129
v -2.455375 0.030228 3.786936
v -1.882072 0.041438 3.786623
v -1.605070 0.041438 3.786623
v -1.713712 0.044890 3.821054
v -1.731530 0.041280 3.787809
v -1.251091 0.041438 2.890633
v -1.251090 0.041438 3.063867
v -1.272404 0.049487 2.960280
v -1.240116 0.035987 2.959889
v 0.006056 0.049487 4.450472
v 0.006057 0.041438 4.750562
v -0.031315 0.049488 4.629113
v 0.013400 0.032302 4.624430
v -1.080766 0.041438 4.970262
v -0.854077 0.019172 4.979232
v -1.012858 0.049487 4.945455
v -0.993974 0.029300 4.980018
v -2.459764 0.024764 5.004444
v -2.454801 0.030933 7.478705
v 0.014473 0.030968 7.478677
v 0.006057 0.049488 5.017846
v -2.470152 0.003491 7.494053
v -2.470151 0.003491 6.244053
v -2.433897 0.026068 6.244053
v -0.006406 0.026068 6.244053
v 0.029849 0.003491 6.244053
v -1.220152 0.026068 5.030306
v -1.220054 0.026068 6.246355
v -1.220152 0.026068 7.457801
v -1.220152 0.003491 7.494053
v -1.251316 0.030208 5.008821
v -1.235795 0.033838 7.464100
v -1.251688 0.003491 7.494053
v -1.188371 0.024678 5.004375
v -1.199778 0.036027 7.465874
v -1.188102 0.003491 7.494053
v -2.470151 0.003491 6.212513
v -2.446360 0.041438 6.213114
v -1.236295 0.034111 6.228962
v -1.188712 0.041438 6.213114
v 0.018239 0.026280 6.212806
v -2.470151 0.003491 6.287447
v -2.440702 0.034462 6.267301
v -1.241465 0.036672 6.274137
v -1.178311 0.009696 6.275472
v 0.006057 0.041438 6.286622
v -1.893052 0.049487 5.017846
v -2.400958 0.000000 5.480934
v -2.235325 0.049487 5.062318
v -2.393723 0.049487 5.189439
v -1.251091 0.041438 5.977955
v -1.497001 0.041438 6.213114
v -1.270963 0.041438 6.092367
v -1.344004 0.049488 6.173811
v -0.954726 0.018399 6.285389
v -1.188712 0.041438 6.462513
v -1.166355 0.041438 6.327526
v -1.251090 0.041438 6.362828
v -1.306135 0.074062 6.277522
v -0.943876 0.041827 5.008711
v -1.188712 0.045220 5.230943
v -1.208372 0.031826 5.025639
v -1.140403 0.049487 5.063767
v -1.251090 0.041438 5.125695
v -1.296043 0.041438 5.017846
v -1.234672 0.033281 5.024457
v -0.092405 0.047597 6.213114
v 0.006057 0.049488 6.046350
v -0.000877 0.032889 6.230323
v -0.018882 0.049488 6.173477
v -0.134905 0.019395 7.483618
v 0.006057 0.041438 7.401960
v -1.511138 0.049805 7.492315
v -1.251091 0.041438 7.165876
v -1.251444 0.023843 7.484404
v -1.337309 0.049488 7.426248
v -1.276145 0.041438 7.341081
v -1.188713 0.041438 7.362680
v -1.131706 0.041438 7.470260
v -1.188420 0.027274 7.481644
v -2.446360 0.041438 7.206108
v -2.228234 0.014119 7.470268
v -2.396226 0.049488 7.409237
v -2.360728 0.041438 6.286621
v -2.446366 0.041438 6.315128
v -2.455375 0.030228 6.286935
v -1.882072 0.041438 6.286622
v -1.605070 0.041438 6.286622
v -1.713712 0.044890 6.321052
v -1.731530 0.041281 6.287807
v -1.251090 0.041438 5.390632
v -1.251090 0.041438 5.563865
v -1.272404 0.049487 5.460279
v -1.240116 0.035987 5.459888
v 0.006057 0.049488 6.950471
v 0.006057 0.041438 7.250561
v -0.031315 0.049488 7.129111
v 0.013399 0.032302 7.124429
v -1.080766 0.041438 7.470260
v -0.854078 0.019173 7.479230
v -1.012858 0.049488 7.445454
v -0.993974 0.029300 7.480016
v 0.040236 0.024764 -2.490688
v 0.045199 0.030933 -0.016426
v 2.514474 0.030968 -0.016455
v 2.506057 0.049488 -2.477286
v 0.029849 0.003491 -0.001079
v 2.529848 0.003491 -2.501077
v 0.066103 0.026068 -1.251079
v 2.493593 0.026068 -1.251079
v 2.529848 0.003491 -1.251079
v 1.279848 0.003491 -2.501077
v 1.279848 0.026068 -2.464826
v 1.279946 0.026068 -1.248776
v 1.279849 0.026068 -0.037331
v 1.279849 0.003491 -0.001079
v 1.248312 0.003491 -2.501077
v 1.248683 0.030208 -2.486311
v 1.264205 0.033838 -0.031032
v 1.311898 0.003491 -2.501077
v 1.311629 0.024678 -2.490757
v 1.300222 0.036027 -0.029257
v 0.029849 0.003491 -1.282619
v 0.053640 0.041438 -1.282018
v 1.263705 0.034111 -1.266170
v 1.311288 0.041438 -1.282018
v 2.518239 0.026280 -1.282326
v 2.529848 0.003491 -1.282619
v 0.029849 0.003491 -1.207684
v 0.059298 0.034462 -1.227831
v 1.258535 0.036672 -1.220994
v 1.321689 0.009696 -1.219660
v 2.506057 0.041438 -1.208510
v 2.529848 0.003491 -1.207684
v 0.606948 0.049487 -2.477286
v 0.099042 0.000000 -2.014197
v 0.264675 0.049487 -2.432814
v 0.106277 0.049487 -2.305693
v 1.248910 0.041438 -1.517177
v 1.002999 0.041438 -1.282018
v 1.229037 0.041438 -1.402765
v 1.155996 0.049488 -1.321321
v 1.545275 0.018399 -1.209742
v 1.311288 0.041438 -1.032619
v 1.333645 0.041438 -1.167606
v 1.248910 0.041438 -1.132303
v 1.193865 0.074062 -1.217610
v 1.556124 0.041827 -2.486421
v 1.311287 0.045220 -2.264189
v 1.291628 0.031826 -2.469493
v 1.359597 0.049487 -2.431365
v 1.248909 0.041438 -2.369437
v 1.203957 0.041438 -2.477286
v 1.265328 0.033281 -2.470674
v 2.407595 0.047597 -1.282017
v 2.506057 0.049488 -1.448781
v 2.499124 0.032889 -1.264809
v 2.481118 0.049488 -1.321655
v 2.365095 0.019395 -0.011514
v 2.506057 0.041438 -0.093172
v 0.988862 0.049805 -0.002816
v 1.248910 0.041438 -0.329256
v 1.248556 0.023843 -0.010728
v 1.162692 0.049488 -0.068884
v 1.223855 0.041438 -0.154051
v 1.311288 0.041438 -0.132451
v 1.368295 0.041438 -0.024872
v 1.311581 0.027274 -0.013487
v 0.053640 0.041438 -0.289023
v 0.271766 0.014119 -0.024864
v 0.103774 0.049488 -0.085895
v 0.139272 0.041438 -1.208510
v 0.053634 0.041438 -1.180004
v 0.044625 0.030228 -1.208197
v 0.617929 0.041438 -1.208510
v 0.894930 0.041438 -1.208510
v 0.786288 0.044890 -1.174080
v 0.768470 0.041281 -1.207324
v 1.248909 0.041438 -2.104500
v 1.248909 0.041438 -1.931267
v 1.227596 0.049487 -2.034853
v 1.259883 0.035987 -2.035244
v 2.506057 0.049488 -0.544661
v 2.506057 0.041438 -0.244571
v 2.468685 0.049488 -0.366020
v 2.513399 0.032302 -0.370703
v 1.419234 0.041438 -0.024872
v 1.645923 0.019173 -0.015902
v 1.487142 0.049488 -0.049678
v 1.506026 0.029300 -0.015116
v 0.040236 0.024764 0.009311
v 0.045198 0.030933 2.483572
v 2.514473 0.030968 2.483544
v 2.506057 0.049488 0.022713
v 0.029848 0.003491 2.498919
v 2.529848 0.003491 2.498919
v 2.529848 0.003491 -0.001079
v 0.066103 0.026068 1.248919
v 2.493593 0.026068 1.248920
v 2.529848 0.003491 1.248920
v 1.279849 0.026068 0.035173
v 1.279946 0.026068 1.251222
v 1.279848 0.026068 2.462667
v 1.279848 0.003491 2.498919
v 1.248312 0.003491 -0.001079
v 1.248684 0.030208 0.013687
v 1.264205 0.033838 2.468966
v 1.248312 0.003491 2.498919
v 1.311898 0.003491 -0.001079
v 1.311629 0.024678 0.009242
v 1.300222 0.036028 2.470741
v 1.311898 0.003491 2.498919
v 0.029849 0.003491 1.217380
v 0.053640 0.041438 1.217981
v 1.263704 0.034111 1.233829
v 1.311287 0.041438 1.217981
v 2.518239 0.026280 1.217673
v 2.529848 0.003491 1.217380
v 0.029849 0.003491 1.292314
v 0.059298 0.034462 1.272168
v 1.258535 0.036673 1.279004
v 1.321689 0.009696 1.280339
v 2.506057 0.041439 1.291489
v 2.529848 0.003491 1.292315
v 0.606948 0.049488 0.022713
v 0.099042 0.000000 0.485801
v 0.264675 0.049488 0.067184
v 0.106277 0.049488 0.194305
v 1.248909 0.041438 0.982821
v 1.002999 0.041438 1.217981
v 1.229036 0.041438 1.097234
v 1.155996 0.049488 1.178677
v 1.545274 0.018399 1.290256
v 1.311287 0.041438 1.467380
v 1.333645 0.041438 1.332392
v 1.248909 0.041438 1.367695
v 1.193865 0.074062 1.282389
v 1.556124 0.041827 0.013577
v 1.311288 0.045220 0.235809
v 1.291628 0.031826 0.030505
v 1.359597 0.049488 0.068634
v 1.248910 0.041438 0.130562
v 1.203958 0.041438 0.022713
v 1.265328 0.033281 0.029324
v 2.407595 0.047597 1.217981
v 2.506057 0.049488 1.051218
v 2.499124 0.032890 1.235190
v 2.481118 0.049488 1.178343
v 2.365095 0.019395 2.488485
v 2.506057 0.041439 2.406826
v 0.988862 0.049805 2.497182
v 1.248909 0.041438 2.170743
v 1.248556 0.023844 2.489270
v 1.162691 0.049488 2.431114
v 1.223855 0.041439 2.345947
v 1.311287 0.041439 2.367548
v 1.368294 0.041439 2.475127
v 1.311581 0.027274 2.486511
v 0.053640 0.041438 2.210975
v 0.271766 0.014119 2.475134
v 0.103774 0.049488 2.414104
v 0.139272 0.041438 1.291488
v 0.053634 0.041438 1.319995
v 0.044625 0.030229 1.291801
v 0.617928 0.041438 1.291488
v 0.894930 0.041438 1.291489
v 0.786287 0.044890 1.325919
v 0.768470 0.041281 1.292675
v 1.248910 0.041438 0.395499
v 1.248910 0.041438 0.568732
v 1.227596 0.049488 0.465146
v 1.259884 0.035987 0.464755
v 2.506057 0.049488 1.955338
v 2.506057 0.041439 2.255427
v 2.468685 0.049488 2.133978
v 2.513399 0.032302 2.129296
v 1.419234 0.041439 2.475127
v 1.645922 0.019173 2.484097
v 1.487142 0.049488 2.450320
v 1.506026 0.029300 2.484883
v -2.470151 0.003491 -2.501077
v -2.459763 0.024764 -2.490688
v -2.454801 0.030932 -0.016426
v 0.014474 0.030968 -0.016455
v 0.006057 0.049487 -2.477286
v -2.470151 0.003491 -0.001079
v 0.029848 0.003491 -2.501077
v -2.470152 0.003491 -1.251079
v -2.433897 0.026068 -1.251079
v -0.006406 0.026068 -1.251079
v 0.029849 0.003491 -1.251079
v -1.220152 0.003491 -2.501077
v -1.220152 0.026068 -2.464825
v -1.220054 0.026068 -1.248776
v -1.220151 0.026068 -0.037331
v -1.220151 0.003491 -0.001079
v -1.251688 0.003491 -2.501077
v -1.251316 0.030208 -2.486311
v -1.235795 0.033838 -0.031032
v -1.251688 0.003491 -0.001079
v -1.188102 0.003491 -2.501077
v -1.188370 0.024678 -2.490756
v -1.199778 0.036027 -0.029258
v -1.188102 0.003491 -0.001079
v -2.470152 0.003491 -1.282619
v -2.446360 0.041438 -1.282018
v -1.236295 0.034111 -1.266170
v -1.188712 0.041438 -1.282017
v 0.018239 0.026280 -1.282326
v -2.470152 0.003491 -1.207684
v -2.440702 0.034462 -1.227831
v -1.241465 0.036672 -1.220995
v -1.178311 0.009696 -1.219660
v 0.006057 0.041438 -1.208510
v -1.893052 0.049487 -2.477286
v -2.400957 -0.000000 -2.014197
v -2.235325 0.049487 -2.432814
v -2.393723 0.049487 -2.305693
v -1.251090 0.041438 -1.517177
v -1.497001 0.041438 -1.282017
v -1.270963 0.041438 -1.402765
v -1.344004 0.049487 -1.321321
v -0.954725 0.018399 -1.209742
v -1.188712 0.041438 -1.032619
v -1.166355 0.041438 -1.167606
v -1.251090 0.041438 -1.132303
v -1.306135 0.074062 -1.217610
v -0.943876 0.041827 -2.486421
v -1.188712 0.045219 -2.264189
v -1.208372 0.031826 -2.469493
v -1.140403 0.049487 -2.431364
v -1.251090 0.041438 -2.369437
v -1.296043 0.041438 -2.477286
v -1.234672 0.033281 -2.470674
v -0.092405 0.047596 -1.282018
v 0.006057 0.049487 -1.448781
v -0.000876 0.032889 -1.264809
v -0.018882 0.049487 -1.321655
v -0.134905 0.019395 -0.011514
v 0.006057 0.041438 -0.093172
v -1.511138 0.049805 -0.002816
v -1.251090 0.041438 -0.329256
v -1.251444 0.023843 -0.010729
v -1.337308 0.049487 -0.068884
v -1.276145 0.041438 -0.154052
v -1.188712 0.041438 -0.132451
v -1.131705 0.041438 -0.024872
v -1.188419 0.027274 -0.013488
v -2.446360 0.041438 -0.289023
v -2.228234 0.014119 -0.024863
v -2.396226 0.049487 -0.085895
v -2.360728 0.041438 -1.208510
v -2.446366 0.041438 -1.180003
v -2.455375 0.030228 -1.208197
v -1.882072 0.041438 -1.208510
v -1.605070 0.041438 -1.208510
v -1.713712 0.044890 -1.174080
v -1.731530 0.041280 -1.207324
v -1.251090 0.041438 -2.104500
v -1.251090 0.041438 -1.931267
v -1.272404 0.049487 -2.034853
v -1.240116 0.035987 -2.035243
v 0.006057 0.049487 -0.544661
v 0.006057 0.041438 -0.244571
v -0.031315 0.049488 -0.366020
v 0.013400 0.032302 -0.370703
v -1.080765 0.041438 -0.024872
v -0.854077 0.019172 -0.015902
v -1.012858 0.049487 -0.049678
v -0.993973 0.029300 -0.015116
v -2.459763 0.024764 0.009311
v -2.454801 0.030933 2.483572
v 0.014473 0.030968 2.483543
v 0.006057 0.049488 0.022713
v -2.470152 0.003491 2.498919
v -2.470151 0.003491 1.248919
v -2.433897 0.026068 1.248919
v -0.006406 0.026068 1.248919
v 0.029849 0.003491 1.248919
v -1.220151 0.026068 0.035172
v -1.220054 0.026068 1.251222
v -1.220152 0.026068 2.462667
v -1.220152 0.003491 2.498919
v -1.251316 0.030208 0.013687
v -1.235795 0.033838 2.468966
v -1.251688 0.003491 2.498919
v -1.188370 0.024678 0.009242
v -1.199778 0.036027 2.470741
v -1.188102 0.003491 2.498919
v -2.470151 0.003491 1.217380
v -2.446360 0.041438 1.217981
v -1.236295 0.034111 1.233829
v -1.188712 0.041438 1.217981
v 0.018239 0.026280 1.217672
v -2.470151 0.003491 1.292315
v -2.440702 0.034462 1.272168
v -1.241465 0.036672 1.279004
v -1.178311 0.009696 1.280338
v 0.006057 0.041438 1.291488
v -1.893052 0.049487 0.022713
v -2.400957 0.000000 0.485801
v -2.235325 0.049487 0.067184
v -2.393723 0.049487 0.194305
v -1.251090 0.041438 0.982821
v -1.497001 0.041438 1.217981
v -1.270963 0.041438 1.097233
v -1.344004 0.049488 1.178677
v -0.954725 0.018399 1.290256
v -1.188712 0.041438 1.467379
v -1.166355 0.041438 1.332392
v -1.251090 0.041438 1.367695
v -1.306135 0.074062 1.282388
v -0.943876 0.041827 0.013577
v -1.188712 0.045220 0.235809
v -1.208372 0.031826 0.030505
v -1.140403 0.049487 0.068634
v -1.251090 0.041438 0.130561
v -1.296042 0.041438 0.022712
v -1.234672 0.033281 0.029324
v -0.092405 0.047597 1.217981
v 0.006057 0.049488 1.051218
v -0.000877 0.032889 1.235189
v -0.018882 0.049488 1.178343
v -0.134905 0.019395 2.488485
v 0.006057 0.041438 2.406826
v -1.511138 0.049805 2.497182
v -1.251091 0.041438 2.170743
v -1.251444 0.023843 2.489270
v -1.337309 0.049488 2.431114
v -1.276145 0.041438 2.345947
v -1.188713 0.041438 2.367548
v -1.131706 0.041438 2.475127
v -1.188420 0.027274 2.486511
v -2.446360 0.041438 2.210975
v -2.228234 0.014119 2.475135
v -2.396226 0.049488 2.414104
v -2.360728 0.041438 1.291489
v -2.446366 0.041438 1.319995
v -2.455375 0.030228 1.291802
v -1.882072 0.041438 1.291489
v -1.605070 0.041438 1.291488
v -1.713712 0.044890 1.325918
v -1.731530 0.041281 1.292674
v -1.251090 0.041438 0.395498
v -1.251090 0.041438 0.568731
v -1.272404 0.049487 0.465146
v -1.240116 0.035987 0.464755
v 0.006057 0.049488 1.955337
v 0.006057 0.041438 2.255427
v -0.031315 0.049488 2.133978
v 0.013399 0.032302 2.129295
v -1.080766 0.041438 2.475127
v -0.854078 0.019173 2.484097
v -1.012858 0.049488 2.450320
v -0.993974 0.029300 2.484882
v 0.040237 0.024764 -7.485536
v 0.045199 0.030933 -5.011274
v 2.514473 0.030968 -5.011303
v 2.506057 0.049488 -7.472134
v 0.029849 0.003491 -4.995927
v 2.529849 0.003491 -7.495925
v 0.066103 0.026068 -6.245927
v 2.493594 0.026068 -6.245927
v 2.529849 0.003491 -6.245927
v 1.279849 0.003491 -7.495925
v 1.279849 0.026068 -7.459673
v 1.279946 0.026068 -6.243624
v 1.279849 0.026068 -5.032178
v 1.279849 0.003491 -4.995927
v 1.248312 0.003491 -7.495925
v 1.248684 0.030208 -7.481159
v 1.264205 0.033838 -5.025880
v 1.311898 0.003491 -7.495925
v 1.311630 0.024678 -7.485604
v 1.300222 0.036027 -5.024105
v 0.029849 0.003491 -6.277466
v 0.053640 0.041438 -6.276865
v 1.263705 0.034111 -6.261018
v 1.311288 0.041438 -6.276865
v 2.518239 0.026280 -6.277174
v 2.529849 0.003491 -6.277466
v 0.029849 0.003491 -6.202532
v 0.059298 0.034462 -6.222678
v 1.258535 0.036672 -6.215842
v 1.321689 0.009696 -6.214507
v 2.506057 0.041438 -6.203358
v 2.529849 0.003491 -6.202532
v 0.606948 0.049487 -7.472134
v 0.099043 0.000000 -7.009045
v 0.264675 0.049487 -7.427662
v 0.106277 0.049487 -7.300541
v 1.248910 0.041438 -6.512024
v 1.002999 0.041438 -6.276865
v 1.229037 0.041438 -6.397613
v 1.155996 0.049488 -6.316169
v 1.545275 0.018399 -6.204590
v 1.311288 0.041438 -6.027467
v 1.333645 0.041438 -6.162454
v 1.248910 0.041438 -6.127151
v 1.193865 0.074062 -6.212458
v 1.556124 0.041827 -7.481269
v 1.311288 0.045220 -7.259037
v 1.291628 0.031826 -7.464341
v 1.359597 0.049487 -7.426212
v 1.248910 0.041438 -7.364285
v 1.203958 0.041438 -7.472134
v 1.265328 0.033281 -7.465522
v 2.407595 0.047597 -6.276865
v 2.506057 0.049488 -6.443629
v 2.499123 0.032889 -6.259656
v 2.481118 0.049488 -6.316503
v 2.365095 0.019395 -5.006361
v 2.506057 0.041438 -5.088019
v 0.988862 0.049805 -4.997663
v 1.248909 0.041438 -5.324103
v 1.248556 0.023843 -5.005576
v 1.162692 0.049488 -5.063732
v 1.223855 0.041438 -5.148899
v 1.311287 0.041438 -5.127299
v 1.368294 0.041438 -5.019720
v 1.311581 0.027274 -5.008335
v 0.053640 0.041438 -5.283871
v 0.271766 0.014119 -5.019711
v 0.103774 0.049488 -5.080742
v 0.139272 0.041438 -6.203358
v 0.053634 0.041438 -6.174851
v 0.044625 0.030228 -6.203045
v 0.617929 0.041438 -6.203358
v 0.894930 0.041438 -6.203358
v 0.786288 0.044890 -6.168928
v 0.768470 0.041281 -6.202171
v 1.248910 0.041438 -7.099348
v 1.248910 0.041438 -6.926115
v 1.227596 0.049487 -7.029700
v 1.259884 0.035987 -7.030091
v 2.506057 0.049488 -5.539509
v 2.506057 0.041438 -5.239419
v 2.468685 0.049488 -5.360868
v 2.513400 0.032302 -5.365551
v 1.419234 0.041438 -5.019720
v 1.645923 0.019173 -5.010749
v 1.487142 0.049488 -5.044526
v 1.506026 0.029300 -5.009964
v 0.040236 0.024764 -4.985537
v 0.045198 0.030933 -2.511276
v 2.514473 0.030968 -2.511304
v 2.506057 0.049488 -4.972135
v 0.029848 0.003491 -2.495929
v 2.529848 0.003491 -2.495928
v 2.529849 0.003491 -4.995927
v 0.066103 0.026068 -3.745928
v 2.493594 0.026068 -3.745928
v 2.529849 0.003491 -3.745928
v 1.279849 0.026068 -4.959675
v 1.279946 0.026068 -3.743626
v 1.279848 0.026068 -2.532180
v 1.279848 0.003491 -2.495929
v 1.248312 0.003491 -4.995927
v 1.248684 0.030208 -4.981161
v 1.264205 0.033838 -2.525882
v 1.248312 0.003491 -2.495929
v 1.311898 0.003491 -4.995927
v 1.311629 0.024678 -4.985606
v 1.300222 0.036028 -2.524107
v 1.311898 0.003491 -2.495929
v 0.029849 0.003491 -3.777468
v 0.053640 0.041438 -3.776867
v 1.263705 0.034111 -3.761019
v 1.311287 0.041438 -3.776867
v 2.518239 0.026280 -3.777175
v 2.529849 0.003491 -3.777468
v 0.029849 0.003491 -3.702533
v 0.059298 0.034462 -3.722680
v 1.258535 0.036673 -3.715844
v 1.321689 0.009696 -3.714509
v 2.506057 0.041439 -3.703359
v 2.529849 0.003491 -3.702533
v 0.606948 0.049488 -4.972135
v 0.099042 0.000000 -4.509047
v 0.264675 0.049488 -4.927663
v 0.106277 0.049488 -4.800542
v 1.248909 0.041438 -4.012026
v 1.002999 0.041438 -3.776867
v 1.229037 0.041438 -3.897614
v 1.155996 0.049488 -3.816170
v 1.545274 0.018399 -3.704592
v 1.311287 0.041438 -3.527468
v 1.333645 0.041438 -3.662455
v 1.248909 0.041438 -3.627153
v 1.193865 0.074062 -3.712459
v 1.556124 0.041827 -4.981270
v 1.311287 0.045220 -4.759038
v 1.291628 0.031826 -4.964343
v 1.359597 0.049488 -4.926214
v 1.248909 0.041438 -4.864286
v 1.203957 0.041438 -4.972135
v 1.265328 0.033281 -4.965524
v 2.407595 0.047597 -3.776867
v 2.506057 0.049488 -3.943630
v 2.499123 0.032890 -3.759658
v 2.481118 0.049488 -3.816504
v 2.365095 0.019395 -2.506363
v 2.506057 0.041439 -2.588021
v 0.988862 0.049805 -2.497665
v 1.248909 0.041438 -2.824105
v 1.248556 0.023844 -2.505578
v 1.162691 0.049488 -2.563734
v 1.223855 0.041439 -2.648901
v 1.311287 0.041439 -2.627301
v 1.368294 0.041439 -2.519721
v 1.311580 0.027274 -2.508337
v 0.053640 0.041438 -2.783873
v 0.271766 0.014119 -2.519713
v 0.103774 0.049488 -2.580744
v 0.139272 0.041438 -3.703359
v 0.053634 0.041438 -3.674853
v 0.044625 0.030229 -3.703046
v 0.617928 0.041438 -3.703359
v 0.894930 0.041438 -3.703359
v 0.786288 0.044890 -3.668929
v 0.768470 0.041281 -3.702173
v 1.248909 0.041438 -4.599349
v 1.248909 0.041438 -4.426116
v 1.227596 0.049488 -4.529702
v 1.259884 0.035987 -4.530093
v 2.506057 0.049488 -3.039510
v 2.506057 0.041439 -2.739421
v 2.468685 0.049488 -2.860870
v 2.513399 0.032302 -2.865552
v 1.419234 0.041439 -2.519721
v 1.645922 0.019173 -2.510751
v 1.487142 0.049488 -2.544528
v 1.506026 0.029300 -2.509965
v -2.470151 0.003491 -7.495925
v -2.459763 0.024764 -7.485536
v -2.454801 0.030932 -5.011274
v 0.014474 0.030968 -5.011303
v 0.006057 0.049487 -7.472134
v -2.470151 0.003491 -4.995927
v 0.029849 0.003491 -7.495925
v -2.470151 0.003491 -6.245927
v -2.433897 0.026068 -6.245927
v -0.006406 0.026068 -6.245927
v 0.029849 0.003491 -6.245927
v -1.220152 0.003491 -7.495925
v -1.220152 0.026068 -7.459673
v -1.220054 0.026068 -6.243624
v -1.220151 0.026068 -5.032178
v -1.220151 0.003491 -4.995927
v -1.251688 0.003491 -7.495925
v -1.251316 0.030208 -7.481159
v -1.235795 0.033838 -5.025880
v -1.251688 0.003491 -4.995927
v -1.188102 0.003491 -7.495925
v -1.188370 0.024678 -7.485604
v -1.199778 0.036027 -5.024105
v -1.188102 0.003491 -4.995927
v -2.470151 0.003491 -6.277467
v -2.446360 0.041438 -6.276865
v -1.236295 0.034111 -6.261018
v -1.188712 0.041438 -6.276865
v 0.018239 0.026280 -6.277174
v -2.470151 0.003491 -6.202532
v -2.440702 0.034462 -6.222678
v -1.241465 0.036672 -6.215842
v -1.178311 0.009696 -6.214507
v 0.006057 0.041438 -6.203358
v -1.893052 0.049487 -7.472134
v -2.400957 -0.000000 -7.009045
v -2.235325 0.049487 -7.427662
v -2.393723 0.049487 -7.300541
v -1.251090 0.041438 -6.512024
v -1.497001 0.041438 -6.276865
v -1.270963 0.041438 -6.397613
v -1.344004 0.049487 -6.316169
v -0.954725 0.018399 -6.204590
v -1.188712 0.041438 -6.027467
v -1.166355 0.041438 -6.162454
v -1.251090 0.041438 -6.127151
v -1.306135 0.074062 -6.212458
v -0.943876 0.041827 -7.481269
v -1.188712 0.045219 -7.259037
v -1.208372 0.031826 -7.464341
v -1.140403 0.049487 -7.426212
v -1.251090 0.041438 -7.364285
v -1.296043 0.041438 -7.472134
v -1.234672 0.033281 -7.465522
v -0.092405 0.047596 -6.276865
v 0.006057 0.049487 -6.443629
v -0.000876 0.032889 -6.259656
v -0.018882 0.049487 -6.316503
v -0.134905 0.019395 -5.006361
v 0.006057 0.041438 -5.088019
v -1.511138 0.049805 -4.997663
v -1.251090 0.041438 -5.324103
v -1.251444 0.023843 -5.005576
v -1.337308 0.049487 -5.063732
v -1.276145 0.041438 -5.148899
v -1.188712 0.041438 -5.127299
v -1.131705 0.041438 -5.019720
v -1.188419 0.027274 -5.008335
v -2.446360 0.041438 -5.283871
v -2.228234 0.014119 -5.019711
v -2.396226 0.049487 -5.080742
v -2.360728 0.041438 -6.203358
v -2.446366 0.041438 -6.174851
v -2.455375 0.030228 -6.203045
v -1.882071 0.041438 -6.203358
v -1.605069 0.041438 -6.203358
v -1.713712 0.044890 -6.168928
v -1.731530 0.041280 -6.202171
v -1.251090 0.041438 -7.099348
v -1.251090 0.041438 -6.926115
v -1.272404 0.049487 -7.029700
v -1.240116 0.035987 -7.030091
v 0.006057 0.049487 -5.539509
v 0.006057 0.041438 -5.239419
v -0.031315 0.049488 -5.360868
v 0.013400 0.032302 -5.365551
v -1.080765 0.041438 -5.019720
v -0.854077 0.019172 -5.010749
v -1.012858 0.049487 -5.044526
v -0.993973 0.029300 -5.009964
v -2.459763 0.024764 -4.985537
v -2.454801 0.030933 -2.511276
v 0.014473 0.030968 -2.511304
v 0.006057 0.049488 -4.972135
v -2.470151 0.003491 -2.495929
v -2.470151 0.003491 -3.745928
v -2.433897 0.026068 -3.745928
v -0.006406 0.026068 -3.745928
v 0.029849 0.003491 -3.745928
v -1.220151 0.026068 -4.959675
v -1.220054 0.026068 -3.743626
v -1.220152 0.026068 -2.532180
v -1.220152 0.003491 -2.495928
v -1.251316 0.030208 -4.981161
v -1.235795 0.033838 -2.525881
v -1.251688 0.003491 -2.495928
v -1.188370 0.024678 -4.985606
v -1.199778 0.036027 -2.524107
v -1.188102 0.003491 -2.495928
v -2.470151 0.003491 -3.777468
v -2.446360 0.041438 -3.776867
v -1.236295 0.034111 -3.761019
v -1.188712 0.041438 -3.776867
v 0.018239 0.026280 -3.777175
v -2.470151 0.003491 -3.702533
v -2.440702 0.034462 -3.722680
v -1.241465 0.036672 -3.715844
v -1.178311 0.009696 -3.714509
v 0.006057 0.041438 -3.703359
v -1.893052 0.049487 -4.972135
v -2.400957 0.000000 -4.509047
v -2.235325 0.049487 -4.927663
v -2.393723 0.049487 -4.800542
v -1.251090 0.041438 -4.012026
v -1.497001 0.041438 -3.776867
v -1.270963 0.041438 -3.897614
v -1.344004 0.049488 -3.816170
v -0.954726 0.018399 -3.704592
v -1.188712 0.041438 -3.527468
v -1.166355 0.041438 -3.662455
v -1.251090 0.041438 -3.627153
v -1.306135 0.074062 -3.712459
v -0.943876 0.041827 -4.981270
v -1.188712 0.045220 -4.759038
v -1.208372 0.031826 -4.964343
v -1.140403 0.049487 -4.926214
v -1.251090 0.041438 -4.864286
v -1.296042 0.041438 -4.972135
v -1.234672 0.033281 -4.965524
v -0.092405 0.047597 -3.776867
v 0.006057 0.049488 -3.943630
v -0.000877 0.032889 -3.759658
v -0.018882 0.049488 -3.816504
v -0.134905 0.019395 -2.506363
v 0.006057 0.041438 -2.588021
v -1.511138 0.049805 -2.497665
v -1.251090 0.041438 -2.824105
v -1.251444 0.023843 -2.505578
v -1.337309 0.049488 -2.563733
v -1.276145 0.041438 -2.648901
v -1.188712 0.041438 -2.627300
v -1.131706 0.041438 -2.519721
v -1.188419 0.027274 -2.508337
v -2.446360 0.041438 -2.783873
v -2.228234 0.014119 -2.519713
v -2.396226 0.049488 -2.580744
v -2.360728 0.041438 -3.703359
v -2.446366 0.041438 -3.674853
v -2.455375 0.030228 -3.703046
v -1.882072 0.041438 -3.703359
v -1.605070 0.041438 -3.703359
v -1.713712 0.044890 -3.668929
v -1.731530 0.041281 -3.702173
v -1.251090 0.041438 -4.599349
v -1.251090 0.041438 -4.426116
v -1.272404 0.049487 -4.529702
v -1.240116 0.035987 -4.530093
v 0.006057 0.049488 -3.039510
v 0.006057 0.041438 -2.739421
v -0.031315 0.049488 -2.860870
v 0.013399 0.032302 -2.865552
v -1.080765 0.041438 -2.519721
v -0.854078 0.019173 -2.510751
v -1.012858 0.049488 -2.544528
v -0.993973 0.029300 -2.509965
v 5.035104 0.024764 -7.485536
v 5.040066 0.030933 -5.011274
v 7.509342 0.030968 -5.011302
v 7.500926 0.049488 -7.472134
v 5.024716 0.003491 -4.995926
v 7.524716 0.003491 -7.495925
v 5.060971 0.026068 -6.245926
v 7.488461 0.026068 -6.245926
v 7.524716 0.003491 -6.245926
v 6.274717 0.003491 -7.495925
v 6.274717 0.026068 -7.459673
v 6.274814 0.026068 -6.243624
v 6.274716 0.026068 -5.032178
v 6.274716 0.003491 -4.995926
v 6.243180 0.003491 -7.495925
v 6.243552 0.030208 -7.481159
v 6.259073 0.033838 -5.025879
v 6.306766 0.003491 -7.495925
v 6.306497 0.024678 -7.485604
v 6.295090 0.036027 -5.024105
v 5.024717 0.003491 -6.277466
v 5.048508 0.041438 -6.276865
v 6.258572 0.034111 -6.261017
v 6.306156 0.041438 -6.276865
v 7.513108 0.026280 -6.277174
v 7.524716 0.003491 -6.277466
v 5.024716 0.003491 -6.202532
v 5.054165 0.034462 -6.222678
v 6.253403 0.036672 -6.215842
v 6.316557 0.009696 -6.214507
v 7.500925 0.041438 -6.203358
v 7.524716 0.003491 -6.202532
v 5.601816 0.049487 -7.472134
v 5.093911 0.000000 -7.009045
v 5.259543 0.049487 -7.427662
v 5.101144 0.049487 -7.300541
v 6.243778 0.041438 -6.512024
v 5.997867 0.041438 -6.276865
v 6.223904 0.041438 -6.397613
v 6.150864 0.049488 -6.316169
v 6.540143 0.018399 -6.204590
v 6.306156 0.041438 -6.027466
v 6.328513 0.041438 -6.162454
v 6.243778 0.041438 -6.127151
v 6.188733 0.074062 -6.212457
v 6.550992 0.041827 -7.481269
v 6.306156 0.045220 -7.259037
v 6.286497 0.031826 -7.464341
v 6.354465 0.049487 -7.426212
v 6.243778 0.041438 -7.364285
v 6.198825 0.041438 -7.472134
v 6.260196 0.033281 -7.465522
v 7.402462 0.047597 -6.276865
v 7.500926 0.049488 -6.443628
v 7.493991 0.032889 -6.259656
v 7.475986 0.049488 -6.316503
v 7.359963 0.019395 -5.006361
v 7.500925 0.041438 -5.088019
v 5.983730 0.049805 -4.997663
v 6.243778 0.041438 -5.324103
v 6.243424 0.023843 -5.005576
v 6.157559 0.049488 -5.063732
v 6.218723 0.041438 -5.148899
v 6.306156 0.041438 -5.127299
v 6.363163 0.041438 -5.019720
v 6.306448 0.027274 -5.008335
v 5.048508 0.041438 -5.283871
v 5.266634 0.014119 -5.019711
v 5.098642 0.049488 -5.080742
v 5.134140 0.041438 -6.203358
v 5.048501 0.041438 -6.174851
v 5.039493 0.030228 -6.203044
v 5.612796 0.041438 -6.203358
v 5.889798 0.041438 -6.203358
v 5.781155 0.044890 -6.168928
v 5.763338 0.041281 -6.202171
v 6.243778 0.041438 -7.099348
v 6.243778 0.041438 -6.926115
v 6.222464 0.049487 -7.029700
v 6.254752 0.035987 -7.030091
v 7.500925 0.049488 -5.539509
v 7.500925 0.041438 -5.239419
v 7.463553 0.049488 -5.360868
v 7.508267 0.032302 -5.365551
v 6.414102 0.041438 -5.019720
v 6.640790 0.019173 -5.010749
v 6.482010 0.049488 -5.044526
v 6.500894 0.029300 -5.009964
v 5.035104 0.024764 -4.985537
v 5.040066 0.030933 -2.511276
v 7.509341 0.030968 -2.511304
v 7.500925 0.049488 -4.972135
v 5.024716 0.003491 -2.495928
v 7.524716 0.003491 -2.495928
v 7.524716 0.003491 -4.995926
v 5.060971 0.026068 -3.745928
v 7.488461 0.026068 -3.745928
v 7.524716 0.003491 -3.745928
v 6.274716 0.026068 -4.959675
v 6.274814 0.026068 -3.743626
v 6.274716 0.026068 -2.532180
v 6.274716 0.003491 -2.495929
v 6.243180 0.003491 -4.995926
v 6.243552 0.030208 -4.981161
v 6.259073 0.033838 -2.525882
v 6.243179 0.003491 -2.495929
v 6.306766 0.003491 -4.995926
v 6.306497 0.024678 -4.985606
v 6.295089 0.036028 -2.524107
v 6.306765 0.003491 -2.495929
v 5.024716 0.003491 -3.777468
v 5.048507 0.041438 -3.776867
v 6.258572 0.034111 -3.761019
v 6.306156 0.041438 -3.776867
v 7.513108 0.026280 -3.777175
v 7.524716 0.003491 -3.777468
v 5.024716 0.003491 -3.702533
v 5.054165 0.034462 -3.722680
v 6.253403 0.036673 -3.715844
v 6.316556 0.009696 -3.714509
v 7.500925 0.041439 -3.703359
v 7.524716 0.003491 -3.702533
v 5.601816 0.049488 -4.972135
v 5.093911 0.000000 -4.509047
v 5.259543 0.049488 -4.927663
v 5.101144 0.049488 -4.800542
v 6.243778 0.041438 -4.012026
v 5.997867 0.041438 -3.776867
v 6.223904 0.041438 -3.897614
v 6.150864 0.049488 -3.816170
v 6.540143 0.018399 -3.704592
v 6.306156 0.041438 -3.527468
v 6.328513 0.041438 -3.662455
v 6.243778 0.041438 -3.627152
v 6.188733 0.074062 -3.712459
v 6.550992 0.041827 -4.981270
v 6.306156 0.045220 -4.759038
v 6.286496 0.031826 -4.964343
v 6.354465 0.049488 -4.926214
v 6.243778 0.041438 -4.864286
v 6.198825 0.041438 -4.972135
v 6.260196 0.033281 -4.965523
v 7.402462 0.047597 -3.776867
v 7.500925 0.049488 -3.943630
v 7.493991 0.032890 -3.759658
v 7.475986 0.049488 -3.816504
v 7.359963 0.019395 -2.506363
v 7.500925 0.041439 -2.588021
v 5.983730 0.049805 -2.497665
v 6.243777 0.041438 -2.824105
v 6.243423 0.023844 -2.505578
v 6.157559 0.049488 -2.563734
v 6.218722 0.041439 -2.648901
v 6.306155 0.041439 -2.627301
v 6.363162 0.041439 -2.519721
v 6.306448 0.027274 -2.508337
v 5.048507 0.041438 -2.783873
v 5.266634 0.014119 -2.519713
v 5.098642 0.049488 -2.580744
v 5.134140 0.041438 -3.703359
v 5.048501 0.041438 -3.674853
v 5.039493 0.030229 -3.703046
v 5.612796 0.041438 -3.703359
v 5.889798 0.041438 -3.703359
v 5.781155 0.044890 -3.668929
v 5.763338 0.041281 -3.702173
v 6.243778 0.041438 -4.599349
v 6.243778 0.041438 -4.426116
v 6.222464 0.049488 -4.529702
v 6.254752 0.035987 -4.530093
v 7.500925 0.049488 -3.039510
v 7.500925 0.041439 -2.739421
v 7.463553 0.049488 -2.860870
v 7.508267 0.032302 -2.865552
v 6.414102 0.041439 -2.519721
v 6.640790 0.019173 -2.510751
v 6.482009 0.049488 -2.544528
v 6.500894 0.029300 -2.509965
v 2.524717 0.003491 -7.495925
v 2.535105 0.024764 -7.485536
v 2.540067 0.030932 -5.011274
v 5.009342 0.030968 -5.011303
v 5.000925 0.049487 -7.472134
v 2.524716 0.003491 -4.995927
v 5.024717 0.003491 -7.495925
v 2.524716 0.003491 -6.245927
v 2.560971 0.026068 -6.245927
v 4.988462 0.026068 -6.245926
v 5.024717 0.003491 -6.245926
v 3.774717 0.003491 -7.495925
v 3.774717 0.026068 -7.459673
v 3.774814 0.026068 -6.243624
v 3.774716 0.026068 -5.032178
v 3.774716 0.003491 -4.995926
v 3.743180 0.003491 -7.495925
v 3.743552 0.030208 -7.481159
v 3.759073 0.033838 -5.025879
v 3.743180 0.003491 -4.995926
v 3.806766 0.003491 -7.495925
v 3.806498 0.024678 -7.485604
v 3.795090 0.036027 -5.024105
v 3.806766 0.003491 -4.995926
v 2.524716 0.003491 -6.277466
v 2.548508 0.041438 -6.276865
v 3.758572 0.034111 -6.261018
v 3.806156 0.041438 -6.276865
v 5.013108 0.026280 -6.277174
v 2.524716 0.003491 -6.202532
v 2.554166 0.034462 -6.222678
v 3.753403 0.036672 -6.215842
v 3.816557 0.009696 -6.214507
v 5.000925 0.041438 -6.203358
v 3.101817 0.049487 -7.472134
v 2.593911 -0.000000 -7.009045
v 2.759543 0.049487 -7.427662
v 2.601145 0.049487 -7.300541
v 3.743778 0.041438 -6.512024
v 3.497867 0.041438 -6.276865
v 3.723904 0.041438 -6.397613
v 3.650864 0.049487 -6.316169
v 4.040143 0.018399 -6.204590
v 3.806156 0.041438 -6.027467
v 3.828513 0.041438 -6.162454
v 3.743778 0.041438 -6.127151
v 3.688733 0.074062 -6.212457
v 4.050992 0.041827 -7.481269
v 3.806156 0.045219 -7.259037
v 3.786497 0.031826 -7.464341
v 3.854465 0.049487 -7.426212
v 3.743778 0.041438 -7.364285
v 3.698825 0.041438 -7.472134
v 3.760196 0.033281 -7.465522
v 4.902463 0.047596 -6.276865
v 5.000925 0.049487 -6.443628
v 4.993991 0.032889 -6.259656
v 4.975986 0.049487 -6.316503
v 4.859963 0.019395 -5.006361
v 5.000925 0.041438 -5.088019
v 3.483730 0.049805 -4.997663
v 3.743778 0.041438 -5.324103
v 3.743424 0.023843 -5.005576
v 3.657559 0.049487 -5.063732
v 3.718723 0.041438 -5.148899
v 3.806156 0.041438 -5.127299
v 3.863163 0.041438 -5.019720
v 3.806448 0.027274 -5.008335
v 2.548508 0.041438 -5.283871
v 2.766634 0.014119 -5.019711
v 2.598642 0.049487 -5.080742
v 2.634140 0.041438 -6.203358
v 2.548501 0.041438 -6.174851
v 2.539493 0.030228 -6.203045
v 3.112796 0.041438 -6.203358
v 3.389799 0.041438 -6.203358
v 3.281156 0.044890 -6.168928
v 3.263338 0.041280 -6.202171
v 3.743778 0.041438 -7.099348
v 3.743778 0.041438 -6.926115
v 3.722464 0.049487 -7.029700
v 3.754752 0.035987 -7.030091
v 5.000925 0.049487 -5.539509
v 5.000925 0.041438 -5.239419
v 4.963553 0.049488 -5.360868
v 5.008267 0.032302 -5.365551
v 3.914102 0.041438 -5.019720
v 4.140790 0.019172 -5.010749
v 3.982010 0.049487 -5.044526
v 4.000894 0.029300 -5.009964
v 2.535104 0.024764 -4.985537
v 2.540066 0.030933 -2.511276
v 5.009342 0.030968 -2.511304
v 5.000925 0.049488 -4.972135
v 2.524716 0.003491 -2.495928
v 2.524716 0.003491 -3.745928
v 2.560971 0.026068 -3.745928
v 4.988461 0.026068 -3.745928
v 5.024716 0.003491 -3.745928
v 3.774716 0.026068 -4.959675
v 3.774814 0.026068 -3.743626
v 3.774716 0.026068 -2.532180
v 3.774716 0.003491 -2.495928
v 3.743552 0.030208 -4.981161
v 3.759073 0.033838 -2.525881
v 3.743179 0.003491 -2.495928
v 3.806497 0.024678 -4.985606
v 3.795089 0.036027 -2.524107
v 3.806766 0.003491 -2.495928
v 2.524716 0.003491 -3.777468
v 2.548508 0.041438 -3.776867
v 3.758572 0.034111 -3.761019
v 3.806156 0.041438 -3.776867
v 5.013107 0.026280 -3.777175
v 2.524716 0.003491 -3.702533
v 2.554166 0.034462 -3.722680
v 3.753403 0.036672 -3.715844
v 3.816556 0.009696 -3.714509
v 5.000925 0.041438 -3.703359
v 3.101816 0.049487 -4.972135
v 2.593911 0.000000 -4.509047
v 2.759543 0.049487 -4.927663
v 2.601144 0.049487 -4.800542
v 3.743778 0.041438 -4.012026
v 3.497867 0.041438 -3.776867
v 3.723904 0.041438 -3.897614
v 3.650864 0.049488 -3.816170
v 4.040143 0.018399 -3.704592
v 3.806156 0.041438 -3.527468
v 3.828513 0.041438 -3.662455
v 3.743778 0.041438 -3.627153
v 3.688733 0.074062 -3.712459
v 4.050992 0.041827 -4.981270
v 3.806156 0.045220 -4.759038
v 3.786496 0.031826 -4.964343
v 3.854465 0.049487 -4.926214
v 3.743778 0.041438 -4.864286
v 3.698825 0.041438 -4.972135
v 3.760196 0.033281 -4.965524
v 4.902462 0.047597 -3.776867
v 5.000925 0.049488 -3.943630
v 4.993991 0.032889 -3.759658
v 4.975986 0.049488 -3.816504
v 4.859963 0.019395 -2.506363
v 5.000925 0.041438 -2.588021
v 3.483730 0.049805 -2.497665
v 3.743778 0.041438 -2.824105
v 3.743423 0.023843 -2.505578
v 3.657559 0.049488 -2.563733
v 3.718723 0.041438 -2.648901
v 3.806156 0.041438 -2.627300
v 3.863163 0.041438 -2.519721
v 3.806448 0.027274 -2.508337
v 2.548508 0.041438 -2.783873
v 2.766634 0.014119 -2.519713
v 2.598642 0.049488 -2.580744
v 2.634140 0.041438 -3.703359
v 2.548501 0.041438 -3.674853
v 2.539493 0.030228 -3.703046
v 3.112796 0.041438 -3.703359
v 3.389798 0.041438 -3.703359
v 3.281155 0.044890 -3.668929
v 3.263338 0.041281 -3.702173
v 3.743778 0.041438 -4.599349
v 3.743778 0.041438 -4.426116
v 3.722464 0.049487 -4.529702
v 3.754752 0.035987 -4.530093
v 5.000925 0.049488 -3.039510
v 5.000925 0.041438 -2.739421
v 4.963553 0.049488 -2.860870
v 5.008267 0.032302 -2.865552
v 3.914102 0.041438 -2.519721
v 4.140790 0.019173 -2.510751
v 3.982009 0.049488 -2.544528
v 4.000894 0.029300 -2.509965
v 5.035104 0.024764 -2.490688
v 5.040066 0.030933 -0.016426
v 7.509342 0.030968 -0.016455
v 7.500926 0.049488 -2.477286
v 5.024716 0.003491 -0.001079
v 7.524716 0.003491 -2.501077
v 5.060971 0.026068 -1.251079
v 7.488461 0.026068 -1.251079
v 7.524716 0.003491 -1.251079
v 6.274717 0.003491 -2.501077
v 6.274717 0.026068 -2.464826
v 6.274814 0.026068 -1.248776
v 6.274716 0.026068 -0.037331
v 6.274716 0.003491 -0.001079
v 6.243180 0.003491 -2.501077
v 6.243552 0.030208 -2.486311
v 6.259073 0.033838 -0.031032
v 6.306766 0.003491 -2.501077
v 6.306497 0.024678 -2.490757
v 6.295090 0.036027 -0.029257
v 5.024717 0.003491 -1.282619
v 5.048508 0.041438 -1.282017
v 6.258572 0.034111 -1.266170
v 6.306156 0.041438 -1.282018
v 7.513108 0.026280 -1.282326
v 7.524716 0.003491 -1.282619
v 5.024716 0.003491 -1.207684
v 5.054165 0.034462 -1.227830
v 6.253403 0.036672 -1.220994
v 6.316557 0.009696 -1.219660
v 7.500925 0.041438 -1.208510
v 7.524716 0.003491 -1.207684
v 5.601816 0.049487 -2.477286
v 5.093911 0.000000 -2.014197
v 5.259543 0.049487 -2.432814
v 5.101144 0.049487 -2.305693
v 6.243778 0.041438 -1.517177
v 5.997867 0.041438 -1.282017
v 6.223904 0.041438 -1.402765
v 6.150864 0.049488 -1.321321
v 6.540143 0.018399 -1.209742
v 6.306156 0.041438 -1.032619
v 6.328513 0.041438 -1.167606
v 6.243778 0.041438 -1.132303
v 6.188733 0.074062 -1.217610
v 6.550992 0.041827 -2.486421
v 6.306156 0.045220 -2.264189
v 6.286497 0.031826 -2.469493
v 6.354465 0.049487 -2.431365
v 6.243778 0.041438 -2.369437
v 6.198825 0.041438 -2.477286
v 6.260196 0.033281 -2.470674
v 7.402462 0.047597 -1.282017
v 7.500926 0.049488 -1.448781
v 7.493991 0.032889 -1.264809
v 7.475986 0.049488 -1.321655
v 7.359963 0.019395 -0.011514
v 7.500925 0.041438 -0.093172
v 5.983730 0.049805 -0.002816
v 6.243778 0.041438 -0.329256
v 6.243424 0.023843 -0.010728
v 6.157559 0.049488 -0.068884
v 6.218723 0.041438 -0.154051
v 6.306156 0.041438 -0.132451
v 6.363163 0.041438 -0.024872
v 6.306448 0.027274 -0.013487
v 5.048508 0.041438 -0.289023
v 5.266634 0.014119 -0.024864
v 5.098642 0.049488 -0.085895
v 5.134140 0.041438 -1.208510
v 5.048501 0.041438 -1.180003
v 5.039493 0.030228 -1.208197
v 5.612796 0.041438 -1.208510
v 5.889798 0.041438 -1.208510
v 5.781155 0.044890 -1.174080
v 5.763338 0.041281 -1.207323
v 6.243778 0.041438 -2.104500
v 6.243778 0.041438 -1.931267
v 6.222464 0.049487 -2.034853
v 6.254752 0.035987 -2.035244
v 7.500925 0.049488 -0.544661
v 7.500925 0.041438 -0.244571
v 7.463553 0.049488 -0.366020
v 7.508267 0.032302 -0.370703
v 6.414102 0.041438 -0.024872
v 6.640790 0.019173 -0.015902
v 6.482010 0.049488 -0.049678
v 6.500894 0.029300 -0.015116
v 5.035104 0.024764 0.009311
v 5.040067 0.030933 2.483572
v 7.509342 0.030968 2.483543
v 7.500925 0.049488 0.022713
v 5.024717 0.003491 2.498919
v 7.524717 0.003491 2.498919
v 7.524716 0.003491 -0.001079
v 5.060971 0.026068 1.248919
v 7.488461 0.026068 1.248919
v 7.524716 0.003491 1.248919
v 6.274716 0.026068 0.035173
v 6.274814 0.026068 1.251222
v 6.274717 0.026068 2.462667
v 6.274717 0.003491 2.498919
v 6.243180 0.003491 -0.001079
v 6.243552 0.030208 0.013687
v 6.259074 0.033838 2.468966
v 6.243180 0.003491 2.498919
v 6.306766 0.003491 -0.001079
v 6.306497 0.024678 0.009242
v 6.295090 0.036028 2.470740
v 6.306766 0.003491 2.498919
v 5.024716 0.003491 1.217380
v 5.048507 0.041438 1.217981
v 6.258572 0.034111 1.233829
v 6.306156 0.041438 1.217981
v 7.513108 0.026280 1.217673
v 7.524716 0.003491 1.217380
v 5.024716 0.003491 1.292315
v 5.054165 0.034462 1.272168
v 6.253403 0.036673 1.279004
v 6.316556 0.009696 1.280339
v 7.500925 0.041439 1.291489
v 7.524716 0.003491 1.292315
v 5.601816 0.049488 0.022713
v 5.093911 0.000000 0.485801
v 5.259543 0.049488 0.067184
v 5.101144 0.049488 0.194305
v 6.243778 0.041438 0.982821
v 5.997867 0.041438 1.217981
v 6.223904 0.041438 1.097234
v 6.150864 0.049488 1.178678
v 6.540143 0.018399 1.290256
v 6.306157 0.041438 1.467380
v 6.328514 0.041438 1.332393
v 6.243779 0.041438 1.367695
v 6.188733 0.074062 1.282389
v 6.550992 0.041827 0.013577
v 6.306156 0.045220 0.235809
v 6.286496 0.031826 0.030505
v 6.354465 0.049488 0.068634
v 6.243778 0.041438 0.130562
v 6.198825 0.041438 0.022713
v 6.260196 0.033281 0.029324
v 7.402462 0.047597 1.217981
v 7.500925 0.049488 1.051218
v 7.493991 0.032890 1.235190
v 7.475986 0.049488 1.178344
v 7.359964 0.019395 2.488485
v 7.500926 0.041439 2.406827
v 5.983731 0.049805 2.497182
v 6.243778 0.041438 2.170743
v 6.243424 0.023844 2.489270
v 6.157560 0.049488 2.431114
v 6.218723 0.041439 2.345947
v 6.306156 0.041439 2.367547
v 6.363163 0.041439 2.475126
v 6.306449 0.027274 2.486511
v 5.048508 0.041438 2.210975
v 5.266634 0.014119 2.475135
v 5.098643 0.049488 2.414104
v 5.134140 0.041438 1.291489
v 5.048501 0.041438 1.319995
v 5.039493 0.030229 1.291801
v 5.612796 0.041438 1.291489
v 5.889798 0.041438 1.291489
v 5.781155 0.044890 1.325918
v 5.763338 0.041281 1.292675
v 6.243778 0.041438 0.395498
v 6.243778 0.041438 0.568731
v 6.222464 0.049488 0.465146
v 6.254752 0.035987 0.464755
v 7.500926 0.049488 1.955338
v 7.500926 0.041439 2.255427
v 7.463554 0.049488 2.133978
v 7.508268 0.032302 2.129295
v 6.414103 0.041439 2.475127
v 6.640791 0.019173 2.484097
v 6.482010 0.049488 2.450320
v 6.500895 0.029300 2.484882
v 2.524717 0.003491 -2.501077
v 2.535105 0.024764 -2.490688
v 2.540067 0.030932 -0.016426
v 5.009342 0.030968 -0.016455
v 5.000925 0.049487 -2.477286
v 2.524717 0.003491 -0.001079
v 5.024717 0.003491 -2.501077
v 2.524717 0.003491 -1.251079
v 2.560972 0.026068 -1.251079
v 4.988462 0.026068 -1.251079
v 5.024717 0.003491 -1.251079
v 3.774717 0.003491 -2.501077
v 3.774717 0.026068 -2.464825
v 3.774814 0.026068 -1.248776
v 3.774716 0.026068 -0.037331
v 3.774716 0.003491 -0.001079
v 3.743180 0.003491 -2.501077
v 3.743552 0.030208 -2.486311
v 3.759073 0.033838 -0.031032
v 3.743180 0.003491 -0.001079
v 3.806766 0.003491 -2.501077
v 3.806498 0.024678 -2.490756
v 3.795090 0.036027 -0.029257
v 3.806766 0.003491 -0.001079
v 2.524717 0.003491 -1.282619
v 2.548509 0.041438 -1.282017
v 3.758572 0.034111 -1.266170
v 3.806156 0.041438 -1.282017
v 5.013108 0.026280 -1.282326
v 2.524717 0.003491 -1.207684
v 2.554166 0.034462 -1.227830
v 3.753403 0.036672 -1.220995
v 3.816557 0.009696 -1.219660
v 5.000925 0.041438 -1.208510
v 3.101817 0.049487 -2.477286
v 2.593911 -0.000000 -2.014197
v 2.759543 0.049487 -2.432814
v 2.601145 0.049487 -2.305693
v 3.743778 0.041438 -1.517177
v 3.497867 0.041438 -1.282017
v 3.723904 0.041438 -1.402765
v 3.650864 0.049487 -1.321321
v 4.040143 0.018399 -1.209742
v 3.806156 0.041438 -1.032619
v 3.828513 0.041438 -1.167606
v 3.743778 0.041438 -1.132303
v 3.688733 0.074062 -1.217610
v 4.050992 0.041827 -2.486421
v 3.806156 0.045219 -2.264189
v 3.786497 0.031826 -2.469493
v 3.854465 0.049487 -2.431364
v 3.743778 0.041438 -2.369437
v 3.698825 0.041438 -2.477286
v 3.760196 0.033281 -2.470674
v 4.902463 0.047596 -1.282017
v 5.000925 0.049487 -1.448781
v 4.993991 0.032889 -1.264808
v 4.975986 0.049487 -1.321655
v 4.859963 0.019395 -0.011514
v 5.000925 0.041438 -0.093172
v 3.483730 0.049805 -0.002816
v 3.743778 0.041438 -0.329256
v 3.743424 0.023843 -0.010728
v 3.657559 0.049487 -0.068884
v 3.718723 0.041438 -0.154051
v 3.806156 0.041438 -0.132451
v 3.863163 0.041438 -0.024871
v 3.806448 0.027274 -0.013487
v 2.548509 0.041438 -0.289023
v 2.766635 0.014119 -0.024863
v 2.598642 0.049487 -0.085895
v 2.634141 0.041438 -1.208510
v 2.548502 0.041438 -1.180003
v 2.539494 0.030228 -1.208197
v 3.112796 0.041438 -1.208510
v 3.389799 0.041438 -1.208510
v 3.281156 0.044890 -1.174080
v 3.263338 0.041280 -1.207324
v 3.743778 0.041438 -2.104500
v 3.743778 0.041438 -1.931267
v 3.722464 0.049487 -2.034853
v 3.754752 0.035987 -2.035243
v 5.000925 0.049487 -0.544661
v 5.000925 0.041438 -0.244571
v 4.963553 0.049488 -0.366020
v 5.008267 0.032302 -0.370703
v 3.914102 0.041438 -0.024871
v 4.140790 0.019172 -0.015901
v 3.982010 0.049487 -0.049678
v 4.000894 0.029300 -0.015115
v 2.535105 0.024764 0.009311
v 2.540067 0.030933 2.483572
v 5.009343 0.030968 2.483543
v 5.000925 0.049488 0.022713
v 2.524716 0.003491 2.498919
v 2.524717 0.003491 1.248920
v 2.560972 0.026068 1.248920
v 4.988461 0.026068 1.248919
v 5.024716 0.003491 1.248919
v 3.774716 0.026068 0.035173
v 3.774814 0.026068 1.251222
v 3.774717 0.026068 2.462668
v 3.774717 0.003491 2.498920
v 3.743552 0.030208 0.013687
v 3.759074 0.033838 2.468967
v 3.743180 0.003491 2.498920
v 3.806497 0.024678 0.009243
v 3.795090 0.036027 2.470741
v 3.806767 0.003491 2.498920
v 2.524717 0.003491 1.217380
v 2.548509 0.041438 1.217981
v 3.758572 0.034111 1.233829
v 3.806156 0.041438 1.217981
v 5.013107 0.026280 1.217672
v 2.524717 0.003491 1.292315
v 2.554166 0.034462 1.272168
v 3.753403 0.036672 1.279004
v 3.816556 0.009696 1.280339
v 5.000925 0.041438 1.291489
v 3.101816 0.049487 0.022713
v 2.593911 0.000000 0.485801
v 2.759543 0.049487 0.067184
v 2.601145 0.049487 0.194305
v 3.743778 0.041438 0.982822
v 3.497867 0.041438 1.217981
v 3.723904 0.041438 1.097234
v 3.650864 0.049488 1.178678
v 4.040143 0.018399 1.290257
v 3.806157 0.041438 1.467380
v 3.828514 0.041438 1.332393
v 3.743779 0.041438 1.367695
v 3.688733 0.074062 1.282389
v 4.050992 0.041827 0.013578
v 3.806156 0.045220 0.235809
v 3.786496 0.031826 0.030506
v 3.854465 0.049487 0.068634
v 3.743778 0.041438 0.130562
v 3.698825 0.041438 0.022713
v 3.760196 0.033281 0.029325
v 4.902462 0.047597 1.217981
v 5.000925 0.049488 1.051218
v 4.993991 0.032889 1.235189
v 4.975986 0.049488 1.178343
v 4.859964 0.019395 2.488485
v 5.000926 0.041438 2.406826
v 3.483731 0.049805 2.497182
v 3.743779 0.041438 2.170743
v 3.743424 0.023843 2.489270
v 3.657560 0.049488 2.431115
v 3.718724 0.041438 2.345948
v 3.806157 0.041438 2.367548
v 3.863163 0.041438 2.475127
v 3.806449 0.027274 2.486511
v 2.548508 0.041438 2.210975
v 2.766634 0.014119 2.475135
v 2.598642 0.049488 2.414104
v 2.634141 0.041438 1.291489
v 2.548502 0.041438 1.319995
v 2.539494 0.030228 1.291802
v 3.112796 0.041438 1.291489
v 3.389798 0.041438 1.291489
v 3.281155 0.044890 1.325919
v 3.263338 0.041281 1.292675
v 3.743778 0.041438 0.395499
v 3.743778 0.041438 0.568732
v 3.722464 0.049487 0.465146
v 3.754752 0.035987 0.464756
v 5.000926 0.049488 1.955337
v 5.000926 0.041438 2.255427
v 4.963554 0.049488 2.133978
v 5.008268 0.032302 2.129295
v 3.914103 0.041438 2.475127
v 4.140791 0.019173 2.484097
v 3.982010 0.049488 2.450321
v 4.000895 0.029300 2.484883
v 5.035104 0.024764 2.501101
v 5.040066 0.030933 4.975363
v 7.509342 0.030968 4.975334
v 7.500925 0.049488 2.514503
v 5.024716 0.003491 4.990710
v 7.524717 0.003491 2.490712
v 5.060972 0.026068 3.740710
v 7.488461 0.026068 3.740710
v 7.524716 0.003491 3.740710
v 6.274717 0.003491 2.490711
v 6.274717 0.026068 2.526963
v 6.274814 0.026068 3.743012
v 6.274716 0.026068 4.954458
v 6.274716 0.003491 4.990710
v 6.243180 0.003491 2.490711
v 6.243552 0.030208 2.505477
v 6.259073 0.033838 4.960757
v 6.306766 0.003491 2.490711
v 6.306497 0.024678 2.501032
v 6.295090 0.036027 4.962531
v 5.024717 0.003491 3.709170
v 5.048508 0.041438 3.709771
v 6.258573 0.034111 3.725619
v 6.306156 0.041438 3.709771
v 7.513107 0.026280 3.709463
v 7.524716 0.003491 3.709170
v 5.024717 0.003491 3.784104
v 5.054166 0.034462 3.763958
v 6.253403 0.036672 3.770794
v 6.316557 0.009696 3.772129
v 7.500925 0.041438 3.783279
v 7.524716 0.003491 3.784104
v 5.601816 0.049487 2.514503
v 5.093911 0.000000 2.977592
v 5.259543 0.049487 2.558975
v 5.101144 0.049487 2.686095
v 6.243778 0.041438 3.474612
v 5.997867 0.041438 3.709771
v 6.223905 0.041438 3.589025
v 6.150864 0.049488 3.670467
v 6.540143 0.018399 3.782046
v 6.306156 0.041438 3.959170
v 6.328513 0.041438 3.824183
v 6.243778 0.041438 3.859486
v 6.188733 0.074062 3.774179
v 6.550992 0.041827 2.505368
v 6.306156 0.045220 2.727599
v 6.286497 0.031826 2.522295
v 6.354465 0.049487 2.560424
v 6.243778 0.041438 2.622352
v 6.198825 0.041438 2.514503
v 6.260196 0.033281 2.521114
v 7.402462 0.047597 3.709771
v 7.500925 0.049488 3.543008
v 7.493991 0.032889 3.726980
v 7.475986 0.049488 3.670134
v 7.359963 0.019395 4.980275
v 7.500925 0.041438 4.898617
v 5.983730 0.049805 4.988973
v 6.243778 0.041438 4.662533
v 6.243424 0.023843 4.981060
v 6.157559 0.049488 4.922905
v 6.218723 0.041438 4.837737
v 6.306156 0.041438 4.859338
v 6.363163 0.041438 4.966917
v 6.306448 0.027274 4.978301
v 5.048508 0.041438 4.702765
v 5.266634 0.014119 4.966926
v 5.098642 0.049488 4.905894
v 5.134140 0.041438 3.783278
v 5.048501 0.041438 3.811786
v 5.039493 0.030228 3.783592
v 5.612796 0.041438 3.783278
v 5.889799 0.041438 3.783278
v 5.781156 0.044890 3.817709
v 5.763338 0.041281 3.784465
v 6.243778 0.041438 2.887289
v 6.243778 0.041438 3.060522
v 6.222464 0.049487 2.956936
v 6.254752 0.035987 2.956545
v 7.500925 0.049488 4.447128
v 7.500925 0.041438 4.747218
v 7.463553 0.049488 4.625769
v 7.508267 0.032302 4.621086
v 6.414102 0.041438 4.966917
v 6.640790 0.019173 4.975887
v 6.482010 0.049488 4.942111
v 6.500894 0.029300 4.976673
v 5.035104 0.024764 5.001100
v 5.040066 0.030933 7.475361
v 7.509342 0.030968 7.475332
v 7.500925 0.049488 5.014502
v 5.024716 0.003491 7.490708
v 7.524716 0.003491 7.490708
v 7.524716 0.003491 4.990710
v 5.060971 0.026068 6.240708
v 7.488461 0.026068 6.240708
v 7.524716 0.003491 6.240708
v 6.274716 0.026068 5.026961
v 6.274814 0.026068 6.243011
v 6.274716 0.026068 7.454456
v 6.274716 0.003491 7.490708
v 6.243180 0.003491 4.990710
v 6.243552 0.030208 5.005476
v 6.259073 0.033838 7.460755
v 6.243179 0.003491 7.490708
v 6.306766 0.003491 4.990710
v 6.306497 0.024678 5.001031
v 6.295089 0.036028 7.462529
v 6.306766 0.003491 7.490708
v 5.024716 0.003491 6.209168
v 5.048507 0.041438 6.209769
v 6.258572 0.034111 6.225617
v 6.306156 0.041438 6.209769
v 7.513107 0.026280 6.209461
v 7.524716 0.003491 6.209168
v 5.024716 0.003491 6.284103
v 5.054165 0.034462 6.263957
v 6.253402 0.036673 6.270793
v 6.316556 0.009696 6.272127
v 7.500925 0.041439 6.283278
v 7.524716 0.003491 6.284103
v 5.601816 0.049488 5.014502
v 5.093911 0.000000 5.477590
v 5.259543 0.049488 5.058973
v 5.101144 0.049488 5.186094
v 6.243778 0.041438 5.974610
v 5.997867 0.041438 6.209769
v 6.223904 0.041438 6.089023
v 6.150863 0.049488 6.170466
v 6.540143 0.018399 6.282045
v 6.306156 0.041438 6.459168
v 6.328513 0.041438 6.324182
v 6.243778 0.041438 6.359484
v 6.188733 0.074062 6.274178
v 6.550992 0.041827 5.005366
v 6.306156 0.045220 5.227598
v 6.286496 0.031826 5.022294
v 6.354465 0.049488 5.060423
v 6.243778 0.041438 5.122351
v 6.198825 0.041438 5.014502
v 6.260196 0.033281 5.021113
v 7.402462 0.047597 6.209770
v 7.500925 0.049488 6.043007
v 7.493991 0.032890 6.226978
v 7.475986 0.049488 6.170133
v 7.359962 0.019395 7.480274
v 7.500925 0.041439 7.398616
v 5.983730 0.049805 7.488971
v 6.243778 0.041438 7.162532
v 6.243423 0.023844 7.481059
v 6.157559 0.049488 7.422903
v 6.218723 0.041439 7.337736
v 6.306156 0.041439 7.359336
v 6.363163 0.041439 7.466915
v 6.306448 0.027274 7.478299
v 5.048507 0.041438 7.202764
v 5.266634 0.014119 7.466924
v 5.098642 0.049488 7.405892
v 5.134140 0.041438 6.283278
v 5.048501 0.041438 6.311784
v 5.039493 0.030229 6.283590
v 5.612796 0.041438 6.283278
v 5.889798 0.041438 6.283278
v 5.781155 0.044890 6.317707
v 5.763338 0.041281 6.284463
v 6.243778 0.041438 5.387287
v 6.243778 0.041438 5.560520
v 6.222464 0.049488 5.456935
v 6.254752 0.035987 5.456544
v 7.500925 0.049488 6.947126
v 7.500925 0.041439 7.247216
v 7.463553 0.049488 7.125767
v 7.508267 0.032302 7.121084
v 6.414102 0.041439 7.466916
v 6.640790 0.019173 7.475885
v 6.482009 0.049488 7.442109
v 6.500894 0.029300 7.476671
v 2.524716 0.003491 2.490712
v 2.535104 0.024764 2.501101
v 2.540067 0.030932 4.975363
v 5.009342 0.030968 4.975334
v 5.000925 0.049487 2.514503
v 2.524716 0.003491 4.990709
v 5.024717 0.003491 2.490711
v 2.524716 0.003491 3.740709
v 2.560971 0.026068 3.740709
v 4.988462 0.026068 3.740710
v 5.024717 0.003491 3.740710
v 3.774717 0.003491 2.490712
v 3.774717 0.026068 2.526964
v 3.774814 0.026068 3.743012
v 3.774716 0.026068 4.954458
v 3.774716 0.003491 4.990709
v 3.743180 0.003491 2.490712
v 3.743552 0.030208 2.505478
v 3.759073 0.033838 4.960756
v 3.743180 0.003491 4.990709
v 3.806766 0.003491 2.490712
v 3.806497 0.024678 2.501033
v 3.795090 0.036027 4.962531
v 3.806766 0.003491 4.990709
v 2.524716 0.003491 3.709170
v 2.548508 0.041438 3.709771
v 3.758573 0.034111 3.725619
v 3.806156 0.041438 3.709771
v 5.013108 0.026280 3.709463
v 2.524716 0.003491 3.784104
v 2.554165 0.034462 3.763958
v 3.753403 0.036672 3.770794
v 3.816557 0.009696 3.772129
v 5.000925 0.041438 3.783278
v 3.101816 0.049487 2.514503
v 2.593910 -0.000000 2.977592
v 2.759542 0.049487 2.558975
v 2.601144 0.049487 2.686096
v 3.743778 0.041438 3.474612
v 3.497867 0.041438 3.709771
v 3.723905 0.041438 3.589024
v 3.650864 0.049487 3.670467
v 4.040143 0.018399 3.782046
v 3.806156 0.041438 3.959170
v 3.828513 0.041438 3.824183
v 3.743778 0.041438 3.859486
v 3.688734 0.074062 3.774179
v 4.050992 0.041827 2.505368
v 3.806156 0.045219 2.727600
v 3.786497 0.031826 2.522296
v 3.854465 0.049487 2.560425
v 3.743778 0.041438 2.622353
v 3.698825 0.041438 2.514503
v 3.760196 0.033281 2.521115
v 4.902463 0.047596 3.709771
v 5.000925 0.049487 3.543008
v 4.993991 0.032889 3.726980
v 4.975986 0.049487 3.670134
v 4.859963 0.019395 4.980275
v 5.000925 0.041438 4.898617
v 3.483730 0.049805 4.988973
v 3.743778 0.041438 4.662533
v 3.743424 0.023843 4.981060
v 3.657559 0.049487 4.922904
v 3.718723 0.041438 4.837737
v 3.806156 0.041438 4.859338
v 3.863163 0.041438 4.966917
v 3.806448 0.027274 4.978301
v 2.548508 0.041438 4.702765
v 2.766634 0.014119 4.966925
v 2.598642 0.049487 4.905894
v 2.634140 0.041438 3.783278
v 2.548501 0.041438 3.811785
v 2.539493 0.030228 3.783591
v 3.112796 0.041438 3.783278
v 3.389799 0.041438 3.783278
v 3.281156 0.044890 3.817709
v 3.263338 0.041280 3.784465
v 3.743778 0.041438 2.887290
v 3.743778 0.041438 3.060522
v 3.722464 0.049487 2.956936
v 3.754752 0.035987 2.956546
v 5.000925 0.049487 4.447127
v 5.000925 0.041438 4.747217
v 4.963553 0.049488 4.625769
v 5.008267 0.032302 4.621085
v 3.914102 0.041438 4.966917
v 4.140790 0.019172 4.975887
v 3.982010 0.049487 4.942110
v 4.000894 0.029300 4.976673
v 2.535104 0.024764 5.001100
v 2.540066 0.030933 7.475361
v 5.009342 0.030968 7.475332
v 5.000925 0.049488 5.014502
v 2.524716 0.003491 7.490708
v 2.524716 0.003491 6.240708
v 2.560971 0.026068 6.240708
v 4.988461 0.026068 6.240708
v 5.024716 0.003491 6.240708
v 3.774716 0.026068 5.026961
v 3.774814 0.026068 6.243011
v 3.774716 0.026068 7.454456
v 3.774716 0.003491 7.490708
v 3.743552 0.030208 5.005476
v 3.759073 0.033838 7.460755
v 3.743179 0.003491 7.490708
v 3.806497 0.024678 5.001031
v 3.795089 0.036027 7.462529
v 3.806766 0.003491 7.490708
v 2.524716 0.003491 6.209168
v 2.548508 0.041438 6.209769
v 3.758572 0.034111 6.225617
v 3.806156 0.041438 6.209769
v 5.013107 0.026280 6.209461
v 2.524716 0.003491 6.284102
v 2.554166 0.034462 6.263956
v 3.753402 0.036672 6.270793
v 3.816556 0.009696 6.272127
v 5.000925 0.041438 6.283278
v 3.101816 0.049487 5.014502
v 2.593911 0.000000 5.477590
v 2.759543 0.049487 5.058973
v 2.601144 0.049487 5.186094
v 3.743778 0.041438 5.974610
v 3.497867 0.041438 6.209769
v 3.723904 0.041438 6.089023
v 3.650863 0.049488 6.170466
v 4.040143 0.018399 6.282044
v 3.806156 0.041438 6.459168
v 3.828513 0.041438 6.324182
v 3.743778 0.041438 6.359484
v 3.688733 0.074062 6.274178
v 4.050992 0.041827 5.005366
v 3.806156 0.045220 5.227598
v 3.786496 0.031826 5.022294
v 3.854465 0.049487 5.060423
v 3.743778 0.041438 5.122351
v 3.698825 0.041438 5.014502
v 3.760196 0.033281 5.021112
v 4.902462 0.047597 6.209769
v 5.000925 0.049488 6.043006
v 4.993991 0.032889 6.226978
v 4.975986 0.049488 6.170133
v 4.859963 0.019395 7.480273
v 5.000925 0.041438 7.398616
v 3.483730 0.049805 7.488971
v 3.743778 0.041438 7.162532
v 3.743423 0.023843 7.481059
v 3.657559 0.049488 7.422903
v 3.718723 0.041438 7.337736
v 3.806156 0.041438 7.359336
v 3.863163 0.041438 7.466915
v 3.806448 0.027274 7.478299
v 2.548508 0.041438 7.202764
v 2.766634 0.014119 7.466924
v 2.598642 0.049488 7.405892
v 2.634140 0.041438 6.283277
v 2.548501 0.041438 6.311784
v 2.539493 0.030228 6.283590
v 3.112796 0.041438 6.283278
v 3.389799 0.041438 6.283278
v 3.281156 0.044890 6.317707
v 3.263338 0.041281 6.284463
v 3.743778 0.041438 5.387287
v 3.743778 0.041438 5.560520
v 3.722464 0.049487 5.456934
v 3.754752 0.035987 5.456544
v 5.000925 0.049488 6.947126
v 5.000925 0.041438 7.247216
v 4.963553 0.049488 7.125767
v 5.008267 0.032302 7.121084
v 3.914102 0.041438 7.466915
v 4.140790 0.019173 7.475885
v 3.982009 0.049488 7.442109
v 4.000894 0.029300 7.476671
vn 0.1651 0.6757 0.7185
vn 0.3880 0.7703 0.5060
vn 0.3241 0.7694 0.5504
vn -0.3043 0.9525 -0.0108
vn 0.0128 0.6075 0.7942
vn 0.0014 0.5381 0.8429
vn 0.0019 0.5434 0.8395
vn 0.8882 0.4594 -0.0000
vn 0.8899 0.4561 -0.0011
vn 0.8875 0.4608 -0.0022
vn 0.0024 0.4216 -0.9068
vn 0.0015 0.4112 -0.9115
vn 0.0390 0.4361 -0.8990
vn 0.5056 0.7623 0.4041
vn 0.7086 0.6799 0.1885
vn 0.5223 0.7718 0.3626
vn 0.0226 0.9959 0.0880
vn -0.0143 0.9998 -0.0121
vn -0.1993 0.8221 0.5333
vn -0.2925 0.7153 0.6346
vn -0.4500 0.7563 0.4748
vn -0.4100 0.7909 0.4542
vn 0.3038 0.6801 0.6672
vn 0.3039 0.6801 0.6672
vn 0.0012 0.4756 -0.8797
vn 0.0014 0.4772 -0.8788
vn 0.0206 0.4363 -0.8995
vn 0.1245 0.9920 0.0216
vn 0.1301 0.9912 0.0224
vn 0.1214 0.9924 0.0184
vn 0.0006 0.9413 -0.3376
vn 0.0008 0.9421 -0.3354
vn 0.0013 0.9406 -0.3396
vn -0.6013 0.3566 0.7150
vn -0.0025 0.4118 0.9113
vn 0.0067 0.3509 0.9364
vn 0.0730 0.9935 0.0874
vn -0.0118 0.9996 -0.0243
vn -0.0154 0.9996 -0.0219
vn -0.4797 0.8774 -0.0002
vn -0.4836 0.8753 0.0009
vn -0.4305 0.9019 -0.0354
vn -0.0456 0.4979 0.8660
vn -0.3072 0.6743 0.6715
vn -0.0366 0.4588 0.8878
vn 0.0004 0.8618 0.5073
vn -0.0150 0.7707 0.6370
vn -0.0410 0.8107 0.5841
vn -0.0080 1.0000 0.0041
vn -0.0032 1.0000 0.0087
vn -0.0097 0.9998 0.0165
vn -0.8498 0.5271 0.0001
vn -0.8498 0.5271 -0.0000
vn 0.1763 0.9781 0.1103
vn -0.0064 0.9999 0.0144
vn 0.0836 0.9945 0.0637
vn 0.4438 0.8961 -0.0000
vn 0.4440 0.8960 -0.0000
vn 0.4444 0.8958 -0.0000
vn -0.4357 0.8958 -0.0876
vn -0.4123 0.9110 -0.0069
vn -0.8994 0.4309 -0.0737
vn -0.1776 0.9807 0.0822
vn 0.0134 0.9905 0.1368
vn -0.0576 0.9977 0.0363
vn 0.8684 0.4958 -0.0000
vn 0.8882 0.4591 -0.0169
vn 0.8710 0.4913 -0.0033
vn -0.0826 0.9912 -0.1030
vn -0.0355 0.9613 -0.2731
vn -0.6179 0.7775 0.1167
vn 0.0087 0.9998 -0.0189
vn 0.0146 0.9999 -0.0026
vn -0.0273 0.9992 -0.0280
vn -0.0006 0.9015 0.4328
vn 0.0122 0.9052 0.4248
vn 0.0017 0.8993 0.4373
vn 0.4449 0.8956 -0.0000
vn 0.4441 0.8960 -0.0000
vn 0.0123 0.9691 0.2462
vn 0.1313 0.9911 0.0198
vn -0.8311 0.5388 -0.1377
vn -0.0103 0.8548 -0.5189
vn 0.5008 0.8655 0.0078
vn -0.3734 0.9238 -0.0843
vn 0.2520 0.9638 -0.0870
vn -0.0597 0.9373 -0.3434
vn 0.2246 0.9699 -0.0936
vn -0.0937 0.9911 -0.0950
vn 0.4578 0.8845 0.0898
vn 0.1862 0.9690 -0.1624
vn -0.0718 0.9872 0.1426
vn 0.1477 0.9889 0.0126
vn 0.1012 0.8595 0.5011
vn 0.0769 0.9772 0.1977
vn 0.1300 0.9913 0.0186
vn -0.0819 0.9957 0.0434
vn -0.1012 0.8371 0.5375
vn 0.0820 0.9435 0.3211
vn -0.2708 0.9622 0.0287
vn -0.0499 0.9874 -0.1499
vn -0.4900 0.8524 -0.1824
vn -0.0009 0.9944 -0.1060
vn 0.0006 0.9939 -0.1099
vn -0.0022 0.9943 -0.1068
vn 0.0019 0.9940 -0.1089
vn 0.3857 0.9226 -0.0077
vn 0.3859 0.9225 0.0115
vn 0.3541 0.9340 -0.0470
vn 0.3647 0.9280 0.0763
vn 0.0694 0.8775 0.4746
vn 0.0684 0.8778 0.4741
vn 0.0671 0.8765 0.4767
vn 0.0662 0.8769 0.4760
vn 0.1089 0.9940 -0.0078
vn 0.1393 0.9901 0.0163
vn 0.0776 0.9925 0.0948
vn -0.0499 0.9987 0.0127
vn -0.0153 0.9995 -0.0262
vn -0.0089 0.9989 -0.0455
vn 0.1703 0.9850 -0.0263
vn 0.0288 0.9996 -0.0000
vn 0.0359 0.9988 -0.0339
vn 0.0009 0.9999 0.0114
vn -0.0089 0.9999 0.0076
vn -0.0115 0.9999 -0.0005
vn 0.1767 0.9116 0.3712
vn 0.0495 0.9966 0.0666
vn 0.0350 0.9993 -0.0098
vn -0.0938 0.9924 -0.0796
vn 0.1171 0.9930 0.0153
vn -0.0337 0.9994 -0.0118
vn -0.0178 0.9919 0.1260
vn -0.0117 0.9996 -0.0241
vn 0.0010 0.9489 0.3155
vn 0.0156 0.9998 0.0115
vn -0.0553 0.9120 0.4064
vn -0.0075 0.9999 -0.0132
vn -0.0124 0.9999 -0.0087
vn 0.0017 0.9997 -0.0242
vn -0.0046 0.9374 -0.3481
vn 0.0368 0.9424 -0.3325
vn 0.0002 0.9372 -0.3487
vn 0.3898 0.4098 -0.8247
vn -0.0686 0.5425 -0.8372
vn -0.2838 0.0873 -0.9549
vn 0.4445 0.8958 -0.0000
vn 0.9239 0.3824 -0.0120
vn 0.8754 0.4833 -0.0046
vn 0.9068 0.4215 -0.0028
vn 0.8384 0.5451 0.0049
vn 0.8180 0.5751 -0.0092
vn 0.8485 0.5285 0.0270
vn 0.0031 0.7982 0.6024
vn -0.3795 0.3544 -0.8546
vn 0.0092 0.7981 0.6025
vn -0.0000 0.4778 0.8785
vn -0.0795 0.3770 -0.9228
vn -0.2890 0.6861 -0.6676
vn 0.0054 0.4813 -0.8765
vn 0.0014 0.5380 0.8429
vn 0.8875 0.4609 -0.0022
vn -0.0148 0.9987 -0.0478
vn -0.0325 0.9989 0.0347
vn -0.0310 0.9994 0.0141
vn -0.7228 0.4886 0.4887
vn -0.6786 0.6703 0.3003
vn -0.6896 0.4266 0.5853
vn 0.5056 0.7623 0.4040
vn 0.0951 0.3455 0.9336
vn -0.0065 0.4803 0.8771
vn 0.0014 0.4773 -0.8788
vn -0.5896 0.3610 0.7225
vn -0.0025 0.4117 0.9113
vn 0.7874 0.4671 -0.4021
vn 0.6936 0.6850 -0.2231
vn 0.7797 0.4799 -0.4023
vn -0.7228 0.4885 0.4887
vn -0.6787 0.6703 0.3003
vn 0.2218 0.6643 0.7139
vn -0.8537 0.5207 -0.0003
vn -0.8749 0.4843 -0.0054
vn 0.4442 0.8959 -0.0000
vn 0.4446 0.8958 -0.0000
vn 0.8710 0.4912 -0.0033
vn 0.0087 0.9998 -0.0190
vn -0.0006 0.9015 0.4327
vn 0.4447 0.8957 0.0003
vn 0.4448 0.8956 -0.0000
vn -0.0009 0.9944 -0.1061
vn 0.0662 0.8769 0.4761
vn -0.5253 0.7830 -0.3331
vn -0.7064 0.6930 -0.1441
vn -0.5852 0.7642 -0.2711
vn -0.0116 0.9996 -0.0240
vn -0.2838 0.0874 -0.9549
vn 0.8755 0.4833 -0.0046
vn 0.4216 0.7451 -0.5168
vn 0.2109 0.6852 -0.6972
vn 0.4070 0.7638 -0.5009
vn -0.3358 0.9419 -0.0126
vn -0.8232 0.5109 0.2476
vn -0.2924 0.7153 0.6346
vn 0.5055 0.7623 0.4041
vn 0.5222 0.7719 0.3626
vn 0.0012 0.4756 -0.8796
vn 0.0206 0.4364 -0.8995
vn 0.1301 0.9913 0.0224
vn -0.8538 0.5206 -0.0003
vn -0.8749 0.4843 -0.0055
vn 0.4441 0.8960 -0.0002
vn 0.4446 0.8957 0.0004
vn -0.4900 0.8525 -0.1824
vn 0.1394 0.9901 0.0163
vn 0.0776 0.9925 0.0947
vn 0.5362 0.8440 -0.0121
vn 0.5291 0.8486 -0.0004
vn 0.6935 0.6850 -0.2230
vn 0.9250 0.3797 -0.0164
vn 0.8739 0.4860 -0.0024
vn 0.8180 0.5752 -0.0092
vn 0.7875 0.4671 -0.4021
vn 0.7797 0.4798 -0.4024
vn 0.8903 0.4555 -0.0014
vn 0.0008 0.9420 -0.3355
vn -0.0024 0.4118 0.9113
vn -0.0290 0.9995 0.0130
vn 0.0049 0.9999 -0.0090
vn -0.0032 1.0000 -0.0037
vn -0.2890 0.6861 -0.6677
vn 0.4446 0.8957 -0.0000
vn 0.4447 0.8957 -0.0000
vn 0.0671 0.8765 0.4766
vn -0.0125 0.9999 -0.0087
vn 0.0017 0.9997 -0.0241
vn -0.0000 -1.0000 -0.0000
vn -0.0002 1.0000 -0.0063
vn 0.0123 0.9998 0.0168
vn -0.0071 1.0000 -0.0048
vn 0.0067 0.9999 -0.0119
vn 0.0269 0.9989 -0.0385
vn 0.0079 0.9998 -0.0188
vn -0.3765 0.9264 -0.0098
vn -0.9045 0.3692 -0.2133
vn 0.5529 0.6698 0.4957
vn -0.2932 0.9560 -0.0100
vn -0.0255 0.5247 0.8509
vn -0.0101 0.5452 0.8383
vn 0.0109 0.5835 0.8121
vn 0.0754 0.4744 0.8771
vn 0.0015 0.5380 0.8429
vn 0.0227 0.5072 0.8615
vn 0.8883 0.4592 -0.0001
vn 0.0001 0.4152 -0.9097
vn -0.0483 0.4685 -0.8821
vn 0.0133 0.3101 -0.9506
vn 0.0084 0.3352 -0.9421
vn 0.0009 0.4068 -0.9135
vn -0.5666 0.6372 -0.5224
vn -0.6870 0.6905 -0.2263
vn -0.4782 0.7727 -0.4174
vn -0.8905 0.4482 -0.0785
vn -0.8752 0.4837 0.0031
vn -0.6871 0.6904 -0.2263
vn -0.1600 0.9321 -0.3249
vn -0.0132 0.9997 -0.0217
vn 0.1214 0.9345 -0.3345
vn -0.3128 0.9301 0.1927
vn -0.0439 0.9520 -0.3029
vn -0.0674 0.9956 0.0643
vn -0.0115 0.9999 0.0115
vn 0.6066 0.5425 -0.5811
vn 0.3007 0.6772 -0.6715
vn 0.5752 0.7122 -0.4024
vn 0.9167 0.3941 0.0660
vn 0.8639 0.5036 -0.0023
vn 0.6686 0.6808 0.2990
vn 0.5717 0.5808 0.5795
vn 0.4120 0.7269 0.5494
vn 0.3039 0.6801 0.6671
vn -0.0109 0.5405 -0.8413
vn -0.0048 0.4868 -0.8735
vn 0.0430 0.5161 -0.8554
vn -0.0025 0.4586 -0.8886
vn -0.0451 0.4465 -0.8937
vn 0.0422 0.4506 -0.8917
vn 0.0348 0.4804 -0.8763
vn 0.0015 0.4757 -0.8796
vn -0.1059 0.8724 0.4771
vn 0.0297 0.4246 0.9049
vn 0.0122 0.4658 0.8848
vn -0.4208 0.4481 0.7888
vn -0.0024 0.4117 0.9113
vn -0.0969 -0.0997 0.9903
vn 0.0128 0.3925 0.9197
vn -0.2891 0.6861 -0.6676
vn -0.5755 0.5608 -0.5952
vn -0.5608 0.7190 -0.4105
vn -0.4742 0.8804 0.0040
vn -0.4448 0.8953 0.0237
vn -0.5534 0.8329 -0.0024
vn -0.5601 0.8284 0.0079
vn -0.4862 0.8738 0.0007
vn -0.3516 0.5644 0.7469
vn -0.5240 0.5554 0.6457
vn 0.2110 0.6852 -0.6971
vn 0.0094 0.8879 0.4600
vn -0.0008 0.8666 0.4989
vn -0.0181 0.8858 0.4637
vn 0.0635 0.9182 0.3909
vn -0.0008 0.8666 0.4990
vn 0.0010 0.8702 0.4927
vn 0.5833 0.5584 0.5899
vn 0.6685 0.6809 0.2991
vn 0.4029 0.7143 0.5722
vn 0.6686 0.6809 0.2990
vn -0.8474 0.5310 -0.0048
vn -0.8481 0.5296 -0.0190
vn -0.8328 0.5531 -0.0227
vn -0.8654 0.4957 0.0733
vn -0.8498 0.5270 0.0001
vn -0.8700 0.4902 0.0522
vn -0.8283 0.5603 0.0014
vn -0.8498 0.5271 0.0002
vn -0.0065 0.9968 -0.0801
vn -0.0205 0.9998 -0.0019
vn -0.0395 0.9992 0.0082
vn 0.0121 0.9997 0.0234
vn -0.0023 0.9998 0.0205
vn 0.0112 0.9999 -0.0030
vn -0.3590 0.9333 -0.0060
vn -0.3598 0.9329 -0.0141
vn -0.4511 0.8883 -0.0862
vn -0.3590 0.9333 -0.0053
vn -0.4468 0.8941 -0.0303
vn -0.4166 0.9052 -0.0845
vn 0.4467 0.8895 -0.0966
vn -0.3599 0.9329 -0.0141
vn -0.2006 0.9796 0.0119
vn -0.0000 0.9847 0.1741
vn -0.0107 0.9932 0.1158
vn -0.0201 0.9869 0.1600
vn 0.0698 0.9311 0.3581
vn 0.0135 0.9905 0.1369
vn 0.0065 0.9838 0.1792
vn 0.0729 0.9892 0.1274
vn -0.0065 0.9916 0.1289
vn 0.1821 0.9828 0.0307
vn 0.0228 0.9996 -0.0187
vn 0.0150 0.9999 -0.0086
vn 0.0297 0.9994 -0.0160
vn 0.0700 0.9929 -0.0961
vn 0.0229 0.9996 -0.0187
vn 0.0462 0.9977 -0.0505
vn -0.0016 0.9019 0.4320
vn -0.0004 0.9015 0.4329
vn 0.0083 0.9073 0.4205
vn -0.0083 0.8955 0.4450
vn -0.0005 0.9013 0.4333
vn 0.1545 0.9880 0.0061
vn 0.1458 0.9893 0.0107
vn 0.2653 0.9641 0.0113
vn 0.1591 0.9870 0.0225
vn 0.1584 0.9870 -0.0272
vn -0.0041 0.9987 -0.0516
vn -0.0416 0.9959 -0.0808
vn -0.0484 0.9988 0.0079
vn -0.0575 0.9954 0.0767
vn -0.0622 0.9978 0.0222
vn 0.0403 0.9952 0.0890
vn -0.0839 0.9953 0.0492
vn -0.0140 0.9966 0.0811
vn 0.1680 0.9846 0.0489
vn 0.0926 0.9856 0.1412
vn 0.0183 0.9996 0.0212
vn -0.0677 0.9977 -0.0017
vn -0.0178 0.9909 0.1336
vn 0.0355 0.9986 -0.0390
vn -0.0584 0.9973 -0.0448
vn 0.0240 0.9987 -0.0451
vn 0.0552 0.9984 0.0151
vn 0.0947 0.9936 0.0618
vn 0.1703 0.9850 -0.0262
vn 0.0209 0.9994 -0.0288
vn 0.0397 0.9980 -0.0494
vn 0.0242 0.9817 -0.1889
vn 0.0411 0.9991 0.0110
vn -0.0216 0.9998 0.0035
vn 0.0131 0.9999 0.0055
vn 0.0993 0.9950 0.0090
vn 0.0156 0.9998 0.0114
vn 0.1556 0.9861 0.0579
vn -0.0058 0.9994 -0.0327
vn -0.0429 0.9918 -0.1205
vn 0.0147 0.9995 0.0278
vn -0.0237 0.9996 -0.0121
vn -0.0194 0.9998 -0.0089
vn -0.0265 0.9994 -0.0230
vn -0.0078 1.0000 0.0003
vn -0.0195 0.9997 -0.0119
vn -0.0034 0.9995 -0.0304
vn 0.0004 1.0000 -0.0014
vn -0.0147 0.9999 0.0036
vn 0.0104 0.9997 -0.0219
vn 0.0008 0.9371 -0.3491
vn -0.0007 0.9366 -0.3505
vn -0.0009 0.9196 -0.3928
vn -0.0196 0.6159 -0.7876
vn 0.2155 0.9480 -0.2344
vn 0.4022 0.9145 0.0428
vn -0.1892 0.6924 -0.6963
vn -0.0218 0.6161 -0.7874
vn -0.0458 0.6344 -0.7717
vn 0.8701 0.4929 0.0004
vn 0.8352 0.5466 0.0608
vn 0.8415 0.5403 -0.0005
vn 0.8559 0.5170 -0.0094
vn 0.8758 0.4803 -0.0475
vn 0.7970 0.6037 -0.0144
vn 0.8399 0.5427 -0.0020
vn 0.0061 0.7939 0.6080
vn 0.0032 0.7982 0.6024
vn -0.3869 0.4928 0.7794
vn -0.3139 0.6842 0.6583
vn 0.0428 0.7971 0.6024
vn 0.9681 -0.1468 -0.2031
vn 0.0753 0.4744 0.8771
vn 0.8884 0.4590 -0.0001
vn -0.0502 0.4721 -0.8801
vn 0.0030 0.4092 -0.9124
vn -0.8752 0.4837 0.0030
vn 0.5362 0.8440 -0.0122
vn 0.5293 0.8485 -0.0005
vn 0.0346 0.4468 -0.8940
vn 0.0049 0.5345 -0.8452
vn 0.3006 0.6772 -0.6716
vn 0.5725 0.7153 0.4007
vn -0.0291 0.9995 0.0130
vn -0.0104 0.5410 -0.8410
vn 0.0019 0.4754 -0.8798
vn -0.0661 0.9112 0.4067
vn 0.0233 0.4376 0.8988
vn 0.0128 0.4570 0.8894
vn -0.4209 0.4481 0.7887
vn 0.6227 -0.0678 0.7795
vn -0.0913 -0.1011 0.9907
vn -0.3870 0.7356 -0.5560
vn -0.3964 0.7770 -0.4890
vn -0.3478 0.7789 -0.5219
vn -0.1706 0.6900 -0.7034
vn -0.4448 0.8953 0.0236
vn -0.4863 0.8738 0.0007
vn -0.5241 0.5553 0.6457
vn -0.5367 0.8424 -0.0478
vn -0.5747 0.8162 0.0597
vn -0.0180 0.8858 0.4637
vn 0.0635 0.9182 0.3910
vn 0.6686 0.6809 0.2991
vn -0.8474 0.5310 -0.0030
vn -0.8481 0.5296 -0.0189
vn -0.8283 0.5603 0.0013
vn -0.8288 0.5589 -0.0265
vn -0.8488 0.5286 0.0002
vn 0.4443 0.8959 -0.0000
vn 0.0298 0.9994 -0.0161
vn 0.0082 0.9073 0.4204
vn 0.1546 0.9880 0.0061
vn 0.1458 0.9892 0.0107
vn 0.0925 0.9857 0.1412
vn 0.7874 0.4672 -0.4021
vn 0.7796 0.4798 -0.4025
vn -0.0195 0.9997 -0.0120
vn 0.0005 1.0000 -0.0015
vn -0.0197 0.6159 -0.7876
vn 0.2154 0.9480 -0.2344
vn 0.4022 0.9146 0.0428
vn -0.0458 0.6344 -0.7716
vn 0.7970 0.6038 -0.0144
vn 0.0032 0.7981 0.6025
vn -0.9073 0.3708 -0.1981
vn 0.1544 0.7771 -0.6102
vn -0.2782 0.9604 -0.0133
vn -0.4782 0.7728 -0.4174
vn 0.5292 0.8485 -0.0005
vn 0.6066 0.5425 -0.5812
vn -0.0325 0.9989 0.0346
vn -0.5608 0.7191 -0.4105
vn -0.2371 0.6791 -0.6947
vn 0.5832 0.5584 0.5899
vn -0.8473 0.5310 -0.0030
vn -0.8480 0.5296 -0.0190
vn -0.8499 0.5270 0.0001
vn -0.8288 0.5588 -0.0265
vn -0.8488 0.5287 0.0002
vn -0.4511 0.8883 -0.0863
vn 0.0083 0.9073 0.4204
vn -0.0795 0.3769 -0.9228
vn -0.0676 0.9977 -0.0017
vn 0.3007 0.6772 -0.6716
vn 0.0005 1.0000 -0.0014
vn -0.0008 0.9196 -0.3928
vn -0.0219 0.6161 -0.7874
vn 0.8723 0.4889 -0.0013
vn -0.4781 0.7728 -0.4174
vn -0.0913 -0.1010 0.9907
vn 0.0128 0.3925 0.9196
vn -0.5853 0.7642 -0.2711
vn -0.8328 0.5532 -0.0227
vn -0.8282 0.5604 0.0014
vn 0.0121 0.9997 0.0233
vn 0.0356 0.9986 -0.0390
vn -0.0034 0.9995 -0.0303
vn 0.1652 0.6756 0.7185
vn 0.3881 0.7703 0.5060
vn 0.3242 0.7694 0.5504
vn 0.7087 0.6799 0.1885
vn 0.0006 0.9413 -0.3375
vn -0.6896 0.4266 0.5852
vn -0.0066 0.4803 0.8771
vn -0.1012 0.8372 0.5375
vn 0.0003 0.9372 -0.3487
vn -0.7229 0.4885 0.4887
vn -0.7063 0.6930 -0.1441
vn -0.8538 0.5207 -0.0003
vn -0.8749 0.4844 -0.0055
vn -0.0366 0.4589 0.8878
vn -0.8749 0.4844 -0.0054
vn 0.0228 0.5072 0.8615
vn 0.0122 0.4657 0.8848
vn -0.5241 0.5554 0.6457
vn -0.3515 0.5644 0.7469
vn 0.2218 0.6643 0.7138
vn -0.3139 0.6842 0.6582
vn 0.0109 0.5835 0.8120
vn 0.5753 0.7121 -0.4024
vn -0.0104 0.5410 -0.8409
vn 0.5832 0.5584 0.5900
vn 0.4029 0.7143 0.5723
vn 0.6936 0.6850 -0.2230
vn 0.0428 0.7970 0.6024
vn 0.9681 -0.1467 -0.2031
vn 0.0123 0.4658 0.8848
vn -0.0101 0.5452 0.8382
vn 0.5718 0.5808 0.5794
vn -0.0109 0.5404 -0.8413
vn -0.0024 0.4586 -0.8886
vn 0.8559 0.5171 -0.0094
vn 0.8758 0.4804 -0.0475
vn 0.0003 0.9372 -0.3488
vn 0.0128 0.6074 0.7943
vn 0.0015 0.4112 -0.9116
vn -0.4499 0.7563 0.4748
vn 0.7086 0.6800 0.1885
vn -0.6895 0.4266 0.5853
vn -0.0686 0.5425 -0.8373
vn 0.8903 0.4554 -0.0014
vn 0.0952 0.3455 0.9336
vn 0.0012 0.4757 -0.8796
vn -0.3072 0.6744 0.6715
vn -0.0150 0.7708 0.6370
vn 0.3858 0.9225 0.0115
vn 0.4215 0.7451 -0.5168
vn 0.1766 0.9116 0.3712
vn 0.0110 0.5835 0.8121
vn -0.4208 0.4481 0.7887
vn -0.4447 0.8953 0.0237
vn 0.2109 0.6852 -0.6971
vn 0.9167 0.3942 0.0660
vn 0.8639 0.5037 -0.0023
vn 0.4439 0.8961 -0.0000
vn 0.2217 0.6643 0.7139
vn 0.0009 0.9371 -0.3491
vn -0.0009 0.9196 -0.3929
vn -0.0254 0.5247 0.8509
vn 0.0110 0.5835 0.8120
vn -0.5754 0.5608 -0.5953
vn -0.3869 0.7356 -0.5561
vn -0.1705 0.6900 -0.7034
vn -0.8701 0.4902 0.0522
vn -0.0101 0.5451 0.8383
vn 0.0228 0.5072 0.8616
vn -0.6871 0.6905 -0.2263
vn 0.0050 0.5345 -0.8452
vn 0.0123 0.4657 0.8848
vn -0.2370 0.6791 -0.6947
vn -0.0083 0.8955 0.4451
vn -0.0796 0.3769 -0.9228
vn 0.0053 0.4813 -0.8765
vn -0.5665 0.6372 -0.5225
vn -0.0451 0.4465 -0.8936
vn -0.5756 0.5607 -0.5952
vn -0.2924 0.7154 0.6346
vn -0.4101 0.7909 0.4542
vn 0.8882 0.4592 -0.0169
vn 0.0128 0.6075 0.7943
vn -0.0937 0.9911 -0.0951
vn -0.1012 0.8371 0.5376
vn 0.9068 0.4216 -0.0028
vn -0.4499 0.7564 0.4748
vn -0.4100 0.7910 0.4542
vn -0.7063 0.6931 -0.1441
vn 0.9249 0.3797 -0.0164
vn 0.8739 0.4861 -0.0024
vn -0.0596 0.9373 -0.3434
vn -0.3765 0.9263 -0.0098
vn -0.9046 0.3692 -0.2133
vn 0.8883 0.4593 -0.0001
vn 0.1651 0.6756 0.7185
vn 0.2217 0.6642 0.7139
vn -0.8753 0.4837 0.0030
vn -0.3516 0.5643 0.7469
vn -0.8489 0.5286 0.0002
vn -0.5853 0.7642 -0.2710
vn 0.2155 0.9479 -0.2344
vn 0.6935 0.6851 -0.2230
vn 0.5717 0.5808 0.5794
vn -0.5756 0.5608 -0.5952
vn -0.0456 0.4979 0.8661
vn 0.2218 0.6642 0.7139
vn 0.0775 0.9925 0.0948
vn 0.8755 0.4832 -0.0046
vn 0.5223 0.7719 0.3626
vn -0.4499 0.7563 0.4749
vn 0.8740 0.4860 -0.0024
vn -0.0102 0.5452 0.8383
vn 0.0227 0.5072 0.8616
vn -0.5755 0.5607 -0.5952
vn 0.4215 0.7452 -0.5168
vn 0.0094 0.8879 0.4599
vn 0.6227 -0.0679 0.7795
vn -0.3871 0.7355 -0.5560
vn -0.3072 0.6743 0.6716
vn -0.8481 0.5295 -0.0189
vn -0.3589 0.9333 -0.0060
vn -0.3589 0.9333 -0.0053
vn 0.3006 0.6772 -0.6715
vn 0.7797 0.4798 -0.4023
vn -0.8289 0.5588 -0.0265
vn 0.8351 0.5467 0.0608
vn 0.4030 0.7143 0.5722
vn 0.1478 0.9889 0.0126
vn -0.0365 0.4588 0.8878
vn 0.8485 0.5284 0.0270
vn -0.4500 0.7563 0.4749
vn 0.7796 0.4798 -0.4024
vn -0.8654 0.4958 0.0733
vn 0.2652 0.9641 0.0113
vn 0.7971 0.6037 -0.0144
vn 0.8414 0.5404 -0.0005
vn 0.8724 0.4889 -0.0013
vn 0.9239 0.3825 -0.0120
vn 0.8754 0.4834 -0.0046
vn 0.8899 0.4562 -0.0011
vn 0.5223 0.7718 0.3627
vn 0.3856 0.9226 -0.0077
vn 0.4440 0.8960 -0.0002
vn 0.8384 0.5450 0.0049
vn 0.8486 0.5284 0.0270
vn 0.4215 0.7452 -0.5167
vn 0.4070 0.7639 -0.5009
vn 0.5752 0.7121 -0.4024
vn -0.5241 0.5553 0.6458
vn -0.3072 0.6742 0.6716
vn 0.9166 0.3942 0.0660
vn 0.6685 0.6809 0.2990
vn -0.8653 0.4958 0.0733
vn -0.8700 0.4903 0.0522
vn -0.4512 0.8883 -0.0862
vn 0.8560 0.5170 -0.0094
vn 0.5717 0.5809 0.5794
vn 0.5725 0.7154 0.4007
vn -0.0025 0.4586 -0.8887
vn -0.0451 0.4464 -0.8937
vn -0.2891 0.6860 -0.6677
vn -0.5756 0.5607 -0.5953
vn -0.3870 0.7355 -0.5561
vn -0.8654 0.4957 0.0732
vn -0.8282 0.5604 0.0013
vn -0.4166 0.9051 -0.0845
vn 0.7797 0.4797 -0.4025
vn 0.8882 0.4595 -0.0000
vn 0.5717 0.5809 0.5795
vn -0.0216 0.9998 0.0036
vn 0.8415 0.5402 -0.0005
vn 0.8399 0.5428 -0.0020
vn 0.6066 0.5424 -0.5811
vn -0.5254 0.7830 -0.3331
vn -0.4798 0.8774 -0.0002
vn -0.8498 0.5270 -0.0000
vn -0.4901 0.8524 -0.1824
vn 0.8902 0.4555 -0.0014
vn 0.9249 0.3798 -0.0164
vn 0.4120 0.7270 0.5494
vn -0.5240 0.5553 0.6458
vn 0.8884 0.4591 -0.0001
vn -0.3869 0.7356 -0.5560
vn -0.4741 0.8804 0.0040
vn -0.4447 0.8954 0.0236
vn 0.5833 0.5584 0.5900
vn -0.8654 0.4958 0.0732
vn 0.6067 0.5424 -0.5811
vn 0.4216 0.7452 -0.5167
vn 0.4021 0.9146 0.0428
vn 0.1652 0.6757 0.7185
vn 0.0015 0.5381 0.8429
vn 0.3242 0.7694 0.5503
vn 0.3540 0.9340 -0.0470
vn 0.8874 0.4609 -0.0022
vn 0.4448 0.8956 0.0003
vn -0.4899 0.8525 -0.1823
vn 0.0672 0.8765 0.4767
vn 0.9239 0.3823 -0.0120
vn -0.0366 0.4589 0.8877
vn -0.2889 0.6861 -0.6677
vn -0.8311 0.5388 -0.1376
vn 0.4070 0.7638 -0.5010
vn -0.5608 0.7190 -0.4104
vn -0.8474 0.5309 -0.0048
vn -0.8283 0.5604 0.0014
vn -0.3589 0.9334 -0.0053
vn -0.4467 0.8942 -0.0303
vn -0.3599 0.9329 -0.0140
vn -0.2007 0.9796 0.0119
vn 0.8414 0.5403 -0.0005
vn 0.0014 0.4112 -0.9115
vn 0.6066 0.5426 -0.5811
vn -0.1891 0.6924 -0.6963
vn 0.4450 0.8955 -0.0000
vn 0.4437 0.8962 -0.0000
vn 0.5716 0.5809 0.5795
vn 0.6685 0.6810 0.2991
vn 0.4023 0.9145 0.0428
vn 0.6067 0.5425 -0.5811
vn 0.5753 0.7122 -0.4024
vn -0.0024 0.4587 -0.8886
vn -0.8499 0.5270 -0.0000
vt 0.302274 0.887434
vt 0.302268 0.887448
vt 0.302260 0.887446
vt 0.303212 0.887605
vt 0.303207 0.887580
vt 0.303502 0.887400
vt 0.302255 0.887435
vt 0.302227 0.887362
vt 0.302243 0.887380
vt 0.302934 0.886838
vt 0.302628 0.886924
vt 0.302571 0.886956
vt 0.303216 0.887034
vt 0.303215 0.887029
vt 0.303148 0.886973
vt 0.302572 0.886950
vt 0.302569 0.886952
vt 0.302560 0.886959
vt 0.302809 0.887208
vt 0.302796 0.887202
vt 0.302739 0.887146
vt 0.302276 0.887431
vt 0.302258 0.887425
vt 0.302265 0.887457
vt 0.303654 0.887337
vt 0.303649 0.887329
vt 0.303433 0.887168
vt 0.302917 0.887165
vt 0.302880 0.887188
vt 0.302820 0.887205
vt 0.303187 0.887591
vt 0.302934 0.887344
vt 0.302495 0.887862
vt 0.302550 0.887986
vt 0.302547 0.888010
vt 0.360770 0.912506
vt 0.360274 0.912710
vt 0.360338 0.912386
vt 0.302814 0.887187
vt 0.303149 0.887046
vt 0.302589 0.886959
vt 0.302566 0.886958
vt 0.360621 0.912301
vt 0.361217 0.912374
vt 0.361180 0.912406
vt 0.302712 0.887877
vt 0.360942 0.912707
vt 0.360604 0.913277
vt 0.360525 0.913222
vt 0.302771 0.887226
vt 0.302423 0.887373
vt 0.302717 0.887227
vt 0.360144 0.912490
vt 0.360156 0.912448
vt 0.360219 0.912428
vt 0.302089 0.887111
vt 0.302546 0.886964
vt 0.302240 0.887055
vt 0.303569 0.887331
vt 0.303546 0.887263
vt 0.361229 0.912407
vt 0.361463 0.912528
vt 0.361147 0.912442
vt 0.302894 0.887266
vt 0.303216 0.887037
vt 0.303090 0.887092
vt 0.302868 0.887215
vt 0.302765 0.887199
vt 0.302807 0.887220
vt 0.302804 0.887212
vt 0.303187 0.887014
vt 0.303215 0.887031
vt 0.303243 0.887043
vt 0.303198 0.887047
vt 0.303232 0.887038
vt 0.303223 0.887036
vt 0.302590 0.886941
vt 0.302125 0.887088
vt 0.302114 0.887130
vt 0.302094 0.887102
vt 0.302343 0.887417
vt 0.302309 0.887452
vt 0.302316 0.887519
vt 0.302252 0.887396
vt 0.302316 0.887393
vt 0.302267 0.887421
vt 0.302573 0.887917
vt 0.303163 0.887607
vt 0.303142 0.887565
vt 0.303180 0.887596
vt 0.303177 0.887609
vt 0.302912 0.887347
vt 0.302894 0.887310
vt 0.302976 0.887394
vt 0.303100 0.887092
vt 0.303060 0.887105
vt 0.303116 0.887082
vt 0.302241 0.887056
vt 0.302189 0.887068
vt 0.302307 0.887026
vt 0.302243 0.887350
vt 0.302210 0.887315
vt 0.360899 0.912575
vt 0.360947 0.912525
vt 0.361090 0.912465
vt 0.361533 0.912760
vt 0.360924 0.912626
vt 0.360748 0.912587
vt 0.360845 0.912547
vt 0.360620 0.912319
vt 0.360346 0.912753
vt 0.360282 0.912756
vt 0.360274 0.912740
vt 0.360579 0.912313
vt 0.360272 0.912416
vt 0.360802 0.912586
vt 0.360838 0.912580
vt 0.360925 0.912670
vt 0.361173 0.912925
vt 0.361193 0.912967
vt 0.360742 0.913237
vt 0.303225 0.887040
vt 0.361131 0.912452
vt 0.302548 0.886953
vt 0.303199 0.887613
vt 0.360658 0.912284
vt 0.000000 0.000000
vt 0.360964 0.912186
vt 0.361179 0.912333
vt 0.302934 0.886826
vt 0.303180 0.887625
vt 0.303234 0.887046
vt 0.360347 0.912879
vt 0.360340 0.912811
vt 0.360240 0.912675
vt 0.361274 0.912402
vt 0.360911 0.912548
vt 0.361238 0.912940
vt 0.361576 0.912622
vt 0.361600 0.912691
vt 0.360796 0.912559
vt 0.360454 0.912732
vt 0.360373 0.912777
vt 0.361007 0.912754
s 1
usemtl Material.065
f 283/1/1 326/2/2 281/3/3
f 21/4/4 22/5/4 34/6/4
f 107/7/5 88/8/6 85/9/7
f 6/10/8 54/11/9 26/12/10
f 18/13/11 19/14/12 46/15/13
f 292/16/14 320/17/15 277/18/16
f 12/19/17 30/20/18 41/21/19
f 13/22/20 14/3/21 66/23/22
f 193/22/20 194/3/21 246/23/22
f 61/2/23 103/24/23 14/3/24
f 185/25/25 1/26/26 33/27/27
f 37/28/28 39/29/29 23/30/30
f 7/31/31 76/32/32 12/19/33
f 68/33/34 2/34/35 5/35/36
f 306/36/37 352/37/38 346/38/39
f 12/19/40 24/39/41 47/40/42
f 14/3/43 107/7/44 66/23/45
f 105/1/1 151/2/2 102/3/3
f 53/41/46 12/19/47 8/42/48
f 236/43/49 229/44/50 227/45/51
f 5/35/52 2/34/52 67/46/53
f 75/47/54 69/48/55 68/49/56
f 44/50/57 60/51/58 12/19/59
f 13/22/60 42/52/61 12/19/62
f 57/53/63 58/54/64 82/55/65
f 95/56/66 32/57/67 84/58/68
f 1/26/69 36/59/69 35/60/69
f 1/26/70 35/60/70 33/27/70
f 1/26/71 34/6/71 36/59/71
f 50/61/72 33/62/73 77/63/74
f 38/64/75 7/31/76 12/19/77
f 11/65/78 80/66/59 12/19/79
f 23/30/80 40/67/80 38/64/80
f 23/30/30 39/29/29 40/67/81
f 42/52/82 43/68/82 30/20/82
f 30/20/83 43/68/83 41/21/83
f 45/69/84 44/50/84 29/70/84
f 19/14/85 47/40/85 49/71/85
f 48/72/86 47/40/86 19/14/86
f 19/14/87 49/71/87 46/15/87
f 51/73/88 50/74/88 16/75/88
f 16/75/89 50/74/89 52/76/89
f 54/11/90 56/77/90 25/16/90
f 25/16/91 53/41/91 55/17/91
f 58/78/92 57/79/92 3/80/92
f 17/1/93 63/81/93 62/82/93
f 59/83/94 61/2/94 17/1/94
f 17/1/95 62/82/95 59/83/95
f 17/1/96 60/51/96 63/81/96
f 65/84/97 64/85/97 20/86/97
f 20/86/98 66/23/98 65/84/98
f 68/33/99 69/87/99 2/34/99
f 2/34/100 69/87/100 67/46/100
f 71/88/101 70/89/101 28/90/101
f 28/90/102 72/91/102 71/88/102
f 76/32/103 75/92/104 74/93/105
f 73/94/106 75/92/104 76/32/103
f 80/66/107 79/95/107 78/96/107
f 77/97/108 79/95/108 80/66/108
f 84/58/109 83/98/109 82/99/109
f 81/100/110 83/98/110 84/58/110
f 85/9/111 88/8/112 87/101/113
f 87/101/113 88/8/112 86/102/114
f 40/103/115 37/104/116 78/105/117
f 34/106/118 38/107/119 40/103/120
f 177/37/121 131/36/122 132/108/123
f 47/45/124 24/109/125 53/110/126
f 25/16/127 56/77/127 53/41/127
f 64/111/128 65/112/129 85/113/130
f 221/36/131 261/38/132 212/114/133
f 81/38/39 87/37/38 83/115/134
f 44/116/135 45/117/136 74/118/137
f 70/119/138 71/120/139 67/121/140
f 70/89/141 73/94/142 7/31/143
f 74/93/144 45/69/145 12/19/146
f 77/97/78 80/66/59 11/65/78
f 80/66/59 78/96/58 37/28/147
f 32/57/148 81/100/149 84/58/150
f 58/78/151 95/56/152 82/99/153
f 88/8/154 95/56/155 86/102/156
f 88/8/157 107/7/157 95/56/157
f 19/14/158 18/13/159 10/122/160
f 111/4/4 112/5/4 124/6/4
f 110/7/5 178/8/161 175/9/7
f 95/10/8 144/11/9 116/12/162
f 107/13/12 108/14/12 136/15/12
f 34/106/163 40/103/164 79/123/165
f 100/19/17 120/20/18 131/21/19
f 96/31/166 112/5/167 111/4/168
f 207/16/169 235/17/15 189/18/16
f 151/2/170 106/24/23 102/3/171
f 5/25/172 89/26/172 123/27/172
f 127/28/28 129/29/29 113/30/30
f 96/31/31 166/32/32 100/19/33
f 158/33/173 90/34/174 93/35/36
f 276/42/175 297/124/176 117/57/177
f 100/19/40 114/39/41 137/40/42
f 102/3/43 110/7/44 156/23/45
f 275/31/178 289/5/179 288/4/168
f 143/41/46 100/19/47 97/42/48
f 197/1/1 241/2/24 194/3/180
f 93/35/181 90/34/52 157/46/182
f 165/47/54 159/48/55 158/49/56
f 134/50/57 150/51/183 100/19/184
f 101/22/60 132/52/61 100/19/62
f 147/53/63 148/54/64 172/55/65
f 94/56/66 122/57/67 174/58/185
f 89/26/69 126/59/69 125/60/69
f 89/26/70 125/60/70 123/27/70
f 89/26/71 124/6/71 126/59/71
f 140/61/186 123/62/73 167/63/74
f 128/64/187 96/31/76 100/19/77
f 99/65/188 170/66/189 100/19/59
f 113/30/80 130/67/80 128/64/80
f 113/30/30 129/29/29 130/67/81
f 132/52/82 133/68/82 120/20/82
f 120/20/83 133/68/83 131/21/83
f 135/69/84 134/50/84 119/70/84
f 108/14/85 137/40/85 139/71/85
f 138/72/86 137/40/86 108/14/86
f 108/14/87 139/71/87 136/15/87
f 141/73/88 140/74/88 104/75/88
f 104/75/89 140/74/89 142/76/89
f 144/11/90 146/77/90 115/16/90
f 115/16/91 143/41/91 145/17/91
f 148/78/92 147/79/92 91/80/92
f 105/1/93 153/81/93 152/82/93
f 149/83/94 151/2/94 105/1/94
f 105/1/95 152/82/95 149/83/95
f 105/1/96 150/51/96 153/81/96
f 155/84/97 154/85/97 109/86/97
f 109/86/98 156/23/98 155/84/98
f 158/33/99 159/87/99 90/34/99
f 90/34/100 159/87/100 157/46/100
f 161/88/101 160/89/101 118/90/101
f 118/90/102 162/91/102 161/88/102
f 166/32/190 165/92/104 164/93/105
f 163/94/106 165/92/104 166/32/190
f 170/66/107 169/95/107 168/96/107
f 167/97/108 169/95/108 170/66/108
f 174/58/109 173/98/109 172/99/109
f 171/100/110 173/98/110 174/58/110
f 175/9/111 178/8/112 177/101/113
f 177/101/113 178/8/112 176/102/191
f 130/103/115 127/104/116 168/105/117
f 124/106/118 128/107/119 130/103/120
f 252/91/192 209/90/193 186/125/194
f 137/45/124 114/109/125 143/110/126
f 115/16/127 146/77/127 143/41/127
f 154/111/128 155/112/129 175/113/130
f 306/36/131 346/38/132 297/114/133
f 171/38/39 177/37/195 173/115/134
f 134/116/135 135/117/136 164/118/137
f 160/119/138 161/120/139 157/121/140
f 160/89/141 163/94/142 96/31/143
f 164/93/144 135/69/145 100/19/196
f 167/97/78 170/66/189 99/65/188
f 170/66/189 168/96/183 127/28/147
f 122/57/148 171/100/197 174/58/150
f 148/78/151 94/56/152 172/99/153
f 178/8/154 94/56/155 176/102/156
f 178/8/157 110/7/157 94/56/157
f 196/75/198 232/76/199 190/122/200
f 203/4/201 204/5/4 214/6/202
f 202/7/5 268/8/6 265/9/7
f 185/10/8 234/11/9 21/12/10
f 199/13/11 200/14/12 226/15/13
f 280/22/203 281/3/21 331/23/22
f 192/19/17 211/20/18 221/21/19
f 25/16/204 55/17/15 9/18/205
f 101/22/203 102/3/21 156/23/22
f 241/2/23 198/24/23 194/3/24
f 179/25/206 180/26/26 213/27/207
f 217/28/28 219/29/208 205/30/30
f 187/31/31 256/32/32 192/19/33
f 248/33/34 181/34/35 184/35/36
f 41/36/37 87/37/38 81/38/39
f 192/19/40 206/39/41 227/40/42
f 194/3/43 202/7/44 246/23/45
f 187/31/178 204/5/179 203/4/168
f 233/41/46 192/19/47 188/42/48
f 337/91/192 294/90/193 274/125/194
f 184/35/209 181/34/52 247/46/210
f 255/47/54 249/48/55 248/49/56
f 224/50/211 240/51/58 192/19/184
f 193/22/60 222/52/61 192/19/62
f 237/53/63 238/54/64 262/55/65
f 5/56/66 27/57/66 264/58/66
f 180/26/69 216/59/69 215/60/69
f 180/26/70 215/60/70 213/27/70
f 180/26/71 214/6/71 216/59/71
f 230/61/72 213/62/73 257/63/74
f 218/64/75 187/31/76 192/19/77
f 191/65/212 260/66/189 192/19/183
f 205/30/80 220/67/80 218/64/80
f 205/30/30 219/29/208 220/67/81
f 222/52/82 223/68/82 211/20/82
f 211/20/83 223/68/83 221/21/83
f 225/69/84 224/50/84 210/70/84
f 200/14/85 227/40/85 229/71/85
f 228/72/86 227/40/86 200/14/86
f 200/14/87 229/71/87 226/15/87
f 231/73/88 230/74/88 196/75/88
f 196/75/89 230/74/89 232/76/89
f 234/11/90 236/77/90 207/16/90
f 207/16/91 233/41/91 235/17/91
f 238/78/92 237/79/92 182/80/92
f 197/1/93 243/81/93 242/82/93
f 239/83/94 241/2/94 197/1/94
f 197/1/95 242/82/95 239/83/95
f 197/1/96 240/51/96 243/81/96
f 245/84/97 244/85/97 201/86/97
f 201/86/98 246/23/98 245/84/98
f 248/33/99 249/87/99 181/34/99
f 181/34/100 249/87/100 247/46/100
f 251/88/101 250/89/101 209/90/101
f 209/90/213 252/91/213 251/88/213
f 256/32/190 255/92/104 254/93/105
f 253/94/106 255/92/104 256/32/190
f 260/66/107 259/95/107 258/96/107
f 257/97/108 259/95/108 260/66/108
f 264/58/109 263/98/109 262/99/109
f 261/100/110 263/98/110 264/58/110
f 265/9/111 268/8/112 267/101/113
f 267/101/113 268/8/112 266/102/114
f 220/103/115 217/104/214 258/105/215
f 214/106/118 218/107/119 220/103/120
f 56/43/49 49/44/50 47/45/51
f 227/45/124 206/109/125 233/110/126
f 207/16/127 236/77/127 233/41/127
f 244/111/128 245/112/129 265/113/130
f 276/42/216 117/57/217 277/18/218
f 261/38/39 267/37/38 263/115/134
f 224/116/135 225/117/136 254/118/137
f 250/119/138 251/120/139 247/121/140
f 250/89/141 253/94/142 187/31/143
f 254/93/144 225/69/145 192/19/146
f 257/97/78 260/66/189 191/65/212
f 260/66/189 258/96/78 217/28/59
f 27/57/219 261/100/197 264/58/220
f 238/78/151 5/56/221 262/99/153
f 268/8/154 5/56/155 266/102/156
f 268/8/157 202/7/157 5/56/157
f 8/42/222 31/124/176 32/57/223
f 288/4/201 289/5/4 299/6/202
f 287/7/5 353/8/161 350/9/7
f 5/10/8 319/11/224 111/12/10
f 202/13/12 285/14/12 311/15/12
f 7/31/166 22/5/167 21/4/168
f 279/19/17 296/20/18 306/21/19
f 214/106/163 220/103/164 259/123/165
f 299/106/163 305/103/164 344/123/165
f 326/2/170 284/24/23 281/3/171
f 184/25/206 269/26/172 298/27/207
f 302/28/28 304/29/29 290/30/30
f 275/31/31 341/32/225 279/19/33
f 333/33/173 270/34/226 273/35/36
f 229/44/227 236/43/228 234/126/229
f 279/19/40 291/39/41 312/40/42
f 281/3/43 287/7/44 331/23/45
f 285/14/159 202/13/159 194/122/230
f 318/41/46 279/19/47 276/42/48
f 115/16/204 145/17/15 98/18/205
f 273/35/181 270/34/52 332/46/182
f 340/47/54 334/48/55 333/49/56
f 309/50/57 325/51/58 279/19/231
f 280/22/60 307/52/61 279/19/62
f 322/53/63 323/54/64 347/55/65
f 93/56/66 117/57/66 349/58/66
f 269/26/69 301/59/69 300/60/69
f 269/26/70 300/60/70 298/27/70
f 269/26/71 299/6/71 301/59/71
f 315/61/72 298/62/73 342/63/74
f 303/64/187 275/31/76 279/19/77
f 278/65/78 345/66/232 279/19/57
f 290/30/80 305/67/80 303/64/80
f 290/30/30 304/29/29 305/67/81
f 307/52/82 308/68/82 296/20/82
f 296/20/83 308/68/83 306/21/83
f 310/69/84 309/50/84 295/70/84
f 285/14/85 312/40/85 314/71/85
f 313/72/86 312/40/86 285/14/86
f 285/14/87 314/71/87 311/15/87
f 316/73/88 315/74/88 282/75/88
f 282/75/89 315/74/89 317/76/89
f 319/11/90 321/77/90 292/16/90
f 292/16/91 318/41/91 320/17/91
f 323/78/92 322/79/92 271/80/92
f 283/1/93 328/81/93 327/82/93
f 324/83/94 326/2/94 283/1/94
f 283/1/95 327/82/95 324/83/95
f 283/1/96 325/51/96 328/81/96
f 330/84/97 329/85/97 286/86/97
f 286/86/98 331/23/98 330/84/98
f 333/33/99 334/87/99 270/34/99
f 270/34/100 334/87/100 332/46/100
f 336/88/101 335/89/101 294/90/101
f 294/90/213 337/91/213 336/88/213
f 341/32/190 340/92/104 339/93/105
f 338/94/106 340/92/104 341/32/190
f 345/66/107 344/95/107 343/96/107
f 342/97/108 344/95/108 345/66/108
f 349/58/109 348/98/109 347/99/109
f 346/100/110 348/98/110 349/58/110
f 350/9/111 353/8/112 352/101/233
f 352/101/233 353/8/112 351/102/191
f 305/103/115 302/104/116 343/105/215
f 299/106/118 303/107/119 305/103/120
f 282/75/198 317/76/199 194/122/200
f 312/45/124 291/109/125 318/110/126
f 292/16/127 321/77/127 318/41/127
f 329/111/128 330/112/129 350/113/130
f 41/36/131 81/38/132 31/114/133
f 346/38/39 352/37/38 348/115/134
f 309/116/135 310/117/136 339/118/137
f 335/119/138 336/120/234 332/121/235
f 335/89/141 338/94/142 275/31/143
f 339/93/144 310/69/145 279/19/196
f 342/97/78 345/66/232 278/65/78
f 345/66/232 343/96/78 302/28/147
f 117/57/219 346/100/197 349/58/220
f 323/78/151 93/56/221 347/99/153
f 353/8/154 93/56/155 351/102/156
f 353/8/157 287/7/157 93/56/157
f 94/127/236 273/127/236 179/127/236
f 194/122/236 277/18/236 281/3/236
f 14/122/236 98/18/236 102/3/236
f 190/122/236 189/18/236 194/3/236
f 4/128/237 46/129/238 54/126/239
f 229/44/240 234/126/241 226/129/242
f 1/26/4 185/25/243 34/6/244
f 185/25/245 21/4/4 34/6/246
f 85/9/247 65/84/248 107/7/249
f 65/84/250 66/23/251 107/7/252
f 4/130/8 54/11/9 6/10/8
f 54/11/9 25/16/253 26/12/10
f 4/130/12 6/10/254 46/15/255
f 6/10/256 18/13/257 46/15/258
f 28/90/259 7/31/260 189/125/261
f 337/91/262 274/125/263 293/131/264
f 31/124/265 8/42/266 41/21/267
f 8/42/268 12/19/269 41/21/270
f 236/43/49 227/45/51 233/110/271
f 52/76/272 11/65/273 10/122/274
f 115/16/275 98/18/276 116/12/277
f 197/1/278 194/3/279 193/22/280
f 87/37/121 41/36/122 42/108/123
f 33/27/281 51/73/282 15/132/283
f 51/73/284 16/75/26 15/132/285
f 15/132/286 185/25/287 33/27/288
f 5/35/289 103/24/174 68/33/290
f 103/24/291 61/2/35 59/83/292
f 68/33/293 103/24/294 59/83/295
f 11/65/296 48/72/297 10/122/298
f 221/36/37 267/37/38 261/38/39
f 48/72/41 11/65/299 47/40/300
f 11/65/301 12/19/302 47/40/303
f 193/22/304 246/23/305 201/86/44
f 16/75/198 52/76/306 10/122/200
f 101/22/304 156/23/305 109/86/44
f 8/42/307 55/17/308 53/41/309
f 53/41/310 24/39/311 12/19/312
f 55/17/313 8/42/314 9/18/315
f 207/16/275 189/18/276 21/12/316
f 67/46/317 71/88/318 27/131/319
f 71/88/320 72/91/321 27/131/322
f 27/131/323 5/35/53 67/46/324
f 68/49/325 59/133/326 75/47/327
f 59/133/328 62/134/329 75/47/330
f 17/1/78 13/22/189 60/51/58
f 13/22/189 12/19/59 60/51/58
f 12/19/59 29/70/57 44/50/57
f 13/22/331 20/86/332 64/85/333
f 64/85/334 42/52/335 13/22/336
f 42/52/337 30/20/338 12/19/339
f 82/55/340 83/115/341 57/53/342
f 83/115/343 87/37/344 86/135/345
f 57/53/346 83/115/347 86/135/348
f 51/136/349 33/62/350 50/61/351
f 33/62/352 79/123/353 77/63/354
f 12/19/355 23/30/356 38/64/357
f 38/64/358 22/5/356 7/31/359
f 78/105/360 79/123/361 40/103/362
f 40/103/363 39/137/361 37/104/364
f 34/106/365 22/138/120 38/107/366
f 299/106/367 344/123/368 298/62/369
f 33/62/370 35/139/371 34/106/372
f 35/139/373 36/140/164 34/106/374
f 321/43/49 312/45/51 318/110/271
f 17/1/1 61/2/23 14/3/180
f 85/113/375 87/37/376 64/111/377
f 352/37/378 307/108/379 329/111/380
f 49/44/227 56/43/228 54/126/229
f 41/36/381 43/141/129 42/108/382
f 267/37/383 221/36/122 222/108/123
f 74/118/384 75/47/385 44/116/386
f 75/47/387 62/134/388 60/142/389
f 62/134/390 63/143/391 60/142/392
f 60/142/393 44/116/394 75/47/395
f 67/121/396 69/48/397 75/47/398
f 75/47/399 73/144/400 67/121/401
f 73/144/402 70/119/403 67/121/404
f 7/31/143 28/90/405 70/89/141
f 73/94/406 76/32/405 7/31/407
f 29/70/408 12/19/409 45/69/410
f 12/19/411 76/32/412 74/93/413
f 11/65/78 52/76/78 50/74/78
f 50/74/78 77/97/78 11/65/78
f 23/30/57 12/19/79 37/28/147
f 12/19/79 80/66/59 37/28/147
f 32/57/414 31/124/220 81/100/415
f 3/80/416 95/56/417 58/78/418
f 95/56/419 84/58/416 82/99/420
f 95/56/421 3/80/422 57/79/423
f 95/56/424 57/79/425 86/102/426
f 92/128/237 136/129/238 144/126/239
f 49/44/240 54/126/241 46/129/242
f 89/26/4 5/25/243 124/6/244
f 5/25/245 111/4/4 124/6/246
f 175/9/247 155/84/248 110/7/249
f 155/84/427 156/23/251 110/7/252
f 92/130/428 144/11/9 95/10/8
f 144/11/9 115/16/253 116/12/162
f 92/130/12 95/10/254 136/15/429
f 95/10/256 107/13/12 136/15/430
f 118/90/259 96/31/260 277/125/261
f 72/91/262 189/125/431 27/131/264
f 121/124/265 97/42/266 131/21/267
f 97/42/268 100/19/269 131/21/270
f 8/42/432 32/57/433 9/18/218
f 142/76/272 99/65/273 14/122/274
f 196/75/434 190/122/435 195/132/436
f 283/1/278 281/3/437 280/22/24
f 139/44/438 146/43/228 144/126/229
f 123/27/439 141/73/282 103/132/283
f 141/73/284 104/75/26 103/132/285
f 103/132/286 5/25/172 123/27/440
f 93/35/289 106/24/441 158/33/442
f 106/24/443 151/2/174 149/83/444
f 158/33/445 106/24/446 149/83/295
f 99/65/296 138/72/297 14/122/447
f 19/14/448 10/122/449 48/72/450
f 138/72/41 99/65/299 137/40/451
f 99/65/301 100/19/302 137/40/452
f 280/22/304 331/23/453 286/86/44
f 108/14/159 107/13/159 14/122/230
f 7/31/454 21/4/455 189/125/167
f 97/42/307 145/17/308 143/41/456
f 143/41/457 114/39/308 100/19/312
f 145/17/313 97/42/314 98/18/315
f 292/16/275 277/18/276 111/12/458
f 157/46/459 161/88/460 117/131/319
f 161/88/320 162/91/52 117/131/322
f 117/131/461 93/35/462 157/46/463
f 158/49/325 149/133/326 165/47/327
f 149/133/328 152/134/329 165/47/330
f 105/1/189 101/22/189 150/51/183
f 101/22/189 100/19/184 150/51/183
f 100/19/184 119/70/464 134/50/57
f 101/22/331 109/86/332 154/85/333
f 154/85/334 132/52/335 101/22/336
f 132/52/337 120/20/338 100/19/339
f 172/55/340 173/115/341 147/53/342
f 173/115/343 177/37/344 176/135/345
f 147/53/346 173/115/347 176/135/348
f 141/136/349 123/62/350 140/61/465
f 123/62/352 169/123/353 167/63/354
f 100/19/355 113/30/356 128/64/466
f 128/64/358 112/5/356 96/31/359
f 168/105/467 169/123/468 130/103/362
f 130/103/363 129/137/361 127/104/364
f 124/106/365 112/138/120 128/107/366
f 34/106/367 79/123/368 33/62/369
f 123/62/370 125/139/371 124/106/372
f 125/139/373 126/140/164 124/106/469
f 124/106/367 169/123/368 123/62/369
f 188/42/470 212/124/176 27/57/471
f 175/113/375 177/37/376 154/111/377
f 87/37/378 42/108/379 64/111/380
f 72/91/192 28/90/193 189/125/194
f 131/36/381 133/141/129 132/108/382
f 131/36/37 177/37/195 171/38/39
f 164/118/384 165/47/385 134/116/386
f 165/47/387 152/134/388 150/142/389
f 152/134/390 153/143/391 150/142/392
f 150/142/393 134/116/394 165/47/395
f 157/121/396 159/48/397 165/47/398
f 165/47/399 163/144/472 157/121/401
f 163/144/473 160/119/403 157/121/404
f 96/31/143 118/90/405 160/89/141
f 163/94/406 166/32/405 96/31/407
f 119/70/474 100/19/475 135/69/476
f 100/19/411 166/32/412 164/93/477
f 99/65/188 142/76/78 140/74/78
f 140/74/78 167/97/78 99/65/188
f 113/30/57 100/19/59 127/28/147
f 100/19/59 170/66/189 127/28/147
f 122/57/414 121/124/220 171/100/415
f 91/80/416 94/56/417 148/78/418
f 94/56/478 174/58/416 172/99/420
f 94/56/421 91/80/479 147/79/423
f 94/56/424 147/79/425 176/102/426
f 183/128/237 226/129/238 234/126/239
f 314/44/240 319/126/241 311/129/242
f 180/26/4 179/25/243 214/6/480
f 179/25/245 203/4/481 214/6/482
f 265/9/247 245/84/248 202/7/249
f 245/84/250 246/23/251 202/7/252
f 183/130/8 234/11/9 185/10/8
f 234/11/9 207/16/253 21/12/10
f 183/130/12 185/10/254 226/15/255
f 185/10/256 199/13/257 226/15/258
f 209/90/259 187/31/260 186/125/483
f 139/44/240 144/126/241 136/129/242
f 212/124/265 188/42/266 221/21/267
f 188/42/268 192/19/269 221/21/270
f 97/42/216 122/57/484 98/18/218
f 232/76/485 191/65/436 190/122/274
f 16/75/434 10/122/435 15/132/436
f 162/91/262 277/125/431 117/131/264
f 124/106/163 130/103/486 169/123/165
f 213/27/281 231/73/282 195/132/283
f 231/73/284 196/75/26 195/132/285
f 195/132/286 179/25/287 213/27/288
f 184/35/289 198/24/174 248/33/290
f 198/24/291 241/2/35 239/83/292
f 248/33/293 198/24/294 239/83/295
f 191/65/159 228/72/297 190/122/487
f 108/14/159 14/122/488 138/72/450
f 228/72/41 191/65/299 227/40/300
f 191/65/301 192/19/302 227/40/303
f 105/1/278 102/3/437 101/22/24
f 97/42/175 121/124/176 122/57/177
f 275/31/454 288/4/455 274/125/167
f 188/42/307 235/17/308 233/41/309
f 233/41/457 206/39/311 192/19/312
f 235/17/489 188/42/314 189/18/315
f 285/14/159 194/122/488 313/72/450
f 247/46/490 251/88/491 208/131/319
f 251/88/320 252/91/492 208/131/322
f 208/131/461 184/35/493 247/46/494
f 248/49/325 239/133/326 255/47/327
f 239/133/328 242/134/329 255/47/330
f 197/1/189 193/22/189 240/51/58
f 193/22/189 192/19/184 240/51/58
f 192/19/184 210/70/57 224/50/211
f 193/22/331 201/86/332 244/85/495
f 244/85/334 222/52/335 193/22/336
f 222/52/337 211/20/338 192/19/339
f 262/55/340 263/115/341 237/53/342
f 263/115/343 267/37/344 266/135/345
f 237/53/346 263/115/347 266/135/348
f 231/136/349 213/62/350 230/61/351
f 213/62/352 259/123/353 257/63/354
f 192/19/355 205/30/356 218/64/496
f 218/64/358 204/5/356 187/31/359
f 258/105/467 259/123/468 220/103/362
f 220/103/363 219/137/361 217/104/364
f 214/106/365 204/138/120 218/107/366
f 187/31/454 203/4/455 186/125/167
f 213/62/370 215/139/371 214/106/372
f 215/139/373 216/140/164 214/106/374
f 56/43/49 47/45/51 53/110/271
f 200/14/497 199/13/159 190/122/160
f 265/113/375 267/37/498 244/111/377
f 282/75/434 194/122/435 198/132/499
f 321/43/49 314/44/50 312/45/51
f 221/36/381 223/141/129 222/108/382
f 146/43/49 139/44/50 137/45/51
f 254/118/384 255/47/385 224/116/386
f 255/47/387 242/134/388 240/142/389
f 242/134/390 243/143/391 240/142/392
f 240/142/393 224/116/394 255/47/395
f 247/121/396 249/48/397 255/47/398
f 255/47/399 253/144/400 247/121/401
f 253/144/500 250/119/403 247/121/404
f 187/31/143 209/90/405 250/89/141
f 253/94/406 256/32/405 187/31/501
f 210/70/408 192/19/409 225/69/410
f 192/19/411 256/32/502 254/93/413
f 191/65/212 232/76/78 230/74/78
f 230/74/78 257/97/78 191/65/212
f 205/30/57 192/19/183 217/28/59
f 192/19/183 260/66/189 217/28/59
f 27/57/503 212/124/220 261/100/415
f 182/80/416 5/56/417 238/78/418
f 5/56/478 264/58/416 262/99/420
f 5/56/421 182/80/422 237/79/423
f 5/56/424 237/79/425 266/102/426
f 272/128/237 311/129/238 319/126/239
f 177/37/378 132/108/379 154/111/380
f 269/26/4 184/25/243 299/6/480
f 184/25/245 288/4/481 299/6/482
f 350/9/247 330/84/248 287/7/249
f 330/84/250 331/23/251 287/7/252
f 272/130/8 319/11/8 5/10/8
f 319/11/224 292/16/253 111/12/10
f 272/130/12 5/10/254 311/15/429
f 5/10/256 202/13/12 311/15/430
f 294/90/259 275/31/260 274/125/504
f 252/91/262 186/125/263 208/131/264
f 297/124/265 276/42/266 306/21/267
f 276/42/268 279/19/269 306/21/270
f 188/42/216 27/57/484 189/18/218
f 317/76/272 278/65/499 194/122/274
f 104/75/434 14/122/435 103/132/499
f 17/1/278 14/3/279 13/22/24
f 314/44/227 321/43/228 319/126/229
f 298/27/281 316/73/282 198/132/283
f 316/73/284 282/75/26 198/132/285
f 198/132/286 184/25/287 298/27/288
f 273/35/289 284/24/441 333/33/442
f 284/24/443 326/2/174 324/83/444
f 333/33/445 284/24/505 324/83/506
f 278/65/296 313/72/297 194/122/447
f 200/14/448 190/122/449 228/72/450
f 313/72/41 278/65/299 312/40/300
f 278/65/301 279/19/302 312/40/303
f 13/22/304 66/23/305 20/86/44
f 162/91/192 118/90/193 277/125/507
f 96/31/454 111/4/455 277/125/167
f 276/42/307 320/17/311 318/41/456
f 318/41/457 291/39/308 279/19/312
f 320/17/313 276/42/314 277/18/315
f 25/16/275 9/18/276 26/12/316
f 332/46/490 336/88/491 293/131/508
f 336/88/320 337/91/321 293/131/322
f 293/131/509 273/35/462 332/46/463
f 333/49/325 324/133/326 340/47/327
f 324/133/510 327/134/329 340/47/330
f 283/1/189 280/22/189 325/51/58
f 280/22/189 279/19/231 325/51/58
f 279/19/231 295/70/57 309/50/57
f 280/22/331 286/86/332 329/85/495
f 329/85/334 307/52/335 280/22/336
f 307/52/337 296/20/338 279/19/339
f 347/55/340 348/115/341 322/53/342
f 348/115/343 352/37/344 351/135/345
f 322/53/346 348/115/347 351/135/348
f 316/136/349 298/62/350 315/61/351
f 298/62/352 344/123/353 342/63/354
f 279/19/355 290/30/356 303/64/466
f 303/64/358 289/5/356 275/31/359
f 343/105/467 344/123/468 305/103/362
f 305/103/363 304/137/361 302/104/364
f 299/106/365 289/138/120 303/107/366
f 214/106/367 259/123/368 213/62/369
f 298/62/370 300/139/371 299/106/372
f 300/139/373 301/140/164 299/106/469
f 146/43/49 137/45/51 143/110/271
f 104/75/198 142/76/306 14/122/200
f 350/113/375 352/37/376 329/111/377
f 267/37/511 222/108/379 244/111/380
f 352/37/121 306/36/122 307/108/123
f 306/36/381 308/141/129 307/108/382
f 10/122/236 9/18/236 14/3/236
f 339/118/384 340/47/385 309/116/386
f 340/47/387 327/134/388 325/142/389
f 327/134/390 328/143/391 325/142/392
f 325/142/393 309/116/394 340/47/395
f 332/121/396 334/48/397 340/47/398
f 340/47/399 338/144/400 332/121/512
f 338/144/402 335/119/403 332/121/404
f 275/31/143 294/90/405 335/89/141
f 338/94/406 341/32/405 275/31/407
f 295/70/474 279/19/409 310/69/476
f 279/19/411 341/32/502 339/93/477
f 278/65/78 317/76/78 315/74/78
f 315/74/78 342/97/78 278/65/78
f 290/30/57 279/19/57 302/28/147
f 279/19/57 345/66/232 302/28/147
f 117/57/503 297/124/220 346/100/415
f 271/80/416 93/56/417 323/78/418
f 93/56/478 349/58/416 347/99/420
f 93/56/421 271/80/479 322/79/423
f 93/56/424 322/79/425 351/102/426
f 203/4/236 179/25/236 195/132/236
f 190/122/236 199/13/236 21/12/236
f 199/13/236 185/10/236 21/12/236
f 203/4/236 195/132/236 190/122/236
f 184/35/236 208/131/236 198/24/236
f 208/131/236 186/125/236 198/24/236
f 198/24/236 186/125/236 194/3/236
f 186/125/236 203/4/236 190/122/236
f 189/18/236 27/57/236 202/7/236
f 27/57/236 5/56/236 202/7/236
f 189/18/236 202/7/236 194/3/236
f 190/122/236 21/12/236 189/18/236
f 10/122/236 14/3/236 189/125/236
f 288/4/236 184/25/236 198/132/236
f 194/122/236 202/13/236 111/12/236
f 202/13/236 5/10/236 111/12/236
f 288/4/236 198/132/236 194/122/236
f 273/35/236 293/131/236 284/24/236
f 293/131/236 274/125/236 284/24/236
f 284/24/236 274/125/236 281/3/236
f 274/125/236 288/4/236 194/122/236
f 277/18/236 117/57/236 287/7/236
f 117/57/236 93/56/236 287/7/236
f 277/18/236 287/7/236 281/3/236
f 194/122/236 111/12/236 277/18/236
f 131/36/131 171/38/132 121/114/133
f 111/4/236 5/25/236 103/132/236
f 14/122/236 107/13/236 116/12/236
f 107/13/236 95/10/236 116/12/236
f 111/4/236 103/132/236 14/122/236
f 93/35/236 117/131/236 106/24/236
f 117/131/236 277/125/236 106/24/236
f 106/24/236 277/125/236 102/3/236
f 277/125/236 111/4/236 14/122/236
f 98/18/236 122/57/236 110/7/236
f 122/57/236 94/56/236 110/7/236
f 98/18/236 110/7/236 102/3/236
f 14/122/236 116/12/236 98/18/236
f 194/122/236 281/3/236 274/125/236
f 21/4/236 185/25/236 15/132/236
f 10/122/236 18/13/236 26/12/236
f 18/13/236 6/10/236 26/12/236
f 21/4/236 15/132/236 10/122/236
f 5/35/236 27/131/236 103/24/236
f 27/131/236 189/125/236 103/24/236
f 103/24/236 189/125/236 14/3/236
f 189/125/236 21/4/236 10/122/236
f 9/18/236 32/57/236 107/7/236
f 32/57/236 95/56/236 107/7/236
f 9/18/236 107/7/236 14/3/236
f 10/122/236 26/12/236 9/18/236
f 14/122/236 102/3/236 277/125/236
f 190/122/236 194/3/236 186/125/236
f 94/127/236 179/127/236 6/127/236
f 636/1/513 679/2/514 634/3/515
f 374/4/4 375/5/4 387/6/4
f 460/7/5 441/8/6 438/9/7
f 359/10/8 407/11/9 379/12/10
f 371/13/11 372/14/12 399/15/13
f 645/16/14 673/17/516 630/18/16
f 365/19/17 383/20/18 394/21/19
f 366/22/20 367/3/21 419/23/22
f 546/22/20 547/3/21 599/23/22
f 414/2/23 456/24/23 367/3/23
f 538/25/25 354/26/26 386/27/27
f 390/28/28 392/29/208 376/30/30
f 360/31/517 429/32/32 365/19/33
f 421/33/34 355/34/35 358/35/36
f 659/36/37 705/37/38 699/38/39
f 365/19/40 377/39/41 400/40/42
f 367/3/43 460/7/44 419/23/45
f 458/1/1 504/2/2 455/3/3
f 406/41/46 365/19/47 361/42/48
f 589/43/49 582/44/50 580/45/51
f 358/35/52 355/34/52 420/46/53
f 428/47/54 422/48/55 421/49/56
f 397/50/57 413/51/58 365/19/59
f 366/22/60 395/52/61 365/19/62
f 410/53/63 411/54/64 435/55/65
f 448/56/66 385/57/67 437/58/68
f 354/26/69 389/59/69 388/60/69
f 354/26/70 388/60/70 386/27/70
f 354/26/71 387/6/71 389/59/71
f 403/61/72 386/62/73 430/63/74
f 391/64/75 360/31/76 365/19/77
f 364/65/78 433/66/59 365/19/79
f 376/30/80 393/67/80 391/64/80
f 376/30/30 392/29/208 393/67/81
f 395/52/82 396/68/82 383/20/82
f 383/20/83 396/68/83 394/21/83
f 398/69/84 397/50/84 382/70/84
f 372/14/85 400/40/85 402/71/85
f 401/72/86 400/40/86 372/14/86
f 372/14/87 402/71/87 399/15/87
f 404/73/88 403/74/88 369/75/88
f 369/75/89 403/74/89 405/76/89
f 407/11/90 409/77/90 378/16/90
f 378/16/91 406/41/91 408/17/91
f 411/78/92 410/79/92 356/80/92
f 370/1/93 416/81/93 415/82/93
f 412/83/94 414/2/94 370/1/94
f 370/1/95 415/82/95 412/83/95
f 370/1/96 413/51/96 416/81/96
f 418/84/97 417/85/97 373/86/97
f 373/86/98 419/23/98 418/84/98
f 421/33/99 422/87/99 355/34/99
f 355/34/100 422/87/100 420/46/100
f 424/88/101 423/89/101 381/90/101
f 381/90/102 425/91/102 424/88/102
f 429/32/103 428/92/104 427/93/105
f 426/94/106 428/92/104 429/32/103
f 433/66/107 432/95/107 431/96/107
f 430/97/108 432/95/108 433/66/108
f 437/58/109 436/98/109 435/99/109
f 434/100/110 436/98/110 437/58/110
f 438/9/111 441/8/112 440/101/113
f 440/101/113 441/8/112 439/102/114
f 393/103/115 390/104/116 431/105/117
f 387/106/118 391/107/119 393/103/120
f 530/37/121 484/36/122 485/108/123
f 400/45/124 377/109/125 406/110/126
f 378/16/127 409/77/127 406/41/127
f 417/111/128 418/112/129 438/113/130
f 574/36/131 614/38/132 565/114/133
f 434/38/39 440/37/38 436/115/134
f 397/116/135 398/117/136 427/118/137
f 423/119/138 424/120/139 420/121/140
f 423/89/141 426/94/142 360/31/143
f 427/93/144 398/69/145 365/19/146
f 430/97/78 433/66/59 364/65/78
f 433/66/59 431/96/58 390/28/147
f 385/57/148 434/100/149 437/58/150
f 411/78/151 448/56/152 435/99/153
f 441/8/154 448/56/155 439/102/156
f 441/8/157 460/7/157 448/56/157
f 372/14/158 371/13/159 363/122/160
f 464/4/4 465/5/4 477/6/4
f 463/7/5 531/8/161 528/9/7
f 448/10/8 497/11/9 469/12/162
f 460/13/12 461/14/12 489/15/12
f 387/106/163 393/103/164 432/123/165
f 453/19/17 473/20/18 484/21/19
f 449/31/178 465/5/179 464/4/518
f 560/16/169 588/17/15 542/18/16
f 504/2/170 459/24/23 455/3/519
f 358/25/172 442/26/172 476/27/172
f 480/28/28 482/29/29 466/30/30
f 449/31/31 519/32/32 453/19/33
f 511/33/173 443/34/35 446/35/36
f 629/42/175 650/124/176 470/57/177
f 453/19/40 467/39/41 490/40/42
f 455/3/43 463/7/44 509/23/45
f 628/31/178 642/5/179 641/4/518
f 496/41/46 453/19/47 450/42/48
f 550/1/1 594/2/24 547/3/180
f 446/35/181 443/34/52 510/46/182
f 518/47/54 512/48/55 511/49/56
f 487/50/57 503/51/183 453/19/231
f 454/22/60 485/52/61 453/19/62
f 500/53/63 501/54/64 525/55/65
f 447/56/66 475/57/67 527/58/185
f 442/26/69 479/59/69 478/60/69
f 442/26/70 478/60/70 476/27/70
f 442/26/71 477/6/71 479/59/71
f 493/61/186 476/62/73 520/63/74
f 481/64/187 449/31/76 453/19/77
f 452/65/188 523/66/189 453/19/59
f 466/30/80 483/67/80 481/64/80
f 466/30/30 482/29/29 483/67/81
f 485/52/82 486/68/82 473/20/82
f 473/20/83 486/68/83 484/21/83
f 488/69/84 487/50/84 472/70/84
f 461/14/85 490/40/85 492/71/85
f 491/72/86 490/40/86 461/14/86
f 461/14/87 492/71/87 489/15/87
f 494/73/88 493/74/88 457/75/88
f 457/75/89 493/74/89 495/76/89
f 497/11/90 499/77/90 468/16/90
f 468/16/91 496/41/91 498/17/91
f 501/78/92 500/79/92 444/80/92
f 458/1/93 506/81/93 505/82/93
f 502/83/94 504/2/94 458/1/94
f 458/1/95 505/82/95 502/83/95
f 458/1/96 503/51/96 506/81/96
f 508/84/97 507/85/97 462/86/97
f 462/86/520 509/23/520 508/84/520
f 511/33/99 512/87/99 443/34/99
f 443/34/100 512/87/100 510/46/100
f 514/88/101 513/89/101 471/90/101
f 471/90/102 515/91/102 514/88/102
f 519/32/190 518/92/104 517/93/105
f 516/94/106 518/92/104 519/32/190
f 523/66/107 522/95/107 521/96/107
f 520/97/108 522/95/108 523/66/108
f 527/58/109 526/98/109 525/99/109
f 524/100/110 526/98/110 527/58/110
f 528/9/111 531/8/112 530/101/113
f 530/101/113 531/8/112 529/102/191
f 483/103/115 480/104/116 521/105/117
f 477/106/118 481/107/119 483/103/120
f 605/91/192 562/90/193 539/125/194
f 490/45/124 467/109/125 496/110/126
f 468/16/127 499/77/127 496/41/127
f 507/111/128 508/112/129 528/113/130
f 659/36/131 699/38/132 650/114/133
f 524/38/39 530/37/195 526/115/134
f 487/116/135 488/117/136 517/118/137
f 513/119/138 514/120/139 510/121/140
f 513/89/141 516/94/142 449/31/521
f 517/93/144 488/69/145 453/19/196
f 520/97/78 523/66/189 452/65/188
f 523/66/189 521/96/464 480/28/147
f 475/57/148 524/100/197 527/58/150
f 501/78/151 447/56/152 525/99/153
f 531/8/154 447/56/155 529/102/156
f 531/8/157 463/7/157 447/56/157
f 549/75/198 585/76/199 543/122/200
f 556/4/201 557/5/4 567/6/202
f 555/7/5 621/8/6 618/9/7
f 538/10/8 587/11/9 374/12/10
f 552/13/11 553/14/12 579/15/13
f 633/22/203 634/3/21 684/23/22
f 545/19/17 564/20/18 574/21/19
f 378/16/204 408/17/15 362/18/205
f 454/22/203 455/3/21 509/23/22
f 594/2/23 551/24/23 547/3/24
f 532/25/206 533/26/26 566/27/207
f 570/28/28 572/29/29 558/30/30
f 540/31/31 609/32/32 545/19/33
f 601/33/34 534/34/35 537/35/36
f 394/36/37 440/37/38 434/38/39
f 545/19/40 559/39/41 580/40/42
f 547/3/43 555/7/44 599/23/45
f 540/31/522 557/5/179 556/4/518
f 586/41/46 545/19/47 541/42/48
f 690/91/192 647/90/523 627/125/194
f 537/35/524 534/34/52 600/46/525
f 608/47/54 602/48/55 601/49/56
f 577/50/211 593/51/58 545/19/231
f 546/22/60 575/52/61 545/19/62
f 590/53/63 591/54/64 615/55/65
f 358/56/66 380/57/66 617/58/66
f 533/26/69 569/59/69 568/60/69
f 533/26/70 568/60/70 566/27/70
f 533/26/71 567/6/71 569/59/71
f 583/61/72 566/62/73 610/63/74
f 571/64/75 540/31/76 545/19/77
f 544/65/212 613/66/189 545/19/464
f 558/30/80 573/67/80 571/64/80
f 558/30/30 572/29/29 573/67/81
f 575/52/82 576/68/82 564/20/82
f 564/20/83 576/68/83 574/21/83
f 578/69/84 577/50/84 563/70/84
f 553/14/85 580/40/85 582/71/85
f 581/72/86 580/40/86 553/14/86
f 553/14/87 582/71/87 579/15/87
f 584/73/88 583/74/88 549/75/88
f 549/75/89 583/74/89 585/76/89
f 587/11/90 589/77/90 560/16/90
f 560/16/91 586/41/91 588/17/91
f 591/78/92 590/79/92 535/80/92
f 550/1/93 596/81/93 595/82/93
f 592/83/94 594/2/94 550/1/94
f 550/1/95 595/82/95 592/83/95
f 550/1/96 593/51/96 596/81/96
f 598/84/97 597/85/97 554/86/97
f 554/86/98 599/23/98 598/84/98
f 601/33/99 602/87/99 534/34/99
f 534/34/100 602/87/100 600/46/100
f 604/88/101 603/89/101 562/90/101
f 562/90/102 605/91/102 604/88/102
f 609/32/190 608/92/104 607/93/105
f 606/94/106 608/92/104 609/32/190
f 613/66/107 612/95/107 611/96/107
f 610/97/108 612/95/108 613/66/108
f 617/58/109 616/98/109 615/99/109
f 614/100/110 616/98/110 617/58/110
f 618/9/111 621/8/112 620/101/113
f 620/101/113 621/8/112 619/102/114
f 573/103/115 570/104/214 611/105/215
f 567/106/118 571/107/119 573/103/120
f 409/43/49 402/44/50 400/45/51
f 580/45/124 559/109/125 586/110/126
f 560/16/127 589/77/127 586/41/127
f 597/111/128 598/112/129 618/113/130
f 629/42/216 470/57/217 630/18/218
f 614/38/39 620/37/38 616/115/134
f 577/116/135 578/117/136 607/118/137
f 603/119/138 604/120/139 600/121/140
f 603/89/141 606/94/142 540/31/143
f 607/93/144 578/69/145 545/19/146
f 610/97/78 613/66/189 544/65/212
f 613/66/189 611/96/78 570/28/59
f 380/57/219 614/100/197 617/58/220
f 591/78/151 358/56/221 615/99/153
f 621/8/154 358/56/155 619/102/156
f 621/8/157 555/7/157 358/56/157
f 361/42/222 384/124/176 385/57/223
f 641/4/201 642/5/4 652/6/202
f 640/7/5 706/8/6 703/9/7
f 358/10/8 672/11/224 464/12/10
f 555/13/12 638/14/12 664/15/12
f 360/31/166 375/5/167 374/4/168
f 632/19/17 649/20/18 659/21/19
f 567/106/163 573/103/164 612/123/165
f 652/106/163 658/103/164 697/123/165
f 679/2/170 637/24/23 634/3/519
f 537/25/206 622/26/26 651/27/27
f 655/28/28 657/29/29 643/30/30
f 628/31/31 694/32/225 632/19/33
f 686/33/173 623/34/226 626/35/36
f 582/44/227 589/43/228 587/126/229
f 632/19/40 644/39/41 665/40/42
f 634/3/43 640/7/44 684/23/526
f 638/14/159 555/13/159 547/122/230
f 671/41/46 632/19/47 629/42/48
f 468/16/204 498/17/15 451/18/205
f 626/35/181 623/34/52 685/46/527
f 693/47/54 687/48/55 686/49/56
f 662/50/57 678/51/58 632/19/231
f 633/22/60 660/52/61 632/19/62
f 675/53/63 676/54/64 700/55/65
f 446/56/66 470/57/66 702/58/66
f 622/26/69 654/59/69 653/60/69
f 622/26/70 653/60/70 651/27/70
f 622/26/71 652/6/71 654/59/71
f 668/61/72 651/62/73 695/63/74
f 656/64/187 628/31/76 632/19/77
f 631/65/78 698/66/232 632/19/57
f 643/30/80 658/67/80 656/64/80
f 643/30/30 657/29/29 658/67/81
f 660/52/82 661/68/82 649/20/82
f 649/20/83 661/68/83 659/21/83
f 663/69/84 662/50/84 648/70/84
f 638/14/85 665/40/85 667/71/85
f 666/72/86 665/40/86 638/14/86
f 638/14/87 667/71/87 664/15/87
f 669/73/88 668/74/88 635/75/88
f 635/75/89 668/74/89 670/76/89
f 672/11/90 674/77/90 645/16/90
f 645/16/91 671/41/91 673/17/91
f 676/78/92 675/79/92 624/80/92
f 636/1/93 681/81/93 680/82/93
f 677/83/94 679/2/94 636/1/94
f 636/1/95 680/82/95 677/83/95
f 636/1/96 678/51/96 681/81/96
f 683/84/97 682/85/97 639/86/97
f 639/86/98 684/23/98 683/84/98
f 686/33/99 687/87/99 623/34/99
f 623/34/100 687/87/100 685/46/100
f 689/88/101 688/89/101 647/90/101
f 647/90/102 690/91/102 689/88/102
f 694/32/190 693/92/104 692/93/105
f 691/94/106 693/92/104 694/32/190
f 698/66/107 697/95/107 696/96/107
f 695/97/108 697/95/108 698/66/108
f 702/58/109 701/98/109 700/99/109
f 699/100/110 701/98/110 702/58/110
f 703/9/111 706/8/112 705/101/113
f 705/101/113 706/8/112 704/102/191
f 658/103/115 655/104/116 696/105/215
f 652/106/118 656/107/119 658/103/120
f 635/75/198 670/76/199 547/122/200
f 665/45/124 644/109/125 671/110/126
f 645/16/127 674/77/127 671/41/127
f 682/111/128 683/112/129 703/113/130
f 394/36/131 434/38/132 384/114/133
f 699/38/39 705/37/38 701/115/134
f 662/116/135 663/117/136 692/118/137
f 688/119/138 689/120/234 685/121/235
f 688/89/141 691/94/142 628/31/143
f 692/93/144 663/69/145 632/19/196
f 695/97/78 698/66/232 631/65/78
f 698/66/232 696/96/78 655/28/147
f 470/57/219 699/100/197 702/58/220
f 676/78/151 446/56/221 700/99/153
f 706/8/154 446/56/155 704/102/156
f 706/8/157 640/7/157 446/56/157
f 447/127/236 626/127/236 532/127/236
f 547/122/236 630/18/236 634/3/236
f 367/122/236 451/18/236 455/3/236
f 543/122/236 542/18/236 547/3/236
f 357/128/237 399/129/238 407/126/239
f 582/44/240 587/126/241 579/129/242
f 354/26/4 538/25/243 387/6/244
f 538/25/245 374/4/4 387/6/246
f 438/9/247 418/84/248 460/7/249
f 418/84/250 419/23/251 460/7/528
f 357/130/8 407/11/9 359/10/8
f 407/11/9 378/16/253 379/12/10
f 357/130/12 359/10/254 399/15/255
f 359/10/256 371/13/257 399/15/258
f 381/90/259 360/31/260 542/125/261
f 690/91/262 627/125/263 646/131/264
f 384/124/265 361/42/266 394/21/267
f 361/42/268 365/19/269 394/21/270
f 589/43/49 580/45/51 586/110/271
f 405/76/272 364/65/273 363/122/274
f 468/16/275 451/18/276 469/12/277
f 550/1/278 547/3/279 546/22/280
f 440/37/121 394/36/122 395/108/123
f 386/27/281 404/73/282 368/132/283
f 404/73/284 369/75/26 368/132/285
f 368/132/286 538/25/287 386/27/288
f 358/35/289 456/24/174 421/33/290
f 456/24/529 414/2/174 412/83/292
f 421/33/293 456/24/294 412/83/295
f 364/65/159 401/72/297 363/122/487
f 574/36/37 620/37/38 614/38/39
f 401/72/41 364/65/299 400/40/300
f 364/65/301 365/19/302 400/40/303
f 546/22/304 599/23/530 554/86/44
f 369/75/198 405/76/306 363/122/200
f 454/22/531 509/23/305 462/86/44
f 361/42/307 408/17/308 406/41/456
f 406/41/310 377/39/311 365/19/312
f 408/17/489 361/42/314 362/18/315
f 560/16/275 542/18/276 374/12/316
f 420/46/317 424/88/318 380/131/319
f 424/88/320 425/91/321 380/131/322
f 380/131/323 358/35/53 420/46/324
f 421/49/325 412/133/326 428/47/327
f 412/133/328 415/134/329 428/47/330
f 370/1/189 366/22/189 413/51/58
f 366/22/189 365/19/59 413/51/58
f 365/19/59 382/70/57 397/50/57
f 366/22/331 373/86/332 417/85/333
f 417/85/334 395/52/335 366/22/336
f 395/52/337 383/20/338 365/19/339
f 435/55/340 436/115/341 410/53/342
f 436/115/343 440/37/344 439/135/345
f 410/53/346 436/115/347 439/135/348
f 404/136/349 386/62/350 403/61/351
f 386/62/352 432/123/353 430/63/354
f 365/19/355 376/30/356 391/64/357
f 391/64/358 375/5/356 360/31/359
f 431/105/360 432/123/361 393/103/362
f 393/103/363 392/137/361 390/104/364
f 387/106/365 375/138/120 391/107/366
f 652/106/367 697/123/368 651/62/369
f 386/62/370 388/139/371 387/106/372
f 388/139/373 389/140/164 387/106/374
f 674/43/49 665/45/51 671/110/271
f 370/1/1 414/2/24 367/3/532
f 438/113/375 440/37/376 417/111/377
f 705/37/378 660/108/379 682/111/380
f 402/44/227 409/43/228 407/126/229
f 394/36/381 396/141/129 395/108/382
f 620/37/383 574/36/122 575/108/123
f 427/118/384 428/47/385 397/116/386
f 428/47/387 415/134/388 413/142/389
f 415/134/390 416/143/391 413/142/392
f 413/142/393 397/116/394 428/47/395
f 420/121/396 422/48/397 428/47/398
f 428/47/399 426/144/400 420/121/401
f 426/144/402 423/119/403 420/121/404
f 360/31/143 381/90/405 423/89/141
f 426/94/406 429/32/405 360/31/407
f 382/70/408 365/19/409 398/69/476
f 365/19/411 429/32/412 427/93/413
f 364/65/78 405/76/78 403/74/78
f 403/74/78 430/97/78 364/65/78
f 376/30/57 365/19/79 390/28/147
f 365/19/79 433/66/59 390/28/147
f 385/57/414 384/124/220 434/100/415
f 356/80/416 448/56/417 411/78/418
f 448/56/478 437/58/416 435/99/420
f 448/56/421 356/80/422 410/79/423
f 448/56/533 410/79/425 439/102/426
f 445/128/237 489/129/238 497/126/239
f 402/44/240 407/126/241 399/129/242
f 442/26/4 358/25/243 477/6/244
f 358/25/245 464/4/4 477/6/246
f 528/9/247 508/84/248 463/7/534
f 508/84/250 509/23/251 463/7/252
f 445/130/428 497/11/9 448/10/8
f 497/11/9 468/16/253 469/12/162
f 445/130/12 448/10/254 489/15/429
f 448/10/256 460/13/12 489/15/430
f 471/90/259 449/31/260 630/125/261
f 425/91/262 542/125/431 380/131/264
f 474/124/265 450/42/266 484/21/267
f 450/42/268 453/19/269 484/21/270
f 361/42/432 385/57/433 362/18/218
f 495/76/272 452/65/273 367/122/535
f 549/75/434 543/122/435 548/132/436
f 636/1/278 634/3/437 633/22/280
f 492/44/438 499/43/228 497/126/229
f 476/27/536 494/73/282 456/132/283
f 494/73/284 457/75/26 456/132/285
f 456/132/286 358/25/172 476/27/440
f 446/35/289 459/24/441 511/33/442
f 459/24/443 504/2/35 502/83/444
f 511/33/445 459/24/505 502/83/506
f 452/65/159 491/72/297 367/122/447
f 372/14/448 363/122/449 401/72/450
f 491/72/41 452/65/299 490/40/451
f 452/65/301 453/19/302 490/40/452
f 633/22/304 684/23/305 639/86/44
f 461/14/159 460/13/159 367/122/230
f 360/31/454 374/4/455 542/125/167
f 450/42/307 498/17/311 496/41/309
f 496/41/457 467/39/308 453/19/312
f 498/17/537 450/42/314 451/18/538
f 645/16/275 630/18/276 464/12/458
f 510/46/459 514/88/460 470/131/319
f 514/88/320 515/91/52 470/131/322
f 470/131/461 446/35/462 510/46/463
f 511/49/325 502/133/326 518/47/327
f 502/133/328 505/134/329 518/47/330
f 458/1/189 454/22/189 503/51/183
f 454/22/189 453/19/231 503/51/183
f 453/19/231 472/70/464 487/50/57
f 454/22/331 462/86/332 507/85/333
f 507/85/334 485/52/335 454/22/336
f 485/52/337 473/20/338 453/19/339
f 525/55/340 526/115/341 500/53/342
f 526/115/343 530/37/344 529/135/345
f 500/53/346 526/115/347 529/135/348
f 494/136/349 476/62/350 493/61/465
f 476/62/352 522/123/353 520/63/354
f 453/19/355 466/30/356 481/64/466
f 481/64/358 465/5/356 449/31/359
f 521/105/467 522/123/468 483/103/362
f 483/103/363 482/137/361 480/104/364
f 477/106/365 465/138/120 481/107/366
f 387/106/367 432/123/368 386/62/369
f 476/62/370 478/139/371 477/106/372
f 478/139/373 479/140/164 477/106/469
f 477/106/367 522/123/368 476/62/369
f 541/42/175 565/124/539 380/57/471
f 528/113/375 530/37/376 507/111/377
f 440/37/378 395/108/379 417/111/380
f 425/91/192 381/90/193 542/125/194
f 484/36/381 486/141/129 485/108/382
f 484/36/37 530/37/195 524/38/39
f 517/118/384 518/47/385 487/116/386
f 518/47/387 505/134/388 503/142/389
f 505/134/390 506/143/391 503/142/392
f 503/142/393 487/116/394 518/47/395
f 510/121/396 512/48/397 518/47/398
f 518/47/399 516/144/472 510/121/401
f 516/144/473 513/119/403 510/121/404
f 449/31/521 471/90/405 513/89/141
f 516/94/406 519/32/405 449/31/407
f 472/70/408 453/19/409 488/69/476
f 453/19/411 519/32/412 517/93/477
f 452/65/188 495/76/78 493/74/78
f 493/74/78 520/97/78 452/65/188
f 466/30/57 453/19/59 480/28/147
f 453/19/59 523/66/189 480/28/147
f 475/57/414 474/124/220 524/100/415
f 444/80/416 447/56/417 501/78/418
f 447/56/478 527/58/416 525/99/420
f 447/56/421 444/80/422 500/79/423
f 447/56/424 500/79/540 529/102/541
f 536/128/237 579/129/238 587/126/239
f 667/44/240 672/126/241 664/129/242
f 533/26/4 532/25/243 567/6/480
f 532/25/245 556/4/481 567/6/482
f 618/9/247 598/84/248 555/7/249
f 598/84/250 599/23/251 555/7/252
f 536/130/8 587/11/9 538/10/8
f 587/11/9 560/16/253 374/12/10
f 536/130/12 538/10/254 579/15/255
f 538/10/256 552/13/257 579/15/258
f 562/90/259 540/31/260 539/125/504
f 492/44/240 497/126/241 489/129/242
f 565/124/265 541/42/266 574/21/267
f 541/42/268 545/19/269 574/21/270
f 450/42/216 475/57/484 451/18/218
f 585/76/272 544/65/273 543/122/274
f 369/75/434 363/122/435 368/132/436
f 515/91/262 630/125/431 470/131/264
f 477/106/163 483/103/486 522/123/165
f 566/27/281 584/73/282 548/132/283
f 584/73/284 549/75/26 548/132/285
f 548/132/286 532/25/287 566/27/288
f 537/35/289 551/24/174 601/33/290
f 551/24/542 594/2/226 592/83/292
f 601/33/293 551/24/294 592/83/295
f 544/65/296 581/72/297 543/122/298
f 461/14/296 367/122/488 491/72/450
f 581/72/41 544/65/299 580/40/300
f 544/65/301 545/19/302 580/40/303
f 458/1/278 455/3/437 454/22/24
f 450/42/175 474/124/176 475/57/177
f 628/31/454 641/4/455 627/125/167
f 541/42/307 588/17/311 586/41/309
f 586/41/457 559/39/311 545/19/312
f 588/17/489 541/42/314 542/18/315
f 638/14/159 547/122/488 666/72/450
f 600/46/490 604/88/491 561/131/319
f 604/88/320 605/91/492 561/131/322
f 561/131/461 537/35/493 600/46/494
f 601/49/325 592/133/326 608/47/327
f 592/133/328 595/134/329 608/47/330
f 550/1/189 546/22/189 593/51/58
f 546/22/189 545/19/231 593/51/58
f 545/19/231 563/70/57 577/50/211
f 546/22/331 554/86/332 597/85/495
f 597/85/334 575/52/335 546/22/336
f 575/52/337 564/20/338 545/19/339
f 615/55/340 616/115/341 590/53/342
f 616/115/343 620/37/344 619/135/345
f 590/53/346 616/115/347 619/135/348
f 584/136/349 566/62/350 583/61/351
f 566/62/352 612/123/353 610/63/354
f 545/19/355 558/30/356 571/64/496
f 571/64/358 557/5/356 540/31/359
f 611/105/467 612/123/468 573/103/362
f 573/103/363 572/137/361 570/104/364
f 567/106/365 557/138/120 571/107/366
f 540/31/454 556/4/455 539/125/167
f 566/62/370 568/139/371 567/106/372
f 568/139/373 569/140/164 567/106/374
f 409/43/49 400/45/51 406/110/271
f 553/14/497 552/13/159 543/122/160
f 618/113/375 620/37/498 597/111/377
f 635/75/434 547/122/435 551/132/436
f 674/43/49 667/44/50 665/45/51
f 574/36/381 576/141/129 575/108/382
f 499/43/49 492/44/50 490/45/51
f 607/118/384 608/47/385 577/116/386
f 608/47/387 595/134/388 593/142/389
f 595/134/390 596/143/391 593/142/392
f 593/142/393 577/116/394 608/47/395
f 600/121/396 602/48/397 608/47/398
f 608/47/399 606/144/400 600/121/401
f 606/144/500 603/119/403 600/121/404
f 540/31/143 562/90/405 603/89/141
f 606/94/406 609/32/405 540/31/501
f 563/70/408 545/19/409 578/69/410
f 545/19/411 609/32/502 607/93/413
f 544/65/212 585/76/78 583/74/78
f 583/74/78 610/97/78 544/65/212
f 558/30/57 545/19/464 570/28/59
f 545/19/464 613/66/189 570/28/59
f 380/57/503 565/124/220 614/100/415
f 535/80/416 358/56/417 591/78/418
f 358/56/478 617/58/416 615/99/420
f 358/56/421 535/80/422 590/79/423
f 358/56/424 590/79/425 619/102/426
f 625/128/237 664/129/238 672/126/239
f 530/37/378 485/108/379 507/111/380
f 622/26/4 537/25/243 652/6/480
f 537/25/245 641/4/481 652/6/482
f 703/9/247 683/84/543 640/7/249
f 683/84/250 684/23/251 640/7/252
f 625/130/8 672/11/8 358/10/8
f 672/11/224 645/16/253 464/12/10
f 625/130/12 358/10/254 664/15/429
f 358/10/256 555/13/12 664/15/430
f 647/90/259 628/31/260 627/125/483
f 605/91/262 539/125/263 561/131/264
f 650/124/265 629/42/266 659/21/267
f 629/42/268 632/19/269 659/21/270
f 541/42/216 380/57/484 542/18/218
f 670/76/272 631/65/499 547/122/535
f 457/75/434 367/122/435 456/132/436
f 370/1/544 367/3/279 366/22/24
f 667/44/227 674/43/228 672/126/229
f 651/27/545 669/73/282 551/132/283
f 669/73/546 635/75/26 551/132/285
f 551/132/286 537/25/287 651/27/288
f 626/35/289 637/24/441 686/33/442
f 637/24/443 679/2/226 677/83/444
f 686/33/445 637/24/505 677/83/506
f 631/65/296 666/72/297 547/122/447
f 553/14/448 543/122/449 581/72/450
f 666/72/41 631/65/299 665/40/300
f 631/65/301 632/19/302 665/40/303
f 366/22/304 419/23/305 373/86/44
f 515/91/192 471/90/193 630/125/507
f 449/31/454 464/4/455 630/125/167
f 629/42/307 673/17/308 671/41/456
f 671/41/457 644/39/308 632/19/312
f 673/17/313 629/42/314 630/18/315
f 378/16/275 362/18/276 379/12/316
f 685/46/490 689/88/491 646/131/508
f 689/88/320 690/91/321 646/131/322
f 646/131/509 626/35/462 685/46/463
f 686/49/325 677/133/326 693/47/327
f 677/133/510 680/134/329 693/47/330
f 636/1/189 633/22/189 678/51/58
f 633/22/189 632/19/231 678/51/58
f 632/19/231 648/70/57 662/50/57
f 633/22/331 639/86/332 682/85/495
f 682/85/334 660/52/335 633/22/336
f 660/52/337 649/20/338 632/19/339
f 700/55/340 701/115/341 675/53/342
f 701/115/343 705/37/344 704/135/345
f 675/53/346 701/115/347 704/135/348
f 669/136/349 651/62/350 668/61/351
f 651/62/352 697/123/353 695/63/354
f 632/19/355 643/30/356 656/64/466
f 656/64/358 642/5/356 628/31/359
f 696/105/467 697/123/468 658/103/362
f 658/103/363 657/137/361 655/104/364
f 652/106/365 642/138/120 656/107/366
f 567/106/367 612/123/368 566/62/369
f 651/62/370 653/139/371 652/106/372
f 653/139/373 654/140/164 652/106/469
f 499/43/49 490/45/51 496/110/271
f 457/75/198 495/76/306 367/122/200
f 703/113/375 705/37/376 682/111/377
f 620/37/511 575/108/379 597/111/380
f 705/37/121 659/36/122 660/108/123
f 659/36/381 661/141/129 660/108/382
f 363/122/236 362/18/236 367/3/236
f 692/118/384 693/47/385 662/116/386
f 693/47/387 680/134/388 678/142/389
f 680/134/390 681/143/391 678/142/392
f 678/142/393 662/116/394 693/47/395
f 685/121/396 687/48/397 693/47/398
f 693/47/399 691/144/400 685/121/512
f 691/144/402 688/119/403 685/121/404
f 628/31/143 647/90/405 688/89/141
f 691/94/406 694/32/405 628/31/407
f 648/70/474 632/19/475 663/69/476
f 632/19/411 694/32/502 692/93/477
f 631/65/78 670/76/78 668/74/78
f 668/74/78 695/97/78 631/65/78
f 643/30/57 632/19/57 655/28/147
f 632/19/57 698/66/232 655/28/147
f 470/57/503 650/124/220 699/100/415
f 624/80/416 446/56/547 676/78/548
f 446/56/478 702/58/416 700/99/420
f 446/56/421 624/80/422 675/79/423
f 446/56/424 675/79/425 704/102/426
f 556/4/236 532/25/236 548/132/236
f 543/122/236 552/13/236 374/12/236
f 552/13/236 538/10/236 374/12/236
f 556/4/236 548/132/236 543/122/236
f 537/35/236 561/131/236 551/24/236
f 561/131/236 539/125/236 551/24/236
f 551/24/236 539/125/236 547/3/236
f 539/125/236 556/4/236 543/122/236
f 542/18/236 380/57/236 555/7/236
f 380/57/236 358/56/236 555/7/236
f 542/18/236 555/7/236 547/3/236
f 543/122/236 374/12/236 542/18/236
f 363/122/236 367/3/236 542/125/236
f 641/4/236 537/25/236 551/132/236
f 547/122/236 555/13/236 464/12/236
f 555/13/236 358/10/236 464/12/236
f 641/4/236 551/132/236 547/122/236
f 626/35/236 646/131/236 637/24/236
f 646/131/236 627/125/236 637/24/236
f 637/24/236 627/125/236 634/3/236
f 627/125/236 641/4/236 547/122/236
f 630/18/236 470/57/236 640/7/236
f 470/57/236 446/56/236 640/7/236
f 630/18/236 640/7/236 634/3/236
f 547/122/236 464/12/236 630/18/236
f 484/36/131 524/38/132 474/114/133
f 464/4/236 358/25/236 456/132/236
f 367/122/236 460/13/236 469/12/236
f 460/13/236 448/10/236 469/12/236
f 464/4/236 456/132/236 367/122/236
f 446/35/236 470/131/236 459/24/236
f 470/131/236 630/125/236 459/24/236
f 459/24/236 630/125/236 455/3/236
f 630/125/236 464/4/236 367/122/236
f 451/18/236 475/57/236 463/7/236
f 475/57/236 447/56/236 463/7/236
f 451/18/236 463/7/236 455/3/236
f 367/122/236 469/12/236 451/18/236
f 547/122/236 634/3/236 627/125/236
f 374/4/236 538/25/236 368/132/236
f 363/122/236 371/13/236 379/12/236
f 371/13/236 359/10/236 379/12/236
f 374/4/236 368/132/236 363/122/236
f 358/35/236 380/131/236 456/24/236
f 380/131/236 542/125/236 456/24/236
f 456/24/236 542/125/236 367/3/236
f 542/125/236 374/4/236 363/122/236
f 362/18/236 385/57/236 460/7/236
f 385/57/236 448/56/236 460/7/236
f 362/18/236 460/7/236 367/3/236
f 363/122/236 379/12/236 362/18/236
f 367/122/236 455/3/236 630/125/236
f 543/122/236 547/3/236 539/125/236
f 447/127/236 532/127/236 359/127/236
f 989/1/1 1032/2/2 987/3/3
f 727/4/4 728/5/4 740/6/4
f 813/7/5 794/8/6 791/9/7
f 712/10/8 760/11/9 732/12/10
f 724/13/11 725/14/12 752/15/13
f 998/16/204 1026/17/15 983/18/205
f 718/19/17 736/20/18 747/21/19
f 719/22/203 720/3/21 772/23/22
f 899/22/20 900/3/21 952/23/22
f 767/2/24 809/24/23 720/3/24
f 891/25/25 707/26/26 739/27/207
f 743/28/28 745/29/208 729/30/30
f 713/31/31 782/32/32 718/19/33
f 774/33/34 708/34/35 711/35/36
f 1012/36/37 1058/37/38 1052/38/39
f 718/19/40 730/39/41 753/40/42
f 720/3/43 813/7/44 772/23/45
f 811/1/1 857/2/2 808/3/3
f 759/41/46 718/19/47 714/42/48
f 942/43/49 935/44/50 933/45/51
f 711/35/52 708/34/52 773/46/53
f 781/47/54 775/48/55 774/49/56
f 750/50/57 766/51/58 718/19/59
f 719/22/60 748/52/61 718/19/62
f 763/53/63 764/54/64 788/55/65
f 801/56/66 738/57/67 790/58/68
f 707/26/69 742/59/69 741/60/69
f 707/26/70 741/60/70 739/27/70
f 707/26/71 740/6/71 742/59/71
f 756/61/72 739/62/73 783/63/74
f 744/64/75 713/31/76 718/19/77
f 717/65/78 786/66/59 718/19/79
f 729/30/80 746/67/80 744/64/80
f 729/30/30 745/29/208 746/67/81
f 748/52/82 749/68/82 736/20/82
f 736/20/83 749/68/83 747/21/83
f 751/69/84 750/50/84 735/70/84
f 725/14/85 753/40/85 755/71/85
f 754/72/86 753/40/86 725/14/86
f 725/14/87 755/71/87 752/15/87
f 757/73/88 756/74/88 722/75/88
f 722/75/89 756/74/89 758/76/89
f 760/11/90 762/77/90 731/16/90
f 731/16/91 759/41/91 761/17/91
f 764/78/92 763/79/92 709/80/92
f 723/1/93 769/81/93 768/82/93
f 765/83/94 767/2/94 723/1/94
f 723/1/95 768/82/95 765/83/95
f 723/1/96 766/51/96 769/81/96
f 771/84/97 770/85/97 726/86/97
f 726/86/98 772/23/98 771/84/98
f 774/33/99 775/87/99 708/34/99
f 708/34/100 775/87/100 773/46/100
f 777/88/101 776/89/101 734/90/101
f 734/90/102 778/91/102 777/88/102
f 782/32/103 781/92/104 780/93/105
f 779/94/106 781/92/104 782/32/103
f 786/66/107 785/95/107 784/96/107
f 783/97/108 785/95/108 786/66/108
f 790/58/109 789/98/109 788/99/109
f 787/100/110 789/98/110 790/58/110
f 791/9/111 794/8/112 793/101/113
f 793/101/113 794/8/112 792/102/191
f 746/103/115 743/104/116 784/105/117
f 740/106/118 744/107/119 746/103/120
f 883/37/121 837/36/122 838/108/123
f 753/45/124 730/109/125 759/110/126
f 731/16/127 762/77/127 759/41/127
f 770/111/128 771/112/129 791/113/130
f 927/36/131 967/38/132 918/114/133
f 787/38/39 793/37/38 789/115/134
f 750/116/135 751/117/136 780/118/137
f 776/119/138 777/120/139 773/121/140
f 776/89/141 779/94/142 713/31/549
f 780/93/144 751/69/145 718/19/146
f 783/97/78 786/66/59 717/65/78
f 786/66/59 784/96/58 743/28/147
f 738/57/148 787/100/149 790/58/150
f 764/78/151 801/56/152 788/99/153
f 794/8/154 801/56/155 792/102/156
f 794/8/157 813/7/157 801/56/157
f 725/14/158 724/13/159 716/122/160
f 817/4/4 818/5/4 830/6/4
f 816/7/550 884/8/161 881/9/7
f 801/10/8 850/11/9 822/12/162
f 813/13/551 814/14/551 842/15/551
f 740/106/163 746/103/164 785/123/165
f 806/19/17 826/20/18 837/21/19
f 802/31/166 818/5/167 817/4/168
f 913/16/169 941/17/516 895/18/16
f 857/2/170 812/24/23 808/3/171
f 711/25/26 795/26/26 829/27/26
f 833/28/28 835/29/29 819/30/30
f 802/31/31 872/32/32 806/19/33
f 864/33/173 796/34/35 799/35/36
f 982/42/470 1003/124/176 823/57/177
f 806/19/40 820/39/41 843/40/42
f 808/3/43 816/7/44 862/23/526
f 981/31/166 995/5/167 994/4/168
f 849/41/46 806/19/47 803/42/48
f 903/1/1 947/2/24 900/3/532
f 799/35/181 796/34/52 863/46/182
f 871/47/54 865/48/55 864/49/56
f 840/50/57 856/51/183 806/19/231
f 807/22/60 838/52/61 806/19/62
f 853/53/63 854/54/64 878/55/65
f 800/56/66 828/57/67 880/58/185
f 795/26/69 832/59/69 831/60/69
f 795/26/70 831/60/70 829/27/70
f 795/26/71 830/6/71 832/59/71
f 846/61/186 829/62/73 873/63/74
f 834/64/187 802/31/76 806/19/77
f 805/65/188 876/66/189 806/19/59
f 819/30/80 836/67/80 834/64/80
f 819/30/30 835/29/29 836/67/81
f 838/52/82 839/68/82 826/20/82
f 826/20/83 839/68/83 837/21/83
f 841/69/84 840/50/84 825/70/84
f 814/14/85 843/40/85 845/71/85
f 844/72/86 843/40/86 814/14/86
f 814/14/87 845/71/87 842/15/87
f 847/73/88 846/74/88 810/75/88
f 810/75/89 846/74/89 848/76/89
f 850/11/90 852/77/90 821/16/90
f 821/16/91 849/41/91 851/17/91
f 854/78/92 853/79/92 797/80/92
f 811/1/93 859/81/93 858/82/93
f 855/83/94 857/2/94 811/1/94
f 811/1/95 858/82/95 855/83/95
f 811/1/96 856/51/96 859/81/96
f 861/84/97 860/85/97 815/86/97
f 815/86/98 862/23/98 861/84/98
f 864/33/99 865/87/99 796/34/99
f 796/34/100 865/87/100 863/46/100
f 867/88/101 866/89/101 824/90/101
f 824/90/102 868/91/102 867/88/102
f 872/32/190 871/92/104 870/93/105
f 869/94/106 871/92/104 872/32/190
f 876/66/107 875/95/107 874/96/107
f 873/97/108 875/95/108 876/66/108
f 880/58/109 879/98/109 878/99/109
f 877/100/110 879/98/110 880/58/110
f 881/9/111 884/8/112 883/101/113
f 883/101/113 884/8/112 882/102/191
f 836/103/115 833/104/116 874/105/117
f 830/106/118 834/107/119 836/103/120
f 958/91/192 915/90/193 892/125/194
f 843/45/124 820/109/125 849/110/126
f 821/16/127 852/77/127 849/41/127
f 860/111/128 861/112/129 881/113/130
f 1012/36/131 1052/38/132 1003/114/133
f 877/38/39 883/37/195 879/115/134
f 840/116/135 841/117/136 870/118/137
f 866/119/138 867/120/139 863/121/140
f 866/89/141 869/94/142 802/31/143
f 870/93/144 841/69/145 806/19/196
f 873/97/78 876/66/189 805/65/188
f 876/66/189 874/96/464 833/28/147
f 828/57/148 877/100/197 880/58/150
f 854/78/151 800/56/152 878/99/153
f 884/8/154 800/56/155 882/102/156
f 884/8/157 816/7/157 800/56/157
f 902/75/198 938/76/199 896/122/200
f 909/4/201 910/5/4 920/6/202
f 908/7/5 974/8/161 971/9/7
f 891/10/8 940/11/9 727/12/10
f 905/13/11 906/14/12 932/15/13
f 986/22/203 987/3/552 1037/23/22
f 898/19/17 917/20/18 927/21/19
f 731/16/204 761/17/553 715/18/205
f 807/22/20 808/3/21 862/23/22
f 947/2/23 904/24/23 900/3/24
f 885/25/206 886/26/26 919/27/27
f 923/28/28 925/29/208 911/30/30
f 893/31/31 962/32/32 898/19/33
f 954/33/34 887/34/174 890/35/36
f 747/36/37 793/37/38 787/38/39
f 898/19/40 912/39/41 933/40/42
f 900/3/43 908/7/44 952/23/45
f 893/31/166 910/5/167 909/4/554
f 939/41/46 898/19/47 894/42/48
f 1043/91/192 1000/90/523 980/125/194
f 890/35/209 887/34/52 953/46/525
f 961/47/54 955/48/55 954/49/56
f 930/50/211 946/51/58 898/19/231
f 899/22/60 928/52/61 898/19/62
f 943/53/63 944/54/64 968/55/65
f 711/56/66 733/57/66 970/58/66
f 886/26/69 922/59/69 921/60/69
f 886/26/70 921/60/70 919/27/70
f 886/26/71 920/6/71 922/59/71
f 936/61/72 919/62/73 963/63/74
f 924/64/75 893/31/76 898/19/77
f 897/65/212 966/66/189 898/19/464
f 911/30/80 926/67/80 924/64/80
f 911/30/30 925/29/208 926/67/81
f 928/52/82 929/68/82 917/20/82
f 917/20/83 929/68/83 927/21/83
f 931/69/84 930/50/84 916/70/84
f 906/14/85 933/40/85 935/71/85
f 934/72/86 933/40/86 906/14/86
f 906/14/87 935/71/87 932/15/87
f 937/73/88 936/74/88 902/75/88
f 902/75/89 936/74/89 938/76/89
f 940/11/90 942/77/90 913/16/90
f 913/16/91 939/41/91 941/17/91
f 944/78/92 943/79/92 888/80/92
f 903/1/93 949/81/93 948/82/93
f 945/83/94 947/2/94 903/1/94
f 903/1/95 948/82/95 945/83/95
f 903/1/96 946/51/96 949/81/96
f 951/84/97 950/85/97 907/86/97
f 907/86/98 952/23/98 951/84/98
f 954/33/99 955/87/99 887/34/99
f 887/34/100 955/87/100 953/46/100
f 957/88/101 956/89/101 915/90/101
f 915/90/102 958/91/102 957/88/102
f 962/32/190 961/92/104 960/93/105
f 959/94/106 961/92/104 962/32/190
f 966/66/107 965/95/107 964/96/107
f 963/97/108 965/95/108 966/66/108
f 970/58/109 969/98/109 968/99/109
f 967/100/110 969/98/110 970/58/110
f 971/9/111 974/8/112 973/101/113
f 973/101/113 974/8/112 972/102/114
f 926/103/115 923/104/214 964/105/215
f 920/106/118 924/107/119 926/103/120
f 762/43/49 755/44/50 753/45/51
f 933/45/124 912/109/125 939/110/126
f 913/16/127 942/77/127 939/41/127
f 950/111/128 951/112/129 971/113/130
f 982/42/216 823/57/217 983/18/218
f 967/38/39 973/37/38 969/115/134
f 930/116/135 931/117/136 960/118/137
f 956/119/138 957/120/139 953/121/140
f 956/89/141 959/94/142 893/31/521
f 960/93/144 931/69/555 898/19/146
f 963/97/78 966/66/189 897/65/212
f 966/66/189 964/96/78 923/28/59
f 733/57/219 967/100/197 970/58/220
f 944/78/151 711/56/221 968/99/153
f 974/8/154 711/56/155 972/102/156
f 974/8/157 908/7/157 711/56/157
f 714/42/222 737/124/539 738/57/223
f 994/4/201 995/5/4 1005/6/202
f 993/7/5 1059/8/6 1056/9/7
f 711/10/8 1025/11/556 817/12/10
f 908/13/12 991/14/12 1017/15/12
f 713/31/166 728/5/167 727/4/168
f 985/19/17 1002/20/18 1012/21/19
f 920/106/163 926/103/164 965/123/165
f 1005/106/163 1011/103/164 1050/123/165
f 1032/2/557 990/24/24 987/3/171
f 890/25/558 975/26/172 1004/27/207
f 1008/28/28 1010/29/29 996/30/30
f 981/31/31 1047/32/225 985/19/33
f 1039/33/173 976/34/226 979/35/36
f 935/44/227 942/43/228 940/126/229
f 985/19/40 997/39/41 1018/40/42
f 987/3/43 993/7/559 1037/23/526
f 991/14/296 908/13/296 900/122/159
f 1024/41/46 985/19/560 982/42/48
f 821/16/204 851/17/553 804/18/205
f 979/35/181 976/34/52 1038/46/527
f 1046/47/54 1040/48/55 1039/49/56
f 1015/50/57 1031/51/58 985/19/231
f 986/22/60 1013/52/61 985/19/62
f 1028/53/63 1029/54/64 1053/55/65
f 799/56/66 823/57/66 1055/58/66
f 975/26/69 1007/59/69 1006/60/69
f 975/26/70 1006/60/70 1004/27/70
f 975/26/71 1005/6/71 1007/59/71
f 1021/61/72 1004/62/73 1048/63/74
f 1009/64/187 981/31/76 985/19/77
f 984/65/78 1051/66/232 985/19/57
f 996/30/80 1011/67/80 1009/64/80
f 996/30/30 1010/29/29 1011/67/81
f 1013/52/82 1014/68/82 1002/20/82
f 1002/20/83 1014/68/83 1012/21/83
f 1016/69/84 1015/50/84 1001/70/84
f 991/14/85 1018/40/85 1020/71/85
f 1019/72/86 1018/40/86 991/14/86
f 991/14/87 1020/71/87 1017/15/87
f 1022/73/88 1021/74/88 988/75/88
f 988/75/89 1021/74/89 1023/76/89
f 1025/11/90 1027/77/90 998/16/90
f 998/16/91 1024/41/91 1026/17/91
f 1029/78/92 1028/79/92 977/80/92
f 989/1/93 1034/81/93 1033/82/93
f 1030/83/94 1032/2/94 989/1/94
f 989/1/95 1033/82/95 1030/83/95
f 989/1/96 1031/51/96 1034/81/96
f 1036/84/97 1035/85/97 992/86/97
f 992/86/98 1037/23/98 1036/84/98
f 1039/33/99 1040/87/99 976/34/99
f 976/34/100 1040/87/100 1038/46/100
f 1042/88/101 1041/89/101 1000/90/101
f 1000/90/213 1043/91/213 1042/88/213
f 1047/32/190 1046/92/104 1045/93/105
f 1044/94/106 1046/92/104 1047/32/190
f 1051/66/107 1050/95/107 1049/96/107
f 1048/97/561 1050/95/561 1051/66/561
f 1055/58/109 1054/98/109 1053/99/109
f 1052/100/110 1054/98/110 1055/58/110
f 1056/9/111 1059/8/112 1058/101/113
f 1058/101/113 1059/8/112 1057/102/191
f 1011/103/115 1008/104/116 1049/105/215
f 1005/106/118 1009/107/119 1011/103/120
f 988/75/562 1023/76/199 900/122/200
f 1018/45/124 997/109/125 1024/110/126
f 998/16/563 1027/77/563 1024/41/563
f 1035/111/128 1036/112/129 1056/113/130
f 747/36/131 787/38/132 737/114/133
f 1052/38/39 1058/37/38 1054/115/134
f 1015/116/135 1016/117/136 1045/118/137
f 1041/119/138 1042/120/234 1038/121/235
f 1041/89/141 1044/94/142 981/31/549
f 1045/93/144 1016/69/145 985/19/196
f 1048/97/78 1051/66/232 984/65/78
f 1051/66/232 1049/96/78 1008/28/147
f 823/57/219 1052/100/197 1055/58/220
f 1029/78/151 799/56/221 1053/99/153
f 1059/8/154 799/56/155 1057/102/156
f 1059/8/157 993/7/157 799/56/157
f 800/127/236 979/127/236 885/127/236
f 900/122/236 983/18/236 987/3/236
f 720/122/236 804/18/236 808/3/236
f 896/122/236 895/18/236 900/3/236
f 710/128/237 752/129/238 760/126/239
f 935/44/240 940/126/241 932/129/242
f 707/26/4 891/25/243 740/6/244
f 891/25/245 727/4/4 740/6/246
f 791/9/247 771/84/543 813/7/564
f 771/84/427 772/23/161 813/7/252
f 710/130/8 760/11/9 712/10/8
f 760/11/9 731/16/253 732/12/10
f 710/130/12 712/10/254 752/15/255
f 712/10/256 724/13/257 752/15/258
f 734/90/259 713/31/260 895/125/261
f 1043/91/262 980/125/263 999/131/264
f 737/124/265 714/42/266 747/21/267
f 714/42/268 718/19/269 747/21/270
f 942/43/49 933/45/51 939/110/271
f 758/76/272 717/65/273 716/122/274
f 821/16/275 804/18/276 822/12/277
f 903/1/278 900/3/279 899/22/280
f 793/37/121 747/36/122 748/108/123
f 739/27/281 757/73/282 721/132/283
f 757/73/546 722/75/26 721/132/285
f 721/132/286 891/25/287 739/27/288
f 711/35/289 809/24/174 774/33/290
f 809/24/291 767/2/35 765/83/565
f 774/33/226 809/24/294 765/83/295
f 717/65/159 754/72/297 716/122/487
f 927/36/37 973/37/38 967/38/39
f 754/72/41 717/65/299 753/40/566
f 717/65/301 718/19/302 753/40/303
f 899/22/304 952/23/305 907/86/44
f 722/75/562 758/76/567 716/122/200
f 807/22/304 862/23/305 815/86/44
f 714/42/307 761/17/308 759/41/456
f 759/41/310 730/39/311 718/19/312
f 761/17/489 714/42/314 715/18/315
f 913/16/568 895/18/569 727/12/316
f 773/46/317 777/88/318 733/131/319
f 777/88/320 778/91/321 733/131/322
f 733/131/323 711/35/53 773/46/324
f 774/49/325 765/133/326 781/47/327
f 765/133/328 768/134/329 781/47/330
f 723/1/189 719/22/189 766/51/58
f 719/22/189 718/19/59 766/51/58
f 718/19/59 735/70/570 750/50/57
f 719/22/331 726/86/332 770/85/333
f 770/85/334 748/52/335 719/22/336
f 748/52/337 736/20/338 718/19/339
f 788/55/340 789/115/341 763/53/342
f 789/115/343 793/37/344 792/135/345
f 763/53/346 789/115/347 792/135/348
f 757/136/349 739/62/350 756/61/351
f 739/62/352 785/123/353 783/63/354
f 718/19/355 729/30/356 744/64/357
f 744/64/358 728/5/356 713/31/359
f 784/105/360 785/123/361 746/103/362
f 746/103/363 745/137/361 743/104/364
f 740/106/365 728/138/120 744/107/366
f 1005/106/367 1050/123/368 1004/62/369
f 739/62/370 741/139/371 740/106/372
f 741/139/373 742/140/164 740/106/374
f 1027/43/49 1018/45/51 1024/110/271
f 723/1/1 767/2/23 720/3/571
f 791/113/375 793/37/376 770/111/377
f 1058/37/378 1013/108/379 1035/111/380
f 755/44/227 762/43/228 760/126/229
f 747/36/381 749/141/129 748/108/382
f 973/37/383 927/36/122 928/108/123
f 780/118/384 781/47/385 750/116/386
f 781/47/387 768/134/388 766/142/389
f 768/134/390 769/143/391 766/142/392
f 766/142/393 750/116/394 781/47/395
f 773/121/396 775/48/397 781/47/398
f 781/47/399 779/144/400 773/121/401
f 779/144/402 776/119/403 773/121/404
f 713/31/549 734/90/572 776/89/141
f 779/94/406 782/32/405 713/31/573
f 735/70/408 718/19/409 751/69/410
f 718/19/411 782/32/412 780/93/413
f 717/65/78 758/76/78 756/74/78
f 756/74/78 783/97/78 717/65/78
f 729/30/57 718/19/79 743/28/147
f 718/19/79 786/66/59 743/28/147
f 738/57/414 737/124/220 787/100/415
f 709/80/416 801/56/417 764/78/418
f 801/56/478 790/58/416 788/99/420
f 801/56/421 709/80/422 763/79/423
f 801/56/533 763/79/425 792/102/426
f 798/128/237 842/129/238 850/126/239
f 755/44/240 760/126/241 752/129/242
f 795/26/4 711/25/243 830/6/244
f 711/25/245 817/4/4 830/6/246
f 881/9/574 861/84/248 816/7/575
f 861/84/427 862/23/161 816/7/252
f 798/130/428 850/11/9 801/10/8
f 850/11/9 821/16/253 822/12/162
f 798/130/12 801/10/254 842/15/429
f 801/10/256 813/13/12 842/15/430
f 824/90/259 802/31/260 983/125/261
f 778/91/262 895/125/431 733/131/264
f 827/124/265 803/42/266 837/21/267
f 803/42/268 806/19/269 837/21/270
f 714/42/432 738/57/433 715/18/218
f 848/76/272 805/65/273 720/122/274
f 902/75/434 896/122/435 901/132/436
f 989/1/278 987/3/437 986/22/280
f 845/44/438 852/43/228 850/126/229
f 829/27/439 847/73/282 809/132/283
f 847/73/284 810/75/26 809/132/285
f 809/132/286 711/25/172 829/27/440
f 799/35/289 812/24/441 864/33/442
f 812/24/443 857/2/293 855/83/444
f 864/33/445 812/24/505 855/83/506
f 805/65/159 844/72/576 720/122/577
f 725/14/448 716/122/449 754/72/578
f 844/72/41 805/65/299 843/40/451
f 805/65/301 806/19/302 843/40/452
f 986/22/304 1037/23/453 992/86/44
f 814/14/159 813/13/159 720/122/230
f 713/31/454 727/4/455 895/125/167
f 803/42/307 851/17/308 849/41/456
f 849/41/457 820/39/308 806/19/312
f 851/17/313 803/42/314 804/18/315
f 998/16/275 983/18/276 817/12/458
f 863/46/459 867/88/460 823/131/319
f 867/88/320 868/91/321 823/131/579
f 823/131/461 799/35/462 863/46/463
f 864/49/325 855/133/326 871/47/327
f 855/133/328 858/134/329 871/47/330
f 811/1/78 807/22/189 856/51/183
f 807/22/189 806/19/231 856/51/183
f 806/19/231 825/70/464 840/50/57
f 807/22/331 815/86/332 860/85/333
f 860/85/334 838/52/335 807/22/336
f 838/52/337 826/20/338 806/19/339
f 878/55/340 879/115/341 853/53/342
f 879/115/343 883/37/344 882/135/345
f 853/53/346 879/115/347 882/135/348
f 847/136/349 829/62/350 846/61/465
f 829/62/352 875/123/353 873/63/354
f 806/19/355 819/30/356 834/64/466
f 834/64/358 818/5/356 802/31/359
f 874/105/467 875/123/468 836/103/362
f 836/103/363 835/137/361 833/104/364
f 830/106/365 818/138/120 834/107/366
f 740/106/367 785/123/368 739/62/369
f 829/62/370 831/139/371 830/106/372
f 831/139/373 832/140/164 830/106/469
f 830/106/367 875/123/368 829/62/369
f 894/42/175 918/124/176 733/57/471
f 881/113/375 883/37/376 860/111/377
f 793/37/378 748/108/379 770/111/380
f 778/91/192 734/90/193 895/125/507
f 837/36/381 839/141/129 838/108/382
f 837/36/37 883/37/195 877/38/39
f 870/118/384 871/47/385 840/116/386
f 871/47/387 858/134/388 856/142/389
f 858/134/390 859/143/391 856/142/392
f 856/142/393 840/116/394 871/47/395
f 863/121/396 865/48/397 871/47/398
f 871/47/399 869/144/472 863/121/401
f 869/144/473 866/119/403 863/121/404
f 802/31/143 824/90/405 866/89/141
f 869/94/406 872/32/405 802/31/407
f 825/70/408 806/19/409 841/69/410
f 806/19/411 872/32/412 870/93/477
f 805/65/188 848/76/78 846/74/78
f 846/74/78 873/97/78 805/65/188
f 819/30/57 806/19/59 833/28/147
f 806/19/59 876/66/189 833/28/147
f 828/57/414 827/124/220 877/100/415
f 797/80/416 800/56/417 854/78/418
f 800/56/419 880/58/416 878/99/420
f 800/56/421 797/80/422 853/79/423
f 800/56/424 853/79/540 882/102/541
f 889/128/237 932/129/238 940/126/239
f 1020/44/240 1025/126/241 1017/129/242
f 886/26/4 885/25/243 920/6/480
f 885/25/245 909/4/481 920/6/482
f 971/9/247 951/84/580 908/7/564
f 951/84/250 952/23/251 908/7/581
f 889/130/8 940/11/9 891/10/8
f 940/11/9 913/16/253 727/12/10
f 889/130/12 891/10/254 932/15/255
f 891/10/256 905/13/257 932/15/258
f 915/90/259 893/31/582 892/125/483
f 845/44/240 850/126/241 842/129/242
f 918/124/265 894/42/266 927/21/267
f 894/42/268 898/19/269 927/21/270
f 803/42/216 828/57/484 804/18/218
f 938/76/272 897/65/273 896/122/274
f 722/75/434 716/122/583 721/132/499
f 868/91/262 983/125/431 823/131/264
f 830/106/163 836/103/486 875/123/165
f 919/27/281 937/73/282 901/132/283
f 937/73/284 902/75/26 901/132/285
f 901/132/286 885/25/287 919/27/288
f 890/35/289 904/24/174 954/33/290
f 904/24/584 947/2/174 945/83/292
f 954/33/293 904/24/294 945/83/295
f 897/65/296 934/72/297 896/122/298
f 814/14/159 720/122/585 844/72/578
f 934/72/41 897/65/299 933/40/300
f 897/65/301 898/19/302 933/40/303
f 811/1/278 808/3/437 807/22/24
f 803/42/222 827/124/176 828/57/177
f 981/31/454 994/4/455 980/125/167
f 894/42/307 941/17/308 939/41/456
f 939/41/457 912/39/311 898/19/312
f 941/17/489 894/42/314 895/18/315
f 991/14/159 900/122/585 1019/72/578
f 953/46/490 957/88/491 914/131/319
f 957/88/320 958/91/321 914/131/322
f 914/131/461 890/35/462 953/46/494
f 954/49/325 945/133/326 961/47/327
f 945/133/328 948/134/329 961/47/330
f 903/1/189 899/22/189 946/51/58
f 899/22/189 898/19/231 946/51/58
f 898/19/231 916/70/570 930/50/211
f 899/22/331 907/86/332 950/85/495
f 950/85/334 928/52/335 899/22/336
f 928/52/337 917/20/338 898/19/339
f 968/55/340 969/115/341 943/53/342
f 969/115/343 973/37/344 972/135/345
f 943/53/346 969/115/347 972/135/348
f 937/136/349 919/62/350 936/61/351
f 919/62/352 965/123/353 963/63/354
f 898/19/355 911/30/356 924/64/357
f 924/64/586 910/5/356 893/31/359
f 964/105/467 965/123/468 926/103/362
f 926/103/363 925/137/361 923/104/364
f 920/106/365 910/138/120 924/107/366
f 893/31/454 909/4/455 892/125/167
f 919/62/370 921/139/371 920/106/372
f 921/139/373 922/140/164 920/106/374
f 762/43/49 753/45/51 759/110/271
f 906/14/587 905/13/296 896/122/588
f 971/113/375 973/37/498 950/111/377
f 988/75/434 900/122/435 904/132/499
f 1027/43/49 1020/44/50 1018/45/51
f 927/36/381 929/141/129 928/108/382
f 852/43/49 845/44/50 843/45/51
f 960/118/384 961/47/385 930/116/386
f 961/47/387 948/134/388 946/142/389
f 948/134/390 949/143/391 946/142/392
f 946/142/393 930/116/394 961/47/395
f 953/121/396 955/48/397 961/47/398
f 961/47/399 959/144/400 953/121/401
f 959/144/500 956/119/403 953/121/404
f 893/31/521 915/90/405 956/89/141
f 959/94/406 962/32/405 893/31/501
f 916/70/408 898/19/409 931/69/410
f 898/19/411 962/32/502 960/93/413
f 897/65/212 938/76/78 936/74/78
f 936/74/78 963/97/78 897/65/212
f 911/30/57 898/19/464 923/28/59
f 898/19/464 966/66/189 923/28/59
f 733/57/503 918/124/220 967/100/415
f 888/80/416 711/56/417 944/78/418
f 711/56/478 970/58/416 968/99/420
f 711/56/421 888/80/422 943/79/423
f 711/56/533 943/79/425 972/102/426
f 978/128/237 1017/129/238 1025/126/239
f 883/37/378 838/108/379 860/111/380
f 975/26/4 890/25/243 1005/6/480
f 890/25/245 994/4/481 1005/6/482
f 1056/9/247 1036/84/543 993/7/564
f 1036/84/250 1037/23/251 993/7/252
f 978/130/8 1025/11/8 711/10/8
f 1025/11/556 998/16/253 817/12/10
f 978/130/12 711/10/254 1017/15/429
f 711/10/256 908/13/12 1017/15/430
f 1000/90/589 981/31/260 980/125/504
f 958/91/262 892/125/263 914/131/264
f 1003/124/265 982/42/266 1012/21/267
f 982/42/268 985/19/269 1012/21/270
f 894/42/216 733/57/484 895/18/218
f 1023/76/272 984/65/499 900/122/535
f 810/75/434 720/122/583 809/132/499
f 723/1/278 720/3/279 719/22/24
f 1020/44/227 1027/43/228 1025/126/229
f 1004/27/281 1022/73/282 904/132/283
f 1022/73/284 988/75/172 904/132/590
f 904/132/286 890/25/287 1004/27/288
f 979/35/289 990/24/441 1039/33/442
f 990/24/443 1032/2/174 1030/83/444
f 1039/33/445 990/24/505 1030/83/506
f 984/65/296 1019/72/591 900/122/447
f 906/14/448 896/122/449 934/72/578
f 1019/72/41 984/65/299 1018/40/300
f 984/65/301 985/19/302 1018/40/303
f 719/22/304 772/23/305 726/86/44
f 868/91/192 824/90/193 983/125/507
f 802/31/454 817/4/455 983/125/167
f 982/42/307 1026/17/308 1024/41/456
f 1024/41/457 997/39/308 985/19/312
f 1026/17/489 982/42/314 983/18/315
f 731/16/275 715/18/276 732/12/316
f 1038/46/490 1042/88/491 999/131/508
f 1042/88/320 1043/91/492 999/131/579
f 999/131/509 979/35/462 1038/46/463
f 1039/49/325 1030/133/326 1046/47/327
f 1030/133/510 1033/134/329 1046/47/330
f 989/1/189 986/22/189 1031/51/58
f 986/22/189 985/19/231 1031/51/58
f 985/19/231 1001/70/57 1015/50/57
f 986/22/331 992/86/332 1035/85/495
f 1035/85/334 1013/52/335 986/22/336
f 1013/52/337 1002/20/338 985/19/339
f 1053/55/340 1054/115/341 1028/53/342
f 1054/115/343 1058/37/344 1057/135/345
f 1028/53/346 1054/115/347 1057/135/348
f 1022/136/349 1004/62/350 1021/61/351
f 1004/62/352 1050/123/353 1048/63/354
f 985/19/355 996/30/356 1009/64/496
f 1009/64/358 995/5/356 981/31/359
f 1049/105/467 1050/123/468 1011/103/362
f 1011/103/363 1010/137/361 1008/104/364
f 1005/106/365 995/138/120 1009/107/366
f 920/106/367 965/123/368 919/62/369
f 1004/62/370 1006/139/371 1005/106/372
f 1006/139/373 1007/140/164 1005/106/469
f 852/43/49 843/45/51 849/110/271
f 810/75/562 848/76/567 720/122/200
f 1056/113/375 1058/37/376 1035/111/377
f 973/37/511 928/108/379 950/111/380
f 1058/37/121 1012/36/122 1013/108/123
f 1012/36/381 1014/141/129 1013/108/382
f 716/122/236 715/18/236 720/3/236
f 1045/118/384 1046/47/385 1015/116/386
f 1046/47/387 1033/134/388 1031/142/389
f 1033/134/390 1034/143/391 1031/142/392
f 1031/142/393 1015/116/394 1046/47/395
f 1038/121/396 1040/48/397 1046/47/398
f 1046/47/399 1044/144/400 1038/121/512
f 1044/144/402 1041/119/403 1038/121/404
f 981/31/549 1000/90/405 1041/89/141
f 1044/94/406 1047/32/405 981/31/407
f 1001/70/408 985/19/409 1016/69/476
f 985/19/411 1047/32/502 1045/93/477
f 984/65/78 1023/76/78 1021/74/78
f 1021/74/78 1048/97/78 984/65/78
f 996/30/57 985/19/57 1008/28/147
f 985/19/57 1051/66/232 1008/28/147
f 823/57/503 1003/124/220 1052/100/415
f 977/80/416 799/56/417 1029/78/418
f 799/56/478 1055/58/416 1053/99/420
f 799/56/421 977/80/422 1028/79/423
f 799/56/533 1028/79/425 1057/102/426
f 909/4/236 885/25/236 901/132/236
f 896/122/236 905/13/236 727/12/236
f 905/13/236 891/10/236 727/12/236
f 909/4/236 901/132/236 896/122/236
f 890/35/236 914/131/236 904/24/236
f 914/131/236 892/125/236 904/24/236
f 904/24/236 892/125/236 900/3/236
f 892/125/236 909/4/236 896/122/236
f 895/18/236 733/57/236 908/7/236
f 733/57/236 711/56/236 908/7/236
f 895/18/236 908/7/236 900/3/236
f 896/122/236 727/12/236 895/18/236
f 716/122/236 720/3/236 895/125/236
f 994/4/236 890/25/236 904/132/236
f 900/122/236 908/13/236 817/12/236
f 908/13/236 711/10/236 817/12/236
f 994/4/236 904/132/236 900/122/236
f 979/35/236 999/131/236 990/24/236
f 999/131/236 980/125/236 990/24/236
f 990/24/236 980/125/236 987/3/236
f 980/125/236 994/4/236 900/122/236
f 983/18/236 823/57/236 993/7/236
f 823/57/236 799/56/236 993/7/236
f 983/18/236 993/7/236 987/3/236
f 900/122/236 817/12/236 983/18/236
f 837/36/131 877/38/132 827/114/133
f 817/4/236 711/25/236 809/132/236
f 720/122/236 813/13/236 822/12/236
f 813/13/236 801/10/236 822/12/236
f 817/4/236 809/132/236 720/122/236
f 799/35/236 823/131/236 812/24/236
f 823/131/236 983/125/236 812/24/236
f 812/24/236 983/125/236 808/3/236
f 983/125/236 817/4/236 720/122/236
f 804/18/236 828/57/236 816/7/236
f 828/57/236 800/56/236 816/7/236
f 804/18/236 816/7/236 808/3/236
f 720/122/236 822/12/236 804/18/236
f 900/122/236 987/3/236 980/125/236
f 727/4/236 891/25/236 721/132/236
f 716/122/236 724/13/236 732/12/236
f 724/13/236 712/10/236 732/12/236
f 727/4/236 721/132/236 716/122/236
f 711/35/236 733/131/236 809/24/236
f 733/131/236 895/125/236 809/24/236
f 809/24/236 895/125/236 720/3/236
f 895/125/236 727/4/236 716/122/236
f 715/18/236 738/57/236 813/7/236
f 738/57/236 801/56/236 813/7/236
f 715/18/236 813/7/236 720/3/236
f 716/122/236 732/12/236 715/18/236
f 720/122/236 808/3/236 983/125/236
f 896/122/236 900/3/236 892/125/236
f 800/127/236 885/127/236 712/127/236
f 1342/1/1 1385/2/2 1340/3/3
f 1080/4/4 1081/5/4 1093/6/4
f 1166/7/5 1147/8/6 1144/9/7
f 1065/10/8 1113/11/9 1085/12/162
f 1077/13/11 1078/14/12 1105/15/13
f 1351/16/204 1379/17/15 1336/18/205
f 1071/19/17 1089/20/18 1100/21/19
f 1072/22/592 1073/3/21 1125/23/22
f 1252/22/20 1253/3/21 1305/23/593
f 1120/2/24 1162/24/23 1073/3/24
f 1244/25/25 1060/26/26 1092/27/27
f 1096/28/28 1098/29/208 1082/30/30
f 1066/31/31 1135/32/32 1071/19/33
f 1127/33/34 1061/34/35 1064/35/36
f 1365/36/37 1411/37/38 1405/38/39
f 1071/19/40 1083/39/41 1106/40/42
f 1073/3/43 1166/7/44 1125/23/45
f 1164/1/1 1210/2/2 1161/3/515
f 1112/41/46 1071/19/47 1067/42/48
f 1295/43/49 1288/44/50 1286/45/51
f 1064/35/52 1061/34/52 1126/46/53
f 1134/47/54 1128/48/55 1127/49/56
f 1103/50/57 1119/51/58 1071/19/59
f 1072/22/60 1101/52/61 1071/19/62
f 1116/53/63 1117/54/64 1141/55/65
f 1154/56/66 1091/57/594 1143/58/68
f 1060/26/69 1095/59/69 1094/60/69
f 1060/26/70 1094/60/70 1092/27/70
f 1060/26/71 1093/6/71 1095/59/71
f 1109/61/72 1092/62/73 1136/63/74
f 1097/64/75 1066/31/76 1071/19/77
f 1070/65/78 1139/66/59 1071/19/79
f 1082/30/80 1099/67/80 1097/64/80
f 1082/30/30 1098/29/208 1099/67/81
f 1101/52/82 1102/68/82 1089/20/82
f 1089/20/83 1102/68/83 1100/21/83
f 1104/69/84 1103/50/84 1088/70/84
f 1078/14/85 1106/40/85 1108/71/85
f 1107/72/86 1106/40/86 1078/14/86
f 1078/14/87 1108/71/87 1105/15/87
f 1110/73/88 1109/74/88 1075/75/88
f 1075/75/89 1109/74/89 1111/76/89
f 1113/11/90 1115/77/90 1084/16/90
f 1084/16/91 1112/41/91 1114/17/91
f 1117/78/92 1116/79/92 1062/80/92
f 1076/1/93 1122/81/93 1121/82/93
f 1118/83/94 1120/2/94 1076/1/94
f 1076/1/95 1121/82/95 1118/83/95
f 1076/1/96 1119/51/96 1122/81/96
f 1124/84/97 1123/85/97 1079/86/97
f 1079/86/98 1125/23/98 1124/84/98
f 1127/33/99 1128/87/99 1061/34/99
f 1061/34/100 1128/87/100 1126/46/100
f 1130/88/101 1129/89/101 1087/90/101
f 1087/90/102 1131/91/102 1130/88/102
f 1135/32/103 1134/92/104 1133/93/105
f 1132/94/106 1134/92/104 1135/32/103
f 1139/66/107 1138/95/107 1137/96/107
f 1136/97/108 1138/95/108 1139/66/108
f 1143/58/109 1142/98/109 1141/99/109
f 1140/100/110 1142/98/110 1143/58/110
f 1144/9/111 1147/8/112 1146/101/113
f 1146/101/113 1147/8/112 1145/102/191
f 1099/103/115 1096/104/116 1137/105/117
f 1093/106/118 1097/107/119 1099/103/120
f 1236/37/121 1190/36/122 1191/108/123
f 1106/45/124 1083/109/125 1112/110/126
f 1084/16/127 1115/77/127 1112/41/127
f 1123/111/128 1124/112/129 1144/113/130
f 1280/36/131 1320/38/132 1271/114/133
f 1140/38/39 1146/37/38 1142/115/134
f 1103/116/135 1104/117/136 1133/118/137
f 1129/119/138 1130/120/139 1126/121/140
f 1129/89/141 1132/94/142 1066/31/521
f 1133/93/144 1104/69/145 1071/19/146
f 1136/97/78 1139/66/59 1070/65/78
f 1139/66/59 1137/96/58 1096/28/147
f 1091/57/148 1140/100/149 1143/58/150
f 1117/78/151 1154/56/152 1141/99/153
f 1147/8/154 1154/56/155 1145/102/156
f 1147/8/157 1166/7/157 1154/56/157
f 1078/14/158 1077/13/159 1069/122/160
f 1170/4/4 1171/5/4 1183/6/4
f 1169/7/595 1237/8/161 1234/9/7
f 1154/10/8 1203/11/9 1175/12/162
f 1166/13/551 1167/14/551 1195/15/551
f 1093/106/163 1099/103/164 1138/123/165
f 1159/19/17 1179/20/18 1190/21/19
f 1155/31/166 1171/5/167 1170/4/168
f 1266/16/169 1294/17/516 1248/18/16
f 1210/2/170 1165/24/23 1161/3/171
f 1064/25/26 1148/26/26 1182/27/26
f 1186/28/28 1188/29/29 1172/30/30
f 1155/31/31 1225/32/32 1159/19/33
f 1217/33/173 1149/34/35 1152/35/36
f 1335/42/470 1356/124/539 1176/57/177
f 1159/19/40 1173/39/41 1196/40/42
f 1161/3/43 1169/7/44 1215/23/526
f 1334/31/166 1348/5/167 1347/4/168
f 1202/41/46 1159/19/47 1156/42/48
f 1256/1/1 1300/2/24 1253/3/532
f 1152/35/524 1149/34/52 1216/46/182
f 1224/47/54 1218/48/55 1217/49/56
f 1193/50/57 1209/51/183 1159/19/231
f 1160/22/60 1191/52/61 1159/19/62
f 1206/53/63 1207/54/64 1231/55/65
f 1153/56/66 1181/57/67 1233/58/185
f 1148/26/69 1185/59/69 1184/60/69
f 1148/26/70 1184/60/70 1182/27/70
f 1148/26/71 1183/6/71 1185/59/71
f 1199/61/186 1182/62/73 1226/63/74
f 1187/64/187 1155/31/76 1159/19/77
f 1158/65/188 1229/66/189 1159/19/59
f 1172/30/80 1189/67/80 1187/64/80
f 1172/30/30 1188/29/29 1189/67/81
f 1191/52/82 1192/68/82 1179/20/82
f 1179/20/83 1192/68/83 1190/21/83
f 1194/69/84 1193/50/84 1178/70/84
f 1167/14/85 1196/40/85 1198/71/85
f 1197/72/86 1196/40/86 1167/14/86
f 1167/14/87 1198/71/87 1195/15/87
f 1200/73/88 1199/74/88 1163/75/88
f 1163/75/596 1199/74/596 1201/76/596
f 1203/11/90 1205/77/90 1174/16/90
f 1174/16/91 1202/41/91 1204/17/91
f 1207/78/92 1206/79/92 1150/80/92
f 1164/1/93 1212/81/93 1211/82/93
f 1208/83/94 1210/2/94 1164/1/94
f 1164/1/95 1211/82/95 1208/83/95
f 1164/1/96 1209/51/96 1212/81/96
f 1214/84/97 1213/85/97 1168/86/97
f 1168/86/597 1215/23/597 1214/84/597
f 1217/33/99 1218/87/99 1149/34/99
f 1149/34/100 1218/87/100 1216/46/100
f 1220/88/101 1219/89/101 1177/90/101
f 1177/90/102 1221/91/102 1220/88/102
f 1225/32/190 1224/92/104 1223/93/105
f 1222/94/106 1224/92/104 1225/32/190
f 1229/66/107 1228/95/107 1227/96/107
f 1226/97/108 1228/95/108 1229/66/108
f 1233/58/109 1232/98/109 1231/99/109
f 1230/100/110 1232/98/110 1233/58/110
f 1234/9/111 1237/8/112 1236/101/113
f 1236/101/113 1237/8/112 1235/102/191
f 1189/103/115 1186/104/116 1227/105/117
f 1183/106/118 1187/107/119 1189/103/120
f 1311/91/192 1268/90/193 1245/125/194
f 1196/45/124 1173/109/125 1202/110/126
f 1174/16/127 1205/77/127 1202/41/127
f 1213/111/128 1214/112/129 1234/113/130
f 1365/36/131 1405/38/132 1356/114/133
f 1230/38/39 1236/37/195 1232/115/134
f 1193/116/135 1194/117/136 1223/118/137
f 1219/119/138 1220/120/139 1216/121/140
f 1219/89/141 1222/94/142 1155/31/143
f 1223/93/144 1194/69/145 1159/19/196
f 1226/97/78 1229/66/189 1158/65/188
f 1229/66/189 1227/96/183 1186/28/147
f 1181/57/148 1230/100/149 1233/58/598
f 1207/78/151 1153/56/152 1231/99/153
f 1237/8/154 1153/56/155 1235/102/156
f 1237/8/157 1169/7/157 1153/56/157
f 1255/75/198 1291/76/199 1249/122/200
f 1262/4/201 1263/5/4 1273/6/202
f 1261/7/5 1327/8/161 1324/9/7
f 1244/10/8 1293/11/9 1080/12/10
f 1258/13/11 1259/14/12 1285/15/13
f 1339/22/592 1340/3/599 1390/23/600
f 1251/19/17 1270/20/18 1280/21/19
f 1084/16/204 1114/17/15 1068/18/205
f 1160/22/20 1161/3/21 1215/23/22
f 1300/2/23 1257/24/23 1253/3/24
f 1238/25/206 1239/26/26 1272/27/27
f 1276/28/28 1278/29/208 1264/30/30
f 1246/31/31 1315/32/32 1251/19/33
f 1307/33/34 1240/34/174 1243/35/36
f 1100/36/37 1146/37/38 1140/38/39
f 1251/19/40 1265/39/41 1286/40/42
f 1253/3/43 1261/7/44 1305/23/45
f 1246/31/166 1263/5/167 1262/4/554
f 1292/41/46 1251/19/47 1247/42/48
f 1396/91/192 1353/90/601 1333/125/194
f 1243/35/524 1240/34/52 1306/46/525
f 1314/47/54 1308/48/55 1307/49/56
f 1283/50/211 1299/51/58 1251/19/231
f 1252/22/60 1281/52/61 1251/19/62
f 1296/53/63 1297/54/64 1321/55/65
f 1064/56/66 1086/57/66 1323/58/66
f 1239/26/69 1275/59/69 1274/60/69
f 1239/26/70 1274/60/70 1272/27/70
f 1239/26/71 1273/6/71 1275/59/71
f 1289/61/72 1272/62/73 1316/63/74
f 1277/64/75 1246/31/76 1251/19/77
f 1250/65/212 1319/66/189 1251/19/183
f 1264/30/80 1279/67/80 1277/64/80
f 1264/30/30 1278/29/208 1279/67/81
f 1281/52/82 1282/68/82 1270/20/82
f 1270/20/83 1282/68/83 1280/21/83
f 1284/69/84 1283/50/84 1269/70/84
f 1259/14/85 1286/40/85 1288/71/85
f 1287/72/86 1286/40/86 1259/14/86
f 1259/14/87 1288/71/87 1285/15/87
f 1290/73/88 1289/74/88 1255/75/88
f 1255/75/89 1289/74/89 1291/76/89
f 1293/11/90 1295/77/90 1266/16/90
f 1266/16/91 1292/41/91 1294/17/91
f 1297/78/92 1296/79/92 1241/80/92
f 1256/1/93 1302/81/93 1301/82/93
f 1298/83/94 1300/2/94 1256/1/94
f 1256/1/95 1301/82/95 1298/83/95
f 1256/1/96 1299/51/96 1302/81/96
f 1304/84/97 1303/85/97 1260/86/97
f 1260/86/98 1305/23/98 1304/84/98
f 1307/33/99 1308/87/99 1240/34/99
f 1240/34/100 1308/87/100 1306/46/100
f 1310/88/101 1309/89/101 1268/90/101
f 1268/90/213 1311/91/213 1310/88/213
f 1315/32/190 1314/92/104 1313/93/105
f 1312/94/106 1314/92/104 1315/32/190
f 1319/66/107 1318/95/107 1317/96/107
f 1316/97/108 1318/95/108 1319/66/108
f 1323/58/109 1322/98/109 1321/99/109
f 1320/100/110 1322/98/110 1323/58/110
f 1324/9/111 1327/8/112 1326/101/113
f 1326/101/113 1327/8/112 1325/102/114
f 1279/103/115 1276/104/214 1317/105/215
f 1273/106/118 1277/107/119 1279/103/120
f 1115/43/49 1108/44/50 1106/45/51
f 1286/45/124 1265/109/125 1292/110/126
f 1266/16/127 1295/77/127 1292/41/127
f 1303/111/128 1304/112/129 1324/113/130
f 1335/42/216 1176/57/217 1336/18/218
f 1320/38/39 1326/37/38 1322/115/134
f 1283/116/135 1284/117/136 1313/118/137
f 1309/119/138 1310/120/139 1306/121/140
f 1309/89/141 1312/94/142 1246/31/521
f 1313/93/144 1284/69/555 1251/19/146
f 1316/97/78 1319/66/189 1250/65/212
f 1319/66/189 1317/96/78 1276/28/59
f 1086/57/602 1320/100/149 1323/58/603
f 1297/78/151 1064/56/221 1321/99/153
f 1327/8/154 1064/56/155 1325/102/156
f 1327/8/157 1261/7/157 1064/56/157
f 1067/42/222 1090/124/539 1091/57/223
f 1347/4/201 1348/5/4 1358/6/202
f 1346/7/5 1412/8/6 1409/9/7
f 1064/10/8 1378/11/224 1170/12/10
f 1261/13/12 1344/14/12 1370/15/12
f 1066/31/166 1081/5/167 1080/4/168
f 1338/19/17 1355/20/18 1365/21/19
f 1273/106/163 1279/103/164 1318/123/165
f 1358/106/163 1364/103/164 1403/123/165
f 1385/2/557 1343/24/24 1340/3/171
f 1243/25/558 1328/26/172 1357/27/207
f 1361/28/28 1363/29/29 1349/30/30
f 1334/31/31 1400/32/225 1338/19/33
f 1392/33/173 1329/34/226 1332/35/36
f 1288/44/227 1295/43/228 1293/126/229
f 1338/19/40 1350/39/41 1371/40/42
f 1340/3/43 1346/7/559 1390/23/526
f 1344/14/296 1261/13/296 1253/122/159
f 1377/41/46 1338/19/560 1335/42/48
f 1174/16/204 1204/17/15 1157/18/205
f 1332/35/181 1329/34/52 1391/46/182
f 1399/47/54 1393/48/55 1392/49/56
f 1368/50/57 1384/51/58 1338/19/231
f 1339/22/60 1366/52/61 1338/19/62
f 1381/53/63 1382/54/64 1406/55/65
f 1152/56/66 1176/57/66 1408/58/66
f 1328/26/69 1360/59/69 1359/60/69
f 1328/26/70 1359/60/70 1357/27/70
f 1328/26/71 1358/6/71 1360/59/71
f 1374/61/72 1357/62/73 1401/63/74
f 1362/64/187 1334/31/76 1338/19/77
f 1337/65/78 1404/66/232 1338/19/57
f 1349/30/80 1364/67/80 1362/64/80
f 1349/30/30 1363/29/29 1364/67/81
f 1366/52/82 1367/68/82 1355/20/82
f 1355/20/83 1367/68/83 1365/21/83
f 1369/69/84 1368/50/84 1354/70/84
f 1344/14/85 1371/40/85 1373/71/85
f 1372/72/86 1371/40/86 1344/14/86
f 1344/14/604 1373/71/604 1370/15/604
f 1375/73/88 1374/74/88 1341/75/88
f 1341/75/89 1374/74/89 1376/76/89
f 1378/11/90 1380/77/90 1351/16/90
f 1351/16/91 1377/41/91 1379/17/91
f 1382/78/92 1381/79/92 1330/80/92
f 1342/1/93 1387/81/93 1386/82/93
f 1383/83/94 1385/2/94 1342/1/94
f 1342/1/95 1386/82/95 1383/83/95
f 1342/1/96 1384/51/96 1387/81/96
f 1389/84/97 1388/85/97 1345/86/97
f 1345/86/98 1390/23/98 1389/84/98
f 1392/33/99 1393/87/99 1329/34/99
f 1329/34/100 1393/87/100 1391/46/100
f 1395/88/101 1394/89/101 1353/90/101
f 1353/90/213 1396/91/213 1395/88/213
f 1400/32/190 1399/92/104 1398/93/105
f 1397/94/106 1399/92/104 1400/32/190
f 1404/66/107 1403/95/107 1402/96/107
f 1401/97/561 1403/95/561 1404/66/561
f 1408/58/109 1407/98/109 1406/99/109
f 1405/100/110 1407/98/110 1408/58/110
f 1409/9/111 1412/8/112 1411/101/113
f 1411/101/113 1412/8/112 1410/102/191
f 1364/103/115 1361/104/116 1402/105/215
f 1358/106/118 1362/107/119 1364/103/120
f 1341/75/562 1376/76/199 1253/122/200
f 1371/45/124 1350/109/125 1377/110/126
f 1351/16/563 1380/77/563 1377/41/563
f 1388/111/128 1389/112/129 1409/113/130
f 1100/36/131 1140/38/132 1090/114/133
f 1405/38/39 1411/37/38 1407/115/134
f 1368/116/135 1369/117/136 1398/118/137
f 1394/119/138 1395/120/234 1391/121/235
f 1394/89/141 1397/94/142 1334/31/549
f 1398/93/144 1369/69/145 1338/19/196
f 1401/97/78 1404/66/232 1337/65/78
f 1404/66/232 1402/96/78 1361/28/147
f 1176/57/602 1405/100/149 1408/58/603
f 1382/78/151 1152/56/221 1406/99/153
f 1412/8/154 1152/56/155 1410/102/156
f 1412/8/157 1346/7/157 1152/56/157
f 1153/127/236 1332/127/236 1238/127/236
f 1253/122/236 1336/18/236 1340/3/236
f 1073/122/236 1157/18/236 1161/3/236
f 1249/122/236 1248/18/236 1253/3/236
f 1063/128/237 1105/129/238 1113/126/239
f 1288/44/240 1293/126/241 1285/129/242
f 1060/26/4 1244/25/605 1093/6/606
f 1244/25/245 1080/4/4 1093/6/246
f 1144/9/247 1124/84/248 1166/7/564
f 1124/84/427 1125/23/161 1166/7/252
f 1063/130/8 1113/11/9 1065/10/8
f 1113/11/9 1084/16/607 1085/12/162
f 1063/130/12 1065/10/254 1105/15/255
f 1065/10/256 1077/13/257 1105/15/258
f 1087/90/259 1066/31/582 1248/125/261
f 1396/91/262 1333/125/263 1352/131/264
f 1090/124/265 1067/42/266 1100/21/267
f 1067/42/268 1071/19/269 1100/21/270
f 1295/43/49 1286/45/51 1292/110/271
f 1111/76/272 1070/65/273 1069/122/274
f 1174/16/275 1157/18/276 1175/12/277
f 1256/1/278 1253/3/279 1252/22/24
f 1146/37/121 1100/36/122 1101/108/123
f 1092/27/281 1110/73/282 1074/132/283
f 1110/73/546 1075/75/172 1074/132/590
f 1074/132/286 1244/25/287 1092/27/288
f 1064/35/289 1162/24/174 1127/33/290
f 1162/24/291 1120/2/35 1118/83/565
f 1127/33/226 1162/24/294 1118/83/295
f 1070/65/159 1107/72/297 1069/122/487
f 1280/36/37 1326/37/38 1320/38/39
f 1107/72/41 1070/65/299 1106/40/300
f 1070/65/301 1071/19/302 1106/40/303
f 1252/22/531 1305/23/305 1260/86/44
f 1075/75/562 1111/76/567 1069/122/200
f 1160/22/531 1215/23/305 1168/86/44
f 1067/42/307 1114/17/308 1112/41/456
f 1112/41/310 1083/39/311 1071/19/312
f 1114/17/313 1067/42/314 1068/18/315
f 1266/16/568 1248/18/569 1080/12/316
f 1126/46/317 1130/88/318 1086/131/319
f 1130/88/320 1131/91/321 1086/131/322
f 1086/131/323 1064/35/53 1126/46/324
f 1127/49/325 1118/133/326 1134/47/327
f 1118/133/328 1121/134/329 1134/47/330
f 1076/1/189 1072/22/189 1119/51/58
f 1072/22/189 1071/19/59 1119/51/58
f 1071/19/59 1088/70/570 1103/50/57
f 1072/22/331 1079/86/332 1123/85/333
f 1123/85/334 1101/52/335 1072/22/336
f 1101/52/337 1089/20/338 1071/19/339
f 1141/55/340 1142/115/341 1116/53/342
f 1142/115/343 1146/37/344 1145/135/345
f 1116/53/346 1142/115/347 1145/135/348
f 1110/136/349 1092/62/350 1109/61/351
f 1092/62/352 1138/123/353 1136/63/354
f 1071/19/355 1082/30/356 1097/64/357
f 1097/64/358 1081/5/356 1066/31/359
f 1137/105/360 1138/123/361 1099/103/362
f 1099/103/363 1098/137/361 1096/104/364
f 1093/106/365 1081/138/120 1097/107/366
f 1358/106/367 1403/123/368 1357/62/369
f 1092/62/370 1094/139/371 1093/106/372
f 1094/139/373 1095/140/164 1093/106/374
f 1380/43/49 1371/45/51 1377/110/271
f 1076/1/608 1120/2/23 1073/3/609
f 1144/113/375 1146/37/376 1123/111/377
f 1411/37/378 1366/108/379 1388/111/380
f 1108/44/227 1115/43/228 1113/126/229
f 1100/36/381 1102/141/129 1101/108/382
f 1326/37/383 1280/36/122 1281/108/123
f 1133/118/384 1134/47/385 1103/116/386
f 1134/47/387 1121/134/388 1119/142/389
f 1121/134/390 1122/143/136 1119/142/392
f 1119/142/393 1103/116/394 1134/47/395
f 1126/121/396 1128/48/397 1134/47/398
f 1134/47/399 1132/144/400 1126/121/401
f 1132/144/402 1129/119/403 1126/121/404
f 1066/31/521 1087/90/572 1129/89/141
f 1132/94/406 1135/32/405 1066/31/573
f 1088/70/408 1071/19/409 1104/69/410
f 1071/19/411 1135/32/412 1133/93/413
f 1070/65/78 1111/76/78 1109/74/78
f 1109/74/78 1136/97/78 1070/65/78
f 1082/30/57 1071/19/79 1096/28/147
f 1071/19/79 1139/66/59 1096/28/147
f 1091/57/414 1090/124/220 1140/100/415
f 1062/80/416 1154/56/417 1117/78/418
f 1154/56/478 1143/58/416 1141/99/420
f 1154/56/421 1062/80/422 1116/79/423
f 1154/56/533 1116/79/425 1145/102/426
f 1151/128/237 1195/129/238 1203/126/239
f 1108/44/240 1113/126/241 1105/129/242
f 1148/26/4 1064/25/243 1183/6/606
f 1064/25/245 1170/4/4 1183/6/246
f 1234/9/574 1214/84/248 1169/7/575
f 1214/84/427 1215/23/161 1169/7/252
f 1151/130/428 1203/11/9 1154/10/8
f 1203/11/9 1174/16/607 1175/12/162
f 1151/130/12 1154/10/254 1195/15/429
f 1154/10/256 1166/13/12 1195/15/430
f 1177/90/259 1155/31/260 1336/125/261
f 1131/91/262 1248/125/610 1086/131/264
f 1180/124/265 1156/42/266 1190/21/267
f 1156/42/268 1159/19/269 1190/21/270
f 1067/42/432 1091/57/433 1068/18/218
f 1201/76/272 1158/65/499 1073/122/274
f 1255/75/434 1249/122/435 1254/132/436
f 1342/1/278 1340/3/437 1339/22/24
f 1198/44/438 1205/43/228 1203/126/229
f 1182/27/439 1200/73/282 1162/132/283
f 1200/73/284 1163/75/26 1162/132/590
f 1162/132/286 1064/25/172 1182/27/440
f 1152/35/289 1165/24/441 1217/33/442
f 1165/24/443 1210/2/293 1208/83/444
f 1217/33/445 1165/24/505 1208/83/506
f 1158/65/159 1197/72/576 1073/122/577
f 1078/14/448 1069/122/449 1107/72/578
f 1197/72/41 1158/65/299 1196/40/451
f 1158/65/301 1159/19/302 1196/40/452
f 1339/22/611 1390/23/453 1345/86/44
f 1167/14/159 1166/13/159 1073/122/230
f 1066/31/454 1080/4/455 1248/125/167
f 1156/42/307 1204/17/308 1202/41/456
f 1202/41/457 1173/39/308 1159/19/312
f 1204/17/313 1156/42/314 1157/18/315
f 1351/16/275 1336/18/276 1170/12/458
f 1216/46/459 1220/88/460 1176/131/319
f 1220/88/320 1221/91/321 1176/131/579
f 1176/131/461 1152/35/462 1216/46/612
f 1217/49/325 1208/133/326 1224/47/327
f 1208/133/328 1211/134/329 1224/47/330
f 1164/1/189 1160/22/189 1209/51/183
f 1160/22/189 1159/19/231 1209/51/183
f 1159/19/231 1178/70/464 1193/50/57
f 1160/22/331 1168/86/332 1213/85/333
f 1213/85/334 1191/52/335 1160/22/336
f 1191/52/337 1179/20/338 1159/19/339
f 1231/55/340 1232/115/341 1206/53/342
f 1232/115/343 1236/37/344 1235/135/345
f 1206/53/346 1232/115/347 1235/135/348
f 1200/136/349 1182/62/350 1199/61/465
f 1182/62/352 1228/123/353 1226/63/354
f 1159/19/355 1172/30/356 1187/64/466
f 1187/64/358 1171/5/356 1155/31/359
f 1227/105/360 1228/123/361 1189/103/362
f 1189/103/363 1188/137/361 1186/104/364
f 1183/106/365 1171/138/120 1187/107/366
f 1093/106/367 1138/123/368 1092/62/369
f 1182/62/370 1184/139/371 1183/106/372
f 1184/139/373 1185/140/164 1183/106/469
f 1183/106/367 1228/123/368 1182/62/369
f 1247/42/175 1271/124/176 1086/57/471
f 1234/113/375 1236/37/376 1213/111/377
f 1146/37/378 1101/108/379 1123/111/380
f 1131/91/192 1087/90/193 1248/125/613
f 1190/36/381 1192/141/129 1191/108/382
f 1190/36/37 1236/37/195 1230/38/39
f 1223/118/384 1224/47/385 1193/116/386
f 1224/47/387 1211/134/388 1209/142/389
f 1211/134/390 1212/143/391 1209/142/392
f 1209/142/393 1193/116/394 1224/47/395
f 1216/121/396 1218/48/397 1224/47/398
f 1224/47/399 1222/144/472 1216/121/401
f 1222/144/473 1219/119/403 1216/121/404
f 1155/31/143 1177/90/405 1219/89/141
f 1222/94/406 1225/32/405 1155/31/407
f 1178/70/408 1159/19/614 1194/69/410
f 1159/19/411 1225/32/412 1223/93/477
f 1158/65/188 1201/76/78 1199/74/78
f 1199/74/78 1226/97/78 1158/65/188
f 1172/30/57 1159/19/59 1186/28/147
f 1159/19/59 1229/66/189 1186/28/147
f 1181/57/414 1180/124/220 1230/100/415
f 1150/80/416 1153/56/417 1207/78/548
f 1153/56/478 1233/58/416 1231/99/420
f 1153/56/421 1150/80/422 1206/79/423
f 1153/56/424 1206/79/540 1235/102/541
f 1242/128/237 1285/129/238 1293/126/239
f 1373/44/240 1378/126/241 1370/129/242
f 1239/26/4 1238/25/243 1273/6/480
f 1238/25/245 1262/4/481 1273/6/482
f 1324/9/247 1304/84/580 1261/7/564
f 1304/84/250 1305/23/251 1261/7/528
f 1242/130/8 1293/11/9 1244/10/8
f 1293/11/9 1266/16/253 1080/12/10
f 1242/130/12 1244/10/254 1285/15/255
f 1244/10/256 1258/13/257 1285/15/258
f 1268/90/259 1246/31/582 1245/125/483
f 1198/44/240 1203/126/241 1195/129/242
f 1271/124/265 1247/42/266 1280/21/267
f 1247/42/268 1251/19/269 1280/21/270
f 1156/42/216 1181/57/484 1157/18/218
f 1291/76/272 1250/65/499 1249/122/274
f 1075/75/434 1069/122/583 1074/132/499
f 1221/91/262 1336/125/431 1176/131/264
f 1183/106/163 1189/103/486 1228/123/165
f 1272/27/281 1290/73/282 1254/132/283
f 1290/73/284 1255/75/26 1254/132/285
f 1254/132/286 1238/25/287 1272/27/288
f 1243/35/289 1257/24/174 1307/33/290
f 1257/24/584 1300/2/174 1298/83/292
f 1307/33/293 1257/24/294 1298/83/295
f 1250/65/296 1287/72/297 1249/122/298
f 1167/14/159 1073/122/488 1197/72/450
f 1287/72/41 1250/65/299 1286/40/300
f 1250/65/301 1251/19/302 1286/40/303
f 1164/1/278 1161/3/437 1160/22/24
f 1156/42/175 1180/124/539 1181/57/177
f 1334/31/454 1347/4/455 1333/125/167
f 1247/42/307 1294/17/308 1292/41/456
f 1292/41/457 1265/39/311 1251/19/312
f 1294/17/537 1247/42/314 1248/18/315
f 1344/14/159 1253/122/585 1372/72/578
f 1306/46/490 1310/88/318 1267/131/319
f 1310/88/320 1311/91/321 1267/131/322
f 1267/131/461 1243/35/462 1306/46/494
f 1307/49/325 1298/133/326 1314/47/327
f 1298/133/328 1301/134/329 1314/47/330
f 1256/1/189 1252/22/189 1299/51/58
f 1252/22/189 1251/19/231 1299/51/58
f 1251/19/231 1269/70/570 1283/50/211
f 1252/22/331 1260/86/332 1303/85/495
f 1303/85/334 1281/52/335 1252/22/336
f 1281/52/337 1270/20/338 1251/19/339
f 1321/55/340 1322/115/341 1296/53/342
f 1322/115/343 1326/37/344 1325/135/345
f 1296/53/346 1322/115/347 1325/135/348
f 1290/136/349 1272/62/350 1289/61/351
f 1272/62/352 1318/123/353 1316/63/354
f 1251/19/355 1264/30/356 1277/64/357
f 1277/64/586 1263/5/356 1246/31/359
f 1317/105/360 1318/123/361 1279/103/362
f 1279/103/363 1278/137/361 1276/104/364
f 1273/106/365 1263/138/120 1277/107/366
f 1246/31/454 1262/4/455 1245/125/167
f 1272/62/370 1274/139/371 1273/106/372
f 1274/139/373 1275/140/164 1273/106/374
f 1115/43/49 1106/45/51 1112/110/271
f 1259/14/587 1258/13/296 1249/122/588
f 1324/113/375 1326/37/498 1303/111/377
f 1341/75/434 1253/122/435 1257/132/499
f 1380/43/49 1373/44/50 1371/45/51
f 1280/36/381 1282/141/129 1281/108/382
f 1205/43/49 1198/44/50 1196/45/51
f 1313/118/384 1314/47/385 1283/116/386
f 1314/47/387 1301/134/388 1299/142/389
f 1301/134/390 1302/143/391 1299/142/392
f 1299/142/393 1283/116/394 1314/47/395
f 1306/121/396 1308/48/397 1314/47/398
f 1314/47/399 1312/144/400 1306/121/401
f 1312/144/500 1309/119/403 1306/121/404
f 1246/31/521 1268/90/405 1309/89/141
f 1312/94/406 1315/32/405 1246/31/501
f 1269/70/408 1251/19/409 1284/69/410
f 1251/19/411 1315/32/502 1313/93/413
f 1250/65/212 1291/76/78 1289/74/78
f 1289/74/78 1316/97/78 1250/65/212
f 1264/30/57 1251/19/183 1276/28/59
f 1251/19/183 1319/66/189 1276/28/59
f 1086/57/503 1271/124/220 1320/100/415
f 1241/80/416 1064/56/417 1297/78/418
f 1064/56/478 1323/58/416 1321/99/420
f 1064/56/421 1241/80/479 1296/79/423
f 1064/56/533 1296/79/425 1325/102/426
f 1331/128/237 1370/129/238 1378/126/239
f 1236/37/378 1191/108/379 1213/111/380
f 1328/26/4 1243/25/243 1358/6/480
f 1243/25/245 1347/4/481 1358/6/482
f 1409/9/247 1389/84/543 1346/7/564
f 1389/84/250 1390/23/251 1346/7/252
f 1331/130/8 1378/11/8 1064/10/8
f 1378/11/224 1351/16/253 1170/12/10
f 1331/130/12 1064/10/254 1370/15/429
f 1064/10/256 1261/13/12 1370/15/430
f 1353/90/589 1334/31/260 1333/125/504
f 1311/91/262 1245/125/263 1267/131/264
f 1356/124/265 1335/42/266 1365/21/267
f 1335/42/268 1338/19/269 1365/21/270
f 1247/42/216 1086/57/484 1248/18/615
f 1376/76/272 1337/65/499 1253/122/535
f 1163/75/434 1073/122/583 1162/132/499
f 1076/1/616 1073/3/279 1072/22/280
f 1373/44/227 1380/43/228 1378/126/229
f 1357/27/281 1375/73/282 1257/132/283
f 1375/73/284 1341/75/172 1257/132/590
f 1257/132/286 1243/25/287 1357/27/288
f 1332/35/289 1343/24/441 1392/33/442
f 1343/24/443 1385/2/174 1383/83/444
f 1392/33/445 1343/24/505 1383/83/506
f 1337/65/296 1372/72/617 1253/122/447
f 1259/14/448 1249/122/449 1287/72/578
f 1372/72/41 1337/65/299 1371/40/300
f 1337/65/301 1338/19/302 1371/40/303
f 1072/22/611 1125/23/305 1079/86/44
f 1221/91/192 1177/90/523 1336/125/194
f 1155/31/454 1170/4/455 1336/125/167
f 1335/42/307 1379/17/308 1377/41/456
f 1377/41/457 1350/39/308 1338/19/312
f 1379/17/489 1335/42/314 1336/18/315
f 1084/16/568 1068/18/276 1085/12/316
f 1391/46/490 1395/88/491 1352/131/508
f 1395/88/320 1396/91/492 1352/131/579
f 1352/131/509 1332/35/462 1391/46/463
f 1392/49/325 1383/133/326 1399/47/327
f 1383/133/510 1386/134/329 1399/47/330
f 1342/1/78 1339/22/189 1384/51/58
f 1339/22/189 1338/19/231 1384/51/58
f 1338/19/231 1354/70/57 1368/50/57
f 1339/22/331 1345/86/332 1388/85/495
f 1388/85/334 1366/52/335 1339/22/336
f 1366/52/337 1355/20/338 1338/19/339
f 1406/55/340 1407/115/341 1381/53/342
f 1407/115/343 1411/37/344 1410/135/345
f 1381/53/346 1407/115/347 1410/135/348
f 1375/136/349 1357/62/350 1374/61/351
f 1357/62/352 1403/123/353 1401/63/354
f 1338/19/355 1349/30/356 1362/64/496
f 1362/64/358 1348/5/356 1334/31/359
f 1402/105/360 1403/123/361 1364/103/362
f 1364/103/363 1363/137/361 1361/104/364
f 1358/106/365 1348/138/120 1362/107/366
f 1273/106/367 1318/123/368 1272/62/369
f 1357/62/370 1359/139/371 1358/106/372
f 1359/139/373 1360/140/164 1358/106/469
f 1205/43/49 1196/45/51 1202/110/271
f 1163/75/562 1201/76/567 1073/122/200
f 1409/113/375 1411/37/376 1388/111/377
f 1326/37/511 1281/108/379 1303/111/380
f 1411/37/121 1365/36/122 1366/108/123
f 1365/36/381 1367/141/129 1366/108/382
f 1069/122/236 1068/18/236 1073/3/236
f 1398/118/384 1399/47/385 1368/116/386
f 1399/47/387 1386/134/388 1384/142/389
f 1386/134/390 1387/143/391 1384/142/392
f 1384/142/393 1368/116/394 1399/47/395
f 1391/121/396 1393/48/397 1399/47/398
f 1399/47/399 1397/144/400 1391/121/512
f 1397/144/402 1394/119/403 1391/121/404
f 1334/31/549 1353/90/405 1394/89/141
f 1397/94/406 1400/32/405 1334/31/407
f 1354/70/408 1338/19/409 1369/69/476
f 1338/19/411 1400/32/502 1398/93/477
f 1337/65/78 1376/76/78 1374/74/78
f 1374/74/78 1401/97/78 1337/65/78
f 1349/30/57 1338/19/57 1361/28/147
f 1338/19/57 1404/66/232 1361/28/147
f 1176/57/503 1356/124/220 1405/100/415
f 1330/80/416 1152/56/417 1382/78/418
f 1152/56/478 1408/58/416 1406/99/420
f 1152/56/421 1330/80/422 1381/79/423
f 1152/56/533 1381/79/425 1410/102/426
f 1262/4/236 1238/25/236 1254/132/236
f 1249/122/236 1258/13/236 1080/12/236
f 1258/13/236 1244/10/236 1080/12/236
f 1262/4/236 1254/132/236 1249/122/236
f 1243/35/236 1267/131/236 1257/24/236
f 1267/131/236 1245/125/236 1257/24/236
f 1257/24/236 1245/125/236 1253/3/236
f 1245/125/236 1262/4/236 1249/122/236
f 1248/18/236 1086/57/236 1261/7/236
f 1086/57/236 1064/56/236 1261/7/236
f 1248/18/236 1261/7/236 1253/3/236
f 1249/122/236 1080/12/236 1248/18/236
f 1069/122/236 1073/3/236 1248/125/236
f 1347/4/236 1243/25/236 1257/132/236
f 1253/122/236 1261/13/236 1170/12/236
f 1261/13/236 1064/10/236 1170/12/236
f 1347/4/236 1257/132/236 1253/122/236
f 1332/35/236 1352/131/236 1343/24/236
f 1352/131/236 1333/125/236 1343/24/236
f 1343/24/236 1333/125/236 1340/3/236
f 1333/125/236 1347/4/236 1253/122/236
f 1336/18/236 1176/57/236 1346/7/236
f 1176/57/236 1152/56/236 1346/7/236
f 1336/18/236 1346/7/236 1340/3/236
f 1253/122/236 1170/12/236 1336/18/236
f 1190/36/131 1230/38/132 1180/114/133
f 1170/4/236 1064/25/236 1162/132/236
f 1073/122/236 1166/13/236 1175/12/236
f 1166/13/236 1154/10/236 1175/12/236
f 1170/4/236 1162/132/236 1073/122/236
f 1152/35/236 1176/131/236 1165/24/236
f 1176/131/236 1336/125/236 1165/24/236
f 1165/24/236 1336/125/236 1161/3/236
f 1336/125/236 1170/4/236 1073/122/236
f 1157/18/236 1181/57/236 1169/7/236
f 1181/57/236 1153/56/236 1169/7/236
f 1157/18/236 1169/7/236 1161/3/236
f 1073/122/236 1175/12/236 1157/18/236
f 1253/122/236 1340/3/236 1333/125/236
f 1080/4/236 1244/25/236 1074/132/236
f 1069/122/236 1077/13/236 1085/12/236
f 1077/13/236 1065/10/236 1085/12/236
f 1080/4/236 1074/132/236 1069/122/236
f 1064/35/236 1086/131/236 1162/24/236
f 1086/131/236 1248/125/236 1162/24/236
f 1162/24/236 1248/125/236 1073/3/236
f 1248/125/236 1080/4/236 1069/122/236
f 1068/18/236 1091/57/236 1166/7/236
f 1091/57/236 1154/56/236 1166/7/236
f 1068/18/236 1166/7/236 1073/3/236
f 1069/122/236 1085/12/236 1068/18/236
f 1073/122/236 1161/3/236 1336/125/236
f 1249/122/236 1253/3/236 1245/125/236
f 1153/127/236 1238/127/236 1065/127/236
f 1695/1/513 1738/2/514 1693/3/515
f 1433/4/4 1434/5/4 1446/6/4
f 1519/7/5 1500/8/6 1497/9/7
f 1418/10/8 1466/11/9 1438/12/10
f 1430/13/11 1431/14/12 1458/15/13
f 1704/16/204 1732/17/15 1689/18/205
f 1424/19/17 1442/20/18 1453/21/19
f 1425/22/20 1426/3/21 1478/23/22
f 1605/22/203 1606/3/21 1658/23/22
f 1473/2/23 1515/24/23 1426/3/23
f 1597/25/25 1413/26/26 1445/27/27
f 1449/28/28 1451/29/208 1435/30/30
f 1419/31/517 1488/32/32 1424/19/33
f 1480/33/34 1414/34/35 1417/35/36
f 1718/36/37 1764/37/38 1758/38/39
f 1424/19/40 1436/39/41 1459/40/42
f 1426/3/43 1519/7/44 1478/23/45
f 1517/1/1 1563/2/2 1514/3/3
f 1465/41/46 1424/19/47 1420/42/48
f 1648/43/49 1641/44/50 1639/45/51
f 1417/35/52 1414/34/52 1479/46/53
f 1487/47/54 1481/48/55 1480/49/56
f 1456/50/57 1472/51/58 1424/19/59
f 1425/22/60 1454/52/61 1424/19/62
f 1469/53/63 1470/54/64 1494/55/65
f 1507/56/66 1444/57/67 1496/58/68
f 1413/26/69 1448/59/69 1447/60/69
f 1413/26/70 1447/60/70 1445/27/70
f 1413/26/71 1446/6/71 1448/59/71
f 1462/61/72 1445/62/73 1489/63/74
f 1450/64/75 1419/31/76 1424/19/77
f 1423/65/78 1492/66/59 1424/19/79
f 1435/30/80 1452/67/80 1450/64/80
f 1435/30/30 1451/29/208 1452/67/81
f 1454/52/82 1455/68/82 1442/20/82
f 1442/20/83 1455/68/83 1453/21/83
f 1457/69/84 1456/50/84 1441/70/84
f 1431/14/85 1459/40/85 1461/71/85
f 1460/72/86 1459/40/86 1431/14/86
f 1431/14/87 1461/71/87 1458/15/87
f 1463/73/88 1462/74/88 1428/75/88
f 1428/75/89 1462/74/89 1464/76/89
f 1466/11/90 1468/77/90 1437/16/90
f 1437/16/91 1465/41/91 1467/17/91
f 1470/78/92 1469/79/92 1415/80/92
f 1429/1/93 1475/81/93 1474/82/93
f 1471/83/94 1473/2/94 1429/1/94
f 1429/1/95 1474/82/95 1471/83/95
f 1429/1/96 1472/51/96 1475/81/96
f 1477/84/97 1476/85/97 1432/86/97
f 1432/86/98 1478/23/98 1477/84/98
f 1480/33/99 1481/87/99 1414/34/99
f 1414/34/100 1481/87/100 1479/46/100
f 1483/88/101 1482/89/101 1440/90/101
f 1440/90/102 1484/91/102 1483/88/102
f 1488/32/103 1487/92/104 1486/93/105
f 1485/94/106 1487/92/104 1488/32/103
f 1492/66/107 1491/95/107 1490/96/107
f 1489/97/108 1491/95/108 1492/66/108
f 1496/58/109 1495/98/109 1494/99/109
f 1493/100/110 1495/98/110 1496/58/110
f 1497/9/111 1500/8/112 1499/101/113
f 1499/101/113 1500/8/112 1498/102/114
f 1452/103/115 1449/104/116 1490/105/117
f 1446/106/118 1450/107/119 1452/103/120
f 1589/37/121 1543/36/122 1544/108/123
f 1459/45/124 1436/109/125 1465/110/126
f 1437/16/127 1468/77/127 1465/41/127
f 1476/111/128 1477/112/129 1497/113/130
f 1633/36/131 1673/38/132 1624/114/133
f 1493/38/39 1499/37/38 1495/115/134
f 1456/116/135 1457/117/136 1486/118/137
f 1482/119/138 1483/120/139 1479/121/140
f 1482/89/141 1485/94/142 1419/31/143
f 1486/93/144 1457/69/145 1424/19/146
f 1489/97/78 1492/66/59 1423/65/78
f 1492/66/59 1490/96/58 1449/28/147
f 1444/57/148 1493/100/149 1496/58/150
f 1470/78/151 1507/56/152 1494/99/153
f 1500/8/154 1507/56/155 1498/102/156
f 1500/8/157 1519/7/157 1507/56/157
f 1431/14/497 1430/13/159 1422/122/160
f 1523/4/4 1524/5/4 1536/6/4
f 1522/7/5 1590/8/161 1587/9/7
f 1507/10/8 1556/11/9 1528/12/162
f 1519/13/12 1520/14/12 1548/15/12
f 1446/106/163 1452/103/164 1491/123/165
f 1512/19/17 1532/20/18 1543/21/19
f 1508/31/178 1524/5/179 1523/4/518
f 1619/16/169 1647/17/516 1601/18/16
f 1563/2/170 1518/24/23 1514/3/519
f 1417/25/172 1501/26/172 1535/27/172
f 1539/28/28 1541/29/29 1525/30/30
f 1508/31/31 1578/32/32 1512/19/33
f 1570/33/173 1502/34/174 1505/35/36
f 1688/42/175 1709/124/176 1529/57/177
f 1512/19/40 1526/39/41 1549/40/42
f 1514/3/618 1522/7/44 1568/23/45
f 1687/31/178 1701/5/179 1700/4/518
f 1555/41/46 1512/19/560 1509/42/48
f 1609/1/1 1653/2/24 1606/3/619
f 1505/35/524 1502/34/52 1569/46/182
f 1577/47/54 1571/48/55 1570/49/56
f 1546/50/57 1562/51/183 1512/19/231
f 1513/22/60 1544/52/61 1512/19/62
f 1559/53/63 1560/54/64 1584/55/65
f 1506/56/66 1534/57/67 1586/58/185
f 1501/26/69 1538/59/69 1537/60/69
f 1501/26/70 1537/60/70 1535/27/70
f 1501/26/71 1536/6/71 1538/59/71
f 1552/61/186 1535/62/73 1579/63/74
f 1540/64/187 1508/31/76 1512/19/77
f 1511/65/188 1582/66/189 1512/19/59
f 1525/30/80 1542/67/80 1540/64/80
f 1525/30/30 1541/29/29 1542/67/81
f 1544/52/82 1545/68/82 1532/20/82
f 1532/20/83 1545/68/83 1543/21/83
f 1547/69/84 1546/50/84 1531/70/84
f 1520/14/85 1549/40/85 1551/71/85
f 1550/72/86 1549/40/86 1520/14/86
f 1520/14/87 1551/71/87 1548/15/87
f 1553/73/88 1552/74/88 1516/75/88
f 1516/75/89 1552/74/89 1554/76/89
f 1556/11/90 1558/77/90 1527/16/90
f 1527/16/91 1555/41/91 1557/17/91
f 1560/78/92 1559/79/92 1503/80/92
f 1517/1/93 1565/81/93 1564/82/93
f 1561/83/94 1563/2/94 1517/1/94
f 1517/1/95 1564/82/95 1561/83/95
f 1517/1/96 1562/51/96 1565/81/96
f 1567/84/97 1566/85/97 1521/86/97
f 1521/86/597 1568/23/597 1567/84/597
f 1570/33/99 1571/87/99 1502/34/99
f 1502/34/100 1571/87/100 1569/46/100
f 1573/88/101 1572/89/101 1530/90/101
f 1530/90/102 1574/91/102 1573/88/102
f 1578/32/190 1577/92/104 1576/93/105
f 1575/94/106 1577/92/104 1578/32/190
f 1582/66/107 1581/95/107 1580/96/107
f 1579/97/108 1581/95/108 1582/66/108
f 1586/58/109 1585/98/109 1584/99/109
f 1583/100/110 1585/98/110 1586/58/110
f 1587/9/111 1590/8/112 1589/101/233
f 1589/101/233 1590/8/112 1588/102/114
f 1542/103/115 1539/104/116 1580/105/620
f 1536/106/118 1540/107/119 1542/103/120
f 1664/91/192 1621/90/193 1598/125/194
f 1549/45/124 1526/109/125 1555/110/126
f 1527/16/127 1558/77/127 1555/41/127
f 1566/111/128 1567/112/129 1587/113/130
f 1718/36/131 1758/38/132 1709/114/133
f 1583/38/39 1589/37/195 1585/115/134
f 1546/116/135 1547/117/136 1576/118/137
f 1572/119/138 1573/120/139 1569/121/140
f 1572/89/141 1575/94/142 1508/31/521
f 1576/93/144 1547/69/145 1512/19/196
f 1579/97/78 1582/66/189 1511/65/188
f 1582/66/189 1580/96/464 1539/28/147
f 1534/57/148 1583/100/621 1586/58/150
f 1560/78/151 1506/56/152 1584/99/153
f 1590/8/154 1506/56/155 1588/102/156
f 1590/8/157 1522/7/157 1506/56/157
f 1608/75/198 1644/76/199 1602/122/200
f 1615/4/201 1616/5/4 1626/6/202
f 1614/7/5 1680/8/6 1677/9/7
f 1597/10/8 1646/11/9 1433/12/10
f 1611/13/11 1612/14/12 1638/15/13
f 1692/22/203 1693/3/599 1743/23/22
f 1604/19/17 1623/20/18 1633/21/19
f 1437/16/14 1467/17/15 1421/18/622
f 1513/22/203 1514/3/623 1568/23/22
f 1653/2/23 1610/24/23 1606/3/24
f 1591/25/206 1592/26/26 1625/27/207
f 1629/28/28 1631/29/29 1617/30/30
f 1599/31/31 1668/32/32 1604/19/33
f 1660/33/34 1593/34/35 1596/35/36
f 1453/36/37 1499/37/38 1493/38/39
f 1604/19/40 1618/39/41 1639/40/42
f 1606/3/43 1614/7/44 1658/23/45
f 1599/31/178 1616/5/179 1615/4/518
f 1645/41/46 1604/19/47 1600/42/48
f 1749/91/192 1706/90/601 1686/125/194
f 1596/35/209 1593/34/52 1659/46/210
f 1667/47/54 1661/48/55 1660/49/56
f 1636/50/211 1652/51/58 1604/19/231
f 1605/22/60 1634/52/61 1604/19/62
f 1649/53/63 1650/54/64 1674/55/65
f 1417/56/66 1439/57/66 1676/58/66
f 1592/26/69 1628/59/69 1627/60/69
f 1592/26/70 1627/60/70 1625/27/70
f 1592/26/71 1626/6/71 1628/59/71
f 1642/61/72 1625/62/73 1669/63/74
f 1630/64/75 1599/31/76 1604/19/77
f 1603/65/212 1672/66/189 1604/19/183
f 1617/30/80 1632/67/80 1630/64/80
f 1617/30/30 1631/29/29 1632/67/81
f 1634/52/82 1635/68/82 1623/20/82
f 1623/20/83 1635/68/83 1633/21/83
f 1637/69/84 1636/50/84 1622/70/84
f 1612/14/85 1639/40/85 1641/71/85
f 1640/72/86 1639/40/86 1612/14/86
f 1612/14/87 1641/71/87 1638/15/87
f 1643/73/88 1642/74/88 1608/75/88
f 1608/75/89 1642/74/89 1644/76/89
f 1646/11/90 1648/77/90 1619/16/90
f 1619/16/91 1645/41/91 1647/17/91
f 1650/78/92 1649/79/92 1594/80/92
f 1609/1/93 1655/81/93 1654/82/93
f 1651/83/94 1653/2/94 1609/1/94
f 1609/1/95 1654/82/95 1651/83/95
f 1609/1/96 1652/51/96 1655/81/96
f 1657/84/97 1656/85/97 1613/86/97
f 1613/86/98 1658/23/98 1657/84/98
f 1660/33/99 1661/87/99 1593/34/99
f 1593/34/100 1661/87/100 1659/46/100
f 1663/88/101 1662/89/101 1621/90/101
f 1621/90/102 1664/91/102 1663/88/102
f 1668/32/190 1667/92/104 1666/93/105
f 1665/94/106 1667/92/104 1668/32/190
f 1672/66/107 1671/95/107 1670/96/107
f 1669/97/108 1671/95/108 1672/66/108
f 1676/58/109 1675/98/109 1674/99/109
f 1673/100/110 1675/98/110 1676/58/110
f 1677/9/111 1680/8/112 1679/101/113
f 1679/101/113 1680/8/112 1678/102/114
f 1632/103/115 1629/104/214 1670/105/215
f 1626/106/118 1630/107/119 1632/103/120
f 1468/43/49 1461/44/50 1459/45/51
f 1639/45/124 1618/109/125 1645/110/126
f 1619/16/127 1648/77/127 1645/41/127
f 1656/111/128 1657/112/129 1677/113/130
f 1688/42/216 1529/57/217 1689/18/218
f 1673/38/39 1679/37/38 1675/115/134
f 1636/116/135 1637/117/136 1666/118/137
f 1662/119/138 1663/120/139 1659/121/140
f 1662/89/141 1665/94/142 1599/31/143
f 1666/93/144 1637/69/145 1604/19/146
f 1669/97/78 1672/66/189 1603/65/212
f 1672/66/189 1670/96/78 1629/28/59
f 1439/57/219 1673/100/621 1676/58/624
f 1650/78/151 1417/56/221 1674/99/153
f 1680/8/154 1417/56/155 1678/102/156
f 1680/8/157 1614/7/157 1417/56/157
f 1420/42/222 1443/124/176 1444/57/223
f 1700/4/201 1701/5/4 1711/6/202
f 1699/7/5 1765/8/161 1762/9/7
f 1417/10/8 1731/11/556 1523/12/162
f 1614/13/12 1697/14/12 1723/15/12
f 1419/31/178 1434/5/167 1433/4/168
f 1691/19/17 1708/20/18 1718/21/19
f 1626/106/163 1632/103/164 1671/123/165
f 1711/106/163 1717/103/164 1756/123/165
f 1738/2/170 1696/24/23 1693/3/171
f 1596/25/206 1681/26/26 1710/27/27
f 1714/28/28 1716/29/29 1702/30/30
f 1687/31/31 1753/32/225 1691/19/33
f 1745/33/173 1682/34/226 1685/35/36
f 1641/44/227 1648/43/228 1646/126/229
f 1691/19/40 1703/39/41 1724/40/42
f 1693/3/43 1699/7/44 1743/23/45
f 1697/14/159 1614/13/159 1606/122/230
f 1730/41/46 1691/19/47 1688/42/48
f 1527/16/169 1557/17/15 1510/18/16
f 1685/35/181 1682/34/52 1744/46/182
f 1752/47/54 1746/48/55 1745/49/56
f 1721/50/57 1737/51/58 1691/19/231
f 1692/22/60 1719/52/61 1691/19/62
f 1734/53/63 1735/54/64 1759/55/65
f 1505/56/66 1529/57/66 1761/58/66
f 1681/26/69 1713/59/69 1712/60/69
f 1681/26/70 1712/60/70 1710/27/70
f 1681/26/71 1711/6/71 1713/59/71
f 1727/61/72 1710/62/73 1754/63/74
f 1715/64/187 1687/31/76 1691/19/77
f 1690/65/78 1757/66/232 1691/19/57
f 1702/30/80 1717/67/80 1715/64/80
f 1702/30/30 1716/29/29 1717/67/81
f 1719/52/82 1720/68/82 1708/20/82
f 1708/20/83 1720/68/83 1718/21/83
f 1722/69/84 1721/50/84 1707/70/84
f 1697/14/85 1724/40/85 1726/71/85
f 1725/72/86 1724/40/86 1697/14/86
f 1697/14/87 1726/71/87 1723/15/87
f 1728/73/88 1727/74/88 1694/75/88
f 1694/75/89 1727/74/89 1729/76/89
f 1731/11/90 1733/77/90 1704/16/90
f 1704/16/91 1730/41/91 1732/17/91
f 1735/78/92 1734/79/92 1683/80/92
f 1695/1/93 1740/81/93 1739/82/93
f 1736/83/94 1738/2/94 1695/1/94
f 1695/1/95 1739/82/95 1736/83/95
f 1695/1/96 1737/51/96 1740/81/96
f 1742/84/97 1741/85/97 1698/86/97
f 1698/86/98 1743/23/98 1742/84/98
f 1745/33/99 1746/87/99 1682/34/99
f 1682/34/100 1746/87/100 1744/46/100
f 1748/88/101 1747/89/101 1706/90/101
f 1706/90/213 1749/91/213 1748/88/213
f 1753/32/190 1752/92/104 1751/93/105
f 1750/94/106 1752/92/104 1753/32/190
f 1757/66/107 1756/95/107 1755/96/107
f 1754/97/108 1756/95/108 1757/66/108
f 1761/58/109 1760/98/109 1759/99/109
f 1758/100/110 1760/98/110 1761/58/110
f 1762/9/111 1765/8/112 1764/101/233
f 1764/101/233 1765/8/112 1763/102/114
f 1717/103/115 1714/104/116 1755/105/215
f 1711/106/118 1715/107/119 1717/103/120
f 1694/75/198 1729/76/199 1606/122/200
f 1724/45/124 1703/109/125 1730/110/126
f 1704/16/127 1733/77/127 1730/41/127
f 1741/111/128 1742/112/129 1762/113/130
f 1453/36/131 1493/38/132 1443/114/133
f 1758/38/39 1764/37/38 1760/115/134
f 1721/116/135 1722/117/136 1751/118/137
f 1747/119/138 1748/120/234 1744/121/235
f 1747/89/141 1750/94/142 1687/31/143
f 1751/93/144 1722/69/145 1691/19/196
f 1754/97/78 1757/66/232 1690/65/78
f 1757/66/232 1755/96/78 1714/28/147
f 1529/57/219 1758/100/621 1761/58/624
f 1735/78/151 1505/56/221 1759/99/153
f 1765/8/154 1505/56/155 1763/102/156
f 1765/8/157 1699/7/157 1505/56/157
f 1506/127/236 1685/127/236 1591/127/236
f 1606/122/236 1689/18/236 1693/3/236
f 1426/122/236 1510/18/236 1514/3/236
f 1602/122/236 1601/18/236 1606/3/236
f 1416/128/237 1458/129/238 1466/126/239
f 1641/44/240 1646/126/241 1638/129/242
f 1413/26/4 1597/25/243 1446/6/244
f 1597/25/245 1433/4/4 1446/6/246
f 1497/9/247 1477/84/625 1519/7/249
f 1477/84/250 1478/23/251 1519/7/626
f 1416/130/8 1466/11/9 1418/10/8
f 1466/11/9 1437/16/253 1438/12/10
f 1416/130/12 1418/10/254 1458/15/255
f 1418/10/256 1430/13/257 1458/15/258
f 1440/90/259 1419/31/260 1601/125/261
f 1749/91/262 1686/125/263 1705/131/264
f 1443/124/265 1420/42/266 1453/21/267
f 1420/42/268 1424/19/269 1453/21/270
f 1648/43/49 1639/45/51 1645/110/271
f 1464/76/272 1423/65/273 1422/122/274
f 1527/16/275 1510/18/276 1528/12/277
f 1609/1/278 1606/3/279 1605/22/280
f 1499/37/121 1453/36/122 1454/108/123
f 1445/27/545 1463/73/282 1427/132/283
f 1463/73/284 1428/75/26 1427/132/285
f 1427/132/286 1597/25/287 1445/27/288
f 1417/35/289 1515/24/174 1480/33/290
f 1515/24/584 1473/2/35 1471/83/292
f 1480/33/293 1515/24/294 1471/83/295
f 1423/65/296 1460/72/627 1422/122/298
f 1633/36/37 1679/37/38 1673/38/39
f 1460/72/41 1423/65/299 1459/40/566
f 1423/65/301 1424/19/302 1459/40/303
f 1605/22/304 1658/23/530 1613/86/44
f 1428/75/628 1464/76/567 1422/122/200
f 1513/22/531 1568/23/305 1521/86/44
f 1420/42/629 1467/17/308 1465/41/456
f 1465/41/310 1436/39/311 1424/19/312
f 1467/17/313 1420/42/314 1421/18/315
f 1619/16/568 1601/18/569 1433/12/316
f 1479/46/317 1483/88/491 1439/131/319
f 1483/88/320 1484/91/492 1439/131/322
f 1439/131/323 1417/35/53 1479/46/324
f 1480/49/325 1471/133/326 1487/47/327
f 1471/133/328 1474/134/329 1487/47/330
f 1429/1/189 1425/22/189 1472/51/58
f 1425/22/189 1424/19/59 1472/51/58
f 1424/19/59 1441/70/57 1456/50/57
f 1425/22/331 1432/86/332 1476/85/333
f 1476/85/334 1454/52/335 1425/22/336
f 1454/52/337 1442/20/338 1424/19/339
f 1494/55/340 1495/115/341 1469/53/342
f 1495/115/343 1499/37/344 1498/135/345
f 1469/53/346 1495/115/347 1498/135/348
f 1463/136/349 1445/62/350 1462/61/351
f 1445/62/352 1491/123/353 1489/63/354
f 1424/19/355 1435/30/356 1450/64/357
f 1450/64/358 1434/5/356 1419/31/359
f 1490/105/360 1491/123/361 1452/103/362
f 1452/103/363 1451/137/361 1449/104/364
f 1446/106/365 1434/138/120 1450/107/366
f 1711/106/367 1756/123/368 1710/62/369
f 1445/62/370 1447/139/371 1446/106/372
f 1447/139/373 1448/140/164 1446/106/374
f 1733/43/49 1724/45/51 1730/110/271
f 1429/1/1 1473/2/24 1426/3/532
f 1497/113/375 1499/37/376 1476/111/377
f 1764/37/378 1719/108/379 1741/111/380
f 1461/44/227 1468/43/228 1466/126/229
f 1453/36/381 1455/141/129 1454/108/382
f 1679/37/383 1633/36/122 1634/108/123
f 1486/118/384 1487/47/385 1456/116/386
f 1487/47/387 1474/134/388 1472/142/389
f 1474/134/390 1475/143/391 1472/142/392
f 1472/142/393 1456/116/394 1487/47/395
f 1479/121/396 1481/48/397 1487/47/398
f 1487/47/399 1485/144/400 1479/121/401
f 1485/144/402 1482/119/403 1479/121/404
f 1419/31/143 1440/90/405 1482/89/141
f 1485/94/406 1488/32/405 1419/31/407
f 1441/70/408 1424/19/409 1457/69/476
f 1424/19/411 1488/32/412 1486/93/413
f 1423/65/78 1464/76/78 1462/74/78
f 1462/74/78 1489/97/78 1423/65/78
f 1435/30/57 1424/19/79 1449/28/147
f 1424/19/79 1492/66/59 1449/28/147
f 1444/57/414 1443/124/220 1493/100/415
f 1415/80/416 1507/56/417 1470/78/418
f 1507/56/478 1496/58/416 1494/99/420
f 1507/56/421 1415/80/422 1469/79/423
f 1507/56/533 1469/79/425 1498/102/426
f 1504/128/237 1548/129/238 1556/126/239
f 1461/44/240 1466/126/241 1458/129/242
f 1501/26/4 1417/25/605 1536/6/606
f 1417/25/245 1523/4/4 1536/6/246
f 1587/9/247 1567/84/248 1522/7/249
f 1567/84/427 1568/23/251 1522/7/626
f 1504/130/428 1556/11/9 1507/10/8
f 1556/11/9 1527/16/607 1528/12/162
f 1504/130/12 1507/10/254 1548/15/429
f 1507/10/256 1519/13/12 1548/15/430
f 1530/90/259 1508/31/260 1689/125/261
f 1484/91/262 1601/125/431 1439/131/264
f 1533/124/265 1509/42/266 1543/21/267
f 1509/42/268 1512/19/269 1543/21/270
f 1420/42/432 1444/57/433 1421/18/218
f 1554/76/272 1511/65/273 1426/122/274
f 1608/75/434 1602/122/435 1607/132/499
f 1695/1/278 1693/3/437 1692/22/24
f 1551/44/438 1558/43/228 1556/126/229
f 1535/27/536 1553/73/282 1515/132/283
f 1553/73/284 1516/75/172 1515/132/590
f 1515/132/286 1417/25/172 1535/27/440
f 1505/35/289 1518/24/441 1570/33/442
f 1518/24/443 1563/2/293 1561/83/444
f 1570/33/630 1518/24/446 1561/83/295
f 1511/65/296 1550/72/591 1426/122/631
f 1431/14/448 1422/122/449 1460/72/450
f 1550/72/41 1511/65/299 1549/40/451
f 1511/65/301 1512/19/302 1549/40/452
f 1692/22/611 1743/23/453 1698/86/632
f 1520/14/159 1519/13/159 1426/122/230
f 1419/31/454 1433/4/455 1601/125/167
f 1509/42/307 1557/17/308 1555/41/456
f 1555/41/457 1526/39/308 1512/19/312
f 1557/17/489 1509/42/314 1510/18/538
f 1704/16/568 1689/18/569 1523/12/458
f 1569/46/459 1573/88/633 1529/131/319
f 1573/88/320 1574/91/321 1529/131/579
f 1529/131/461 1505/35/462 1569/46/494
f 1570/49/325 1561/133/326 1577/47/327
f 1561/133/328 1564/134/329 1577/47/330
f 1517/1/78 1513/22/78 1562/51/183
f 1513/22/78 1512/19/231 1562/51/183
f 1512/19/231 1531/70/464 1546/50/57
f 1513/22/634 1521/86/332 1566/85/333
f 1566/85/635 1544/52/335 1513/22/336
f 1544/52/337 1532/20/338 1512/19/339
f 1584/55/340 1585/115/341 1559/53/342
f 1585/115/343 1589/37/344 1588/135/345
f 1559/53/346 1585/115/347 1588/135/348
f 1553/136/349 1535/62/350 1552/61/465
f 1535/62/352 1581/123/353 1579/63/354
f 1512/19/355 1525/30/356 1540/64/496
f 1540/64/358 1524/5/356 1508/31/359
f 1580/105/467 1581/123/468 1542/103/362
f 1542/103/363 1541/137/361 1539/104/364
f 1536/106/365 1524/138/120 1540/107/366
f 1446/106/367 1491/123/368 1445/62/369
f 1535/62/370 1537/139/371 1536/106/372
f 1537/139/373 1538/140/164 1536/106/469
f 1536/106/367 1581/123/368 1535/62/369
f 1600/42/175 1624/124/176 1439/57/471
f 1587/113/375 1589/37/376 1566/111/377
f 1499/37/378 1454/108/379 1476/111/380
f 1484/91/192 1440/90/193 1601/125/194
f 1543/36/381 1545/141/129 1544/108/382
f 1543/36/37 1589/37/195 1583/38/39
f 1576/118/384 1577/47/385 1546/116/386
f 1577/47/387 1564/134/388 1562/142/389
f 1564/134/390 1565/143/391 1562/142/392
f 1562/142/393 1546/116/394 1577/47/395
f 1569/121/396 1571/48/397 1577/47/398
f 1577/47/399 1575/144/472 1569/121/401
f 1575/144/473 1572/119/403 1569/121/404
f 1508/31/521 1530/90/405 1572/89/141
f 1575/94/406 1578/32/405 1508/31/573
f 1531/70/474 1512/19/475 1547/69/476
f 1512/19/411 1578/32/412 1576/93/477
f 1511/65/188 1554/76/78 1552/74/78
f 1552/74/78 1579/97/78 1511/65/188
f 1525/30/57 1512/19/59 1539/28/147
f 1512/19/59 1582/66/189 1539/28/147
f 1534/57/414 1533/124/220 1583/100/415
f 1503/80/416 1506/56/417 1560/78/418
f 1506/56/478 1586/58/416 1584/99/420
f 1506/56/421 1503/80/479 1559/79/423
f 1506/56/424 1559/79/425 1588/102/426
f 1595/128/237 1638/129/238 1646/126/239
f 1726/44/240 1731/126/241 1723/129/242
f 1592/26/4 1591/25/243 1626/6/480
f 1591/25/245 1615/4/481 1626/6/482
f 1677/9/247 1657/84/580 1614/7/249
f 1657/84/427 1658/23/251 1614/7/252
f 1595/130/8 1646/11/9 1597/10/8
f 1646/11/9 1619/16/253 1433/12/10
f 1595/130/12 1597/10/254 1638/15/255
f 1597/10/256 1611/13/257 1638/15/258
f 1621/90/259 1599/31/260 1598/125/504
f 1551/44/240 1556/126/241 1548/129/242
f 1624/124/265 1600/42/266 1633/21/267
f 1600/42/268 1604/19/269 1633/21/270
f 1509/42/216 1534/57/484 1510/18/615
f 1644/76/272 1603/65/636 1602/122/274
f 1428/75/434 1422/122/435 1427/132/436
f 1574/91/262 1689/125/431 1529/131/264
f 1536/106/163 1542/103/486 1581/123/165
f 1625/27/281 1643/73/282 1607/132/283
f 1643/73/284 1608/75/26 1607/132/285
f 1607/132/286 1591/25/287 1625/27/288
f 1596/35/289 1610/24/174 1660/33/290
f 1610/24/291 1653/2/35 1651/83/565
f 1660/33/293 1610/24/294 1651/83/295
f 1603/65/296 1640/72/297 1602/122/298
f 1520/14/159 1426/122/585 1550/72/578
f 1640/72/41 1603/65/299 1639/40/300
f 1603/65/301 1604/19/302 1639/40/303
f 1517/1/278 1514/3/437 1513/22/24
f 1509/42/222 1533/124/176 1534/57/637
f 1687/31/454 1700/4/455 1686/125/167
f 1600/42/307 1647/17/308 1645/41/309
f 1645/41/457 1618/39/311 1604/19/312
f 1647/17/313 1600/42/314 1601/18/315
f 1697/14/159 1606/122/585 1725/72/578
f 1659/46/490 1663/88/491 1620/131/319
f 1663/88/320 1664/91/321 1620/131/322
f 1620/131/461 1596/35/638 1659/46/494
f 1660/49/325 1651/133/326 1667/47/327
f 1651/133/328 1654/134/329 1667/47/330
f 1609/1/189 1605/22/189 1652/51/58
f 1605/22/189 1604/19/231 1652/51/58
f 1604/19/231 1622/70/570 1636/50/211
f 1605/22/331 1613/86/332 1656/85/495
f 1656/85/334 1634/52/335 1605/22/336
f 1634/52/337 1623/20/338 1604/19/339
f 1674/55/340 1675/115/341 1649/53/342
f 1675/115/343 1679/37/344 1678/135/345
f 1649/53/346 1675/115/347 1678/135/348
f 1643/136/349 1625/62/350 1642/61/351
f 1625/62/352 1671/123/353 1669/63/354
f 1604/19/355 1617/30/356 1630/64/496
f 1630/64/358 1616/5/356 1599/31/359
f 1670/105/467 1671/123/468 1632/103/362
f 1632/103/363 1631/137/361 1629/104/364
f 1626/106/365 1616/138/120 1630/107/366
f 1599/31/454 1615/4/455 1598/125/167
f 1625/62/370 1627/139/371 1626/106/372
f 1627/139/373 1628/140/164 1626/106/374
f 1468/43/49 1459/45/51 1465/110/271
f 1612/14/497 1611/13/159 1602/122/160
f 1677/113/375 1679/37/498 1656/111/377
f 1694/75/434 1606/122/435 1610/132/499
f 1733/43/49 1726/44/50 1724/45/51
f 1633/36/381 1635/141/129 1634/108/382
f 1558/43/49 1551/44/50 1549/45/51
f 1666/118/384 1667/47/385 1636/116/386
f 1667/47/387 1654/134/388 1652/142/389
f 1654/134/390 1655/143/391 1652/142/392
f 1652/142/393 1636/116/394 1667/47/395
f 1659/121/396 1661/48/397 1667/47/398
f 1667/47/399 1665/144/400 1659/121/401
f 1665/144/500 1662/119/403 1659/121/404
f 1599/31/143 1621/90/405 1662/89/141
f 1665/94/406 1668/32/405 1599/31/501
f 1622/70/408 1604/19/409 1637/69/410
f 1604/19/411 1668/32/502 1666/93/413
f 1603/65/212 1644/76/78 1642/74/78
f 1642/74/78 1669/97/78 1603/65/212
f 1617/30/57 1604/19/183 1629/28/59
f 1604/19/183 1672/66/189 1629/28/59
f 1439/57/503 1624/124/603 1673/100/639
f 1594/80/416 1417/56/547 1650/78/418
f 1417/56/478 1676/58/416 1674/99/420
f 1417/56/421 1594/80/422 1649/79/423
f 1417/56/424 1649/79/425 1678/102/426
f 1684/128/237 1723/129/238 1731/126/239
f 1589/37/378 1544/108/379 1566/111/380
f 1681/26/4 1596/25/243 1711/6/480
f 1596/25/245 1700/4/481 1711/6/482
f 1762/9/247 1742/84/248 1699/7/249
f 1742/84/250 1743/23/251 1699/7/252
f 1684/130/8 1731/11/8 1417/10/8
f 1731/11/556 1704/16/607 1523/12/162
f 1684/130/12 1417/10/254 1723/15/429
f 1417/10/256 1614/13/12 1723/15/430
f 1706/90/259 1687/31/260 1686/125/483
f 1664/91/262 1598/125/263 1620/131/264
f 1709/124/265 1688/42/266 1718/21/267
f 1688/42/268 1691/19/269 1718/21/270
f 1600/42/216 1439/57/484 1601/18/218
f 1729/76/272 1690/65/499 1606/122/274
f 1516/75/434 1426/122/435 1515/132/436
f 1429/1/278 1426/3/279 1425/22/24
f 1726/44/227 1733/43/228 1731/126/229
f 1710/27/545 1728/73/282 1610/132/283
f 1728/73/284 1694/75/26 1610/132/285
f 1610/132/286 1596/25/287 1710/27/288
f 1685/35/289 1696/24/441 1745/33/442
f 1696/24/443 1738/2/293 1736/83/444
f 1745/33/630 1696/24/446 1736/83/295
f 1690/65/296 1725/72/297 1606/122/447
f 1612/14/448 1602/122/449 1640/72/450
f 1725/72/41 1690/65/299 1724/40/300
f 1690/65/301 1691/19/302 1724/40/303
f 1425/22/304 1478/23/305 1432/86/44
f 1574/91/192 1530/90/193 1689/125/194
f 1508/31/454 1523/4/455 1689/125/167
f 1688/42/307 1732/17/308 1730/41/456
f 1730/41/457 1703/39/308 1691/19/312
f 1732/17/313 1688/42/316 1689/18/640
f 1437/16/275 1421/18/276 1438/12/277
f 1744/46/490 1748/88/491 1705/131/508
f 1748/88/320 1749/91/321 1705/131/322
f 1705/131/509 1685/35/462 1744/46/612
f 1745/49/325 1736/133/326 1752/47/327
f 1736/133/510 1739/134/329 1752/47/330
f 1695/1/189 1692/22/189 1737/51/58
f 1692/22/189 1691/19/231 1737/51/58
f 1691/19/231 1707/70/57 1721/50/57
f 1692/22/331 1698/86/332 1741/85/495
f 1741/85/334 1719/52/335 1692/22/336
f 1719/52/337 1708/20/338 1691/19/339
f 1759/55/340 1760/115/341 1734/53/342
f 1760/115/343 1764/37/344 1763/135/345
f 1734/53/346 1760/115/347 1763/135/348
f 1728/136/349 1710/62/350 1727/61/351
f 1710/62/352 1756/123/353 1754/63/354
f 1691/19/355 1702/30/356 1715/64/496
f 1715/64/358 1701/5/356 1687/31/359
f 1755/105/360 1756/123/361 1717/103/362
f 1717/103/363 1716/137/361 1714/104/364
f 1711/106/365 1701/138/120 1715/107/366
f 1626/106/367 1671/123/368 1625/62/369
f 1710/62/370 1712/139/371 1711/106/372
f 1712/139/373 1713/140/164 1711/106/469
f 1558/43/49 1549/45/51 1555/110/271
f 1516/75/562 1554/76/567 1426/122/200
f 1762/113/375 1764/37/376 1741/111/377
f 1679/37/511 1634/108/379 1656/111/380
f 1764/37/121 1718/36/122 1719/108/123
f 1718/36/381 1720/141/129 1719/108/382
f 1422/122/236 1421/18/236 1426/3/236
f 1751/118/384 1752/47/385 1721/116/386
f 1752/47/387 1739/134/388 1737/142/389
f 1739/134/390 1740/143/391 1737/142/392
f 1737/142/393 1721/116/394 1752/47/395
f 1744/121/396 1746/48/397 1752/47/398
f 1752/47/399 1750/144/400 1744/121/512
f 1750/144/402 1747/119/403 1744/121/404
f 1687/31/143 1706/90/405 1747/89/141
f 1750/94/406 1753/32/405 1687/31/407
f 1707/70/474 1691/19/475 1722/69/476
f 1691/19/411 1753/32/502 1751/93/477
f 1690/65/78 1729/76/78 1727/74/78
f 1727/74/78 1754/97/78 1690/65/78
f 1702/30/57 1691/19/57 1714/28/147
f 1691/19/57 1757/66/232 1714/28/147
f 1529/57/503 1709/124/603 1758/100/639
f 1683/80/416 1505/56/417 1735/78/418
f 1505/56/478 1761/58/416 1759/99/420
f 1505/56/421 1683/80/479 1734/79/423
f 1505/56/424 1734/79/540 1763/102/541
f 1615/4/236 1591/25/236 1607/132/236
f 1602/122/236 1611/13/236 1433/12/236
f 1611/13/236 1597/10/236 1433/12/236
f 1615/4/236 1607/132/236 1602/122/236
f 1596/35/236 1620/131/236 1610/24/236
f 1620/131/236 1598/125/236 1610/24/236
f 1610/24/236 1598/125/236 1606/3/236
f 1598/125/236 1615/4/236 1602/122/236
f 1601/18/236 1439/57/236 1614/7/236
f 1439/57/236 1417/56/236 1614/7/236
f 1601/18/236 1614/7/236 1606/3/236
f 1602/122/236 1433/12/236 1601/18/236
f 1422/122/236 1426/3/236 1601/125/236
f 1700/4/236 1596/25/236 1610/132/236
f 1606/122/236 1614/13/236 1523/12/236
f 1614/13/236 1417/10/236 1523/12/236
f 1700/4/236 1610/132/236 1606/122/236
f 1685/35/236 1705/131/236 1696/24/236
f 1705/131/236 1686/125/236 1696/24/236
f 1696/24/236 1686/125/236 1693/3/236
f 1686/125/236 1700/4/236 1606/122/236
f 1689/18/236 1529/57/236 1699/7/236
f 1529/57/236 1505/56/236 1699/7/236
f 1689/18/236 1699/7/236 1693/3/236
f 1606/122/236 1523/12/236 1689/18/236
f 1543/36/131 1583/38/132 1533/114/133
f 1523/4/236 1417/25/236 1515/132/236
f 1426/122/236 1519/13/236 1528/12/236
f 1519/13/236 1507/10/236 1528/12/236
f 1523/4/236 1515/132/236 1426/122/236
f 1505/35/236 1529/131/236 1518/24/236
f 1529/131/236 1689/125/236 1518/24/236
f 1518/24/236 1689/125/236 1514/3/236
f 1689/125/236 1523/4/236 1426/122/236
f 1510/18/236 1534/57/236 1522/7/236
f 1534/57/236 1506/56/236 1522/7/236
f 1510/18/236 1522/7/236 1514/3/236
f 1426/122/236 1528/12/236 1510/18/236
f 1606/122/236 1693/3/236 1686/125/236
f 1433/4/236 1597/25/236 1427/132/236
f 1422/122/236 1430/13/236 1438/12/236
f 1430/13/236 1418/10/236 1438/12/236
f 1433/4/236 1427/132/236 1422/122/236
f 1417/35/236 1439/131/236 1515/24/236
f 1439/131/236 1601/125/236 1515/24/236
f 1515/24/236 1601/125/236 1426/3/236
f 1601/125/236 1433/4/236 1422/122/236
f 1421/18/236 1444/57/236 1519/7/236
f 1444/57/236 1507/56/236 1519/7/236
f 1421/18/236 1519/7/236 1426/3/236
f 1422/122/236 1438/12/236 1421/18/236
f 1426/122/236 1514/3/236 1689/125/236
f 1602/122/236 1606/3/236 1598/125/236
f 1506/127/236 1591/127/236 1418/127/236
f 2048/1/1 2091/2/2 2046/3/3
f 1786/4/4 1787/5/4 1799/6/4
f 1872/7/5 1853/8/6 1850/9/7
f 1771/10/8 1819/11/9 1791/12/10
f 1783/13/11 1784/14/551 1811/15/13
f 2057/16/204 2085/17/15 2042/18/205
f 1777/19/17 1795/20/18 1806/21/19
f 1778/22/20 1779/3/21 1831/23/22
f 1958/22/20 1959/3/21 2011/23/22
f 1826/2/23 1868/24/23 1779/3/24
f 1950/25/25 1766/26/26 1798/27/27
f 1802/28/28 1804/29/208 1788/30/30
f 1772/31/31 1841/32/32 1777/19/33
f 1833/33/34 1767/34/35 1770/35/36
f 2071/36/37 2117/37/38 2111/38/39
f 1777/19/40 1789/39/41 1812/40/42
f 1779/3/43 1872/7/44 1831/23/45
f 1870/1/1 1916/2/2 1867/3/3
f 1818/41/46 1777/19/47 1773/42/48
f 2001/43/49 1994/44/50 1992/45/51
f 1770/35/52 1767/34/52 1832/46/53
f 1840/47/54 1834/48/55 1833/49/56
f 1809/50/57 1825/51/58 1777/19/59
f 1778/22/60 1807/52/61 1777/19/62
f 1822/53/63 1823/54/64 1847/55/65
f 1860/56/66 1797/57/67 1849/58/68
f 1766/26/69 1801/59/69 1800/60/69
f 1766/26/70 1800/60/70 1798/27/70
f 1766/26/71 1799/6/71 1801/59/71
f 1815/61/72 1798/62/73 1842/63/74
f 1803/64/75 1772/31/76 1777/19/77
f 1776/65/78 1845/66/59 1777/19/79
f 1788/30/80 1805/67/80 1803/64/80
f 1788/30/30 1804/29/208 1805/67/81
f 1807/52/82 1808/68/82 1795/20/82
f 1795/20/83 1808/68/83 1806/21/83
f 1810/69/84 1809/50/84 1794/70/84
f 1784/14/85 1812/40/85 1814/71/85
f 1813/72/86 1812/40/86 1784/14/86
f 1784/14/87 1814/71/87 1811/15/87
f 1816/73/88 1815/74/88 1781/75/88
f 1781/75/89 1815/74/89 1817/76/89
f 1819/11/90 1821/77/90 1790/16/90
f 1790/16/91 1818/41/91 1820/17/91
f 1823/78/92 1822/79/92 1768/80/92
f 1782/1/641 1828/81/641 1827/82/641
f 1824/83/94 1826/2/94 1782/1/94
f 1782/1/95 1827/82/95 1824/83/95
f 1782/1/96 1825/51/96 1828/81/96
f 1830/84/97 1829/85/97 1785/86/97
f 1785/86/98 1831/23/98 1830/84/98
f 1833/33/99 1834/87/99 1767/34/99
f 1767/34/100 1834/87/100 1832/46/100
f 1836/88/101 1835/89/101 1793/90/101
f 1793/90/102 1837/91/102 1836/88/102
f 1841/32/103 1840/92/104 1839/93/105
f 1838/94/106 1840/92/104 1841/32/103
f 1845/66/107 1844/95/107 1843/96/107
f 1842/97/108 1844/95/108 1845/66/108
f 1849/58/109 1848/98/109 1847/99/109
f 1846/100/110 1848/98/110 1849/58/110
f 1850/9/111 1853/8/112 1852/101/113
f 1852/101/113 1853/8/112 1851/102/114
f 1805/103/115 1802/104/116 1843/105/117
f 1799/106/118 1803/107/119 1805/103/120
f 1942/37/121 1896/36/122 1897/108/123
f 1812/45/124 1789/109/125 1818/110/126
f 1790/16/127 1821/77/127 1818/41/127
f 1829/111/128 1830/112/129 1850/113/130
f 1986/36/131 2026/38/132 1977/114/133
f 1846/38/39 1852/37/38 1848/115/134
f 1809/116/135 1810/117/136 1839/118/137
f 1835/119/138 1836/120/139 1832/121/140
f 1835/89/141 1838/94/142 1772/31/143
f 1839/93/144 1810/69/145 1777/19/146
f 1842/97/78 1845/66/59 1776/65/78
f 1845/66/59 1843/96/58 1802/28/147
f 1797/57/148 1846/100/149 1849/58/150
f 1823/78/151 1860/56/152 1847/99/153
f 1853/8/154 1860/56/155 1851/102/156
f 1853/8/157 1872/7/157 1860/56/157
f 1784/14/158 1783/13/159 1775/122/160
f 1876/4/4 1877/5/4 1889/6/4
f 1875/7/5 1943/8/161 1940/9/7
f 1860/10/8 1909/11/9 1881/12/10
f 1872/13/12 1873/14/12 1901/15/12
f 1799/106/163 1805/103/164 1844/123/165
f 1865/19/17 1885/20/18 1896/21/19
f 1861/31/178 1877/5/179 1876/4/168
f 1972/16/169 2000/17/15 1954/18/16
f 1916/2/170 1871/24/23 1867/3/171
f 1770/25/172 1854/26/172 1888/27/172
f 1892/28/28 1894/29/29 1878/30/30
f 1861/31/31 1931/32/32 1865/19/33
f 1923/33/173 1855/34/174 1858/35/36
f 2041/42/470 2062/124/539 1882/57/177
f 1865/19/40 1879/39/41 1902/40/42
f 1867/3/43 1875/7/44 1921/23/642
f 2040/31/178 2054/5/179 2053/4/168
f 1908/41/46 1865/19/47 1862/42/48
f 1962/1/1 2006/2/24 1959/3/532
f 1858/35/524 1855/34/52 1922/46/182
f 1930/47/54 1924/48/55 1923/49/56
f 1899/50/57 1915/51/183 1865/19/147
f 1866/22/60 1897/52/61 1865/19/62
f 1912/53/63 1913/54/64 1937/55/65
f 1859/56/66 1887/57/67 1939/58/68
f 1854/26/69 1891/59/69 1890/60/69
f 1854/26/70 1890/60/70 1888/27/70
f 1854/26/71 1889/6/71 1891/59/71
f 1905/61/186 1888/62/73 1932/63/74
f 1893/64/187 1861/31/76 1865/19/77
f 1864/65/188 1935/66/189 1865/19/59
f 1878/30/80 1895/67/80 1893/64/80
f 1878/30/30 1894/29/29 1895/67/81
f 1897/52/82 1898/68/82 1885/20/82
f 1885/20/83 1898/68/83 1896/21/83
f 1900/69/84 1899/50/84 1884/70/84
f 1873/14/85 1902/40/85 1904/71/85
f 1903/72/86 1902/40/86 1873/14/86
f 1873/14/87 1904/71/87 1901/15/87
f 1906/73/88 1905/74/88 1869/75/88
f 1869/75/596 1905/74/596 1907/76/596
f 1909/11/90 1911/77/90 1880/16/90
f 1880/16/91 1908/41/91 1910/17/91
f 1913/78/92 1912/79/92 1856/80/92
f 1870/1/93 1918/81/93 1917/82/93
f 1914/83/94 1916/2/94 1870/1/94
f 1870/1/95 1917/82/95 1914/83/95
f 1870/1/96 1915/51/96 1918/81/96
f 1920/84/97 1919/85/97 1874/86/97
f 1874/86/98 1921/23/98 1920/84/98
f 1923/33/99 1924/87/99 1855/34/99
f 1855/34/100 1924/87/100 1922/46/100
f 1926/88/101 1925/89/101 1883/90/101
f 1883/90/102 1927/91/102 1926/88/102
f 1931/32/190 1930/92/104 1929/93/105
f 1928/94/106 1930/92/104 1931/32/190
f 1935/66/107 1934/95/107 1933/96/107
f 1932/97/108 1934/95/108 1935/66/108
f 1939/58/109 1938/98/109 1937/99/109
f 1936/100/110 1938/98/110 1939/58/110
f 1940/9/111 1943/8/112 1942/101/113
f 1942/101/113 1943/8/112 1941/102/191
f 1895/103/115 1892/104/116 1933/105/117
f 1889/106/118 1893/107/119 1895/103/120
f 2017/91/192 1974/90/523 1951/125/194
f 1902/45/124 1879/109/125 1908/110/126
f 1880/16/127 1911/77/127 1908/41/127
f 1919/111/128 1920/112/129 1940/113/130
f 2071/36/131 2111/38/132 2062/114/133
f 1936/38/39 1942/37/195 1938/115/134
f 1899/116/135 1900/117/136 1929/118/137
f 1925/119/138 1926/120/139 1922/121/140
f 1925/89/141 1928/94/142 1861/31/143
f 1929/93/144 1900/69/145 1865/19/196
f 1932/97/78 1935/66/189 1864/65/188
f 1935/66/189 1933/96/183 1892/28/147
f 1887/57/148 1936/100/149 1939/58/150
f 1913/78/151 1859/56/152 1937/99/643
f 1943/8/154 1859/56/155 1941/102/156
f 1943/8/157 1875/7/157 1859/56/157
f 1961/75/198 1997/76/199 1955/122/200
f 1968/4/201 1969/5/4 1979/6/202
f 1967/7/5 2033/8/6 2030/9/7
f 1950/10/8 1999/11/9 1786/12/10
f 1964/13/11 1965/14/12 1991/15/13
f 2045/22/203 2046/3/21 2096/23/22
f 1957/19/17 1976/20/18 1986/21/19
f 1790/16/204 1820/17/15 1774/18/205
f 1866/22/20 1867/3/644 1921/23/22
f 2006/2/23 1963/24/23 1959/3/24
f 1944/25/206 1945/26/26 1978/27/207
f 1982/28/28 1984/29/208 1970/30/30
f 1952/31/31 2021/32/32 1957/19/33
f 2013/33/34 1946/34/35 1949/35/36
f 1806/36/37 1852/37/38 1846/38/39
f 1957/19/40 1971/39/41 1992/40/42
f 1959/3/43 1967/7/44 2011/23/45
f 1952/31/178 1969/5/179 1968/4/168
f 1998/41/46 1957/19/47 1953/42/48
f 2102/91/192 2059/90/193 2039/125/194
f 1949/35/209 1946/34/52 2012/46/210
f 2020/47/54 2014/48/55 2013/49/56
f 1989/50/211 2005/51/58 1957/19/231
f 1958/22/60 1987/52/61 1957/19/62
f 2002/53/63 2003/54/64 2027/55/65
f 1770/56/66 1792/57/66 2029/58/66
f 1945/26/69 1981/59/69 1980/60/69
f 1945/26/70 1980/60/70 1978/27/70
f 1945/26/71 1979/6/71 1981/59/71
f 1995/61/72 1978/62/73 2022/63/74
f 1983/64/75 1952/31/76 1957/19/77
f 1956/65/212 2025/66/189 1957/19/183
f 1970/30/80 1985/67/80 1983/64/80
f 1970/30/30 1984/29/208 1985/67/81
f 1987/52/82 1988/68/82 1976/20/82
f 1976/20/83 1988/68/83 1986/21/83
f 1990/69/84 1989/50/84 1975/70/84
f 1965/14/85 1992/40/85 1994/71/85
f 1993/72/86 1992/40/86 1965/14/86
f 1965/14/87 1994/71/87 1991/15/87
f 1996/73/88 1995/74/88 1961/75/88
f 1961/75/89 1995/74/89 1997/76/89
f 1999/11/90 2001/77/90 1972/16/90
f 1972/16/91 1998/41/91 2000/17/91
f 2003/78/92 2002/79/92 1947/80/92
f 1962/1/93 2008/81/93 2007/82/93
f 2004/83/94 2006/2/94 1962/1/94
f 1962/1/95 2007/82/95 2004/83/95
f 1962/1/96 2005/51/96 2008/81/96
f 2010/84/97 2009/85/97 1966/86/97
f 1966/86/98 2011/23/98 2010/84/98
f 2013/33/99 2014/87/99 1946/34/99
f 1946/34/100 2014/87/100 2012/46/100
f 2016/88/101 2015/89/101 1974/90/101
f 1974/90/102 2017/91/102 2016/88/102
f 2021/32/190 2020/92/104 2019/93/105
f 2018/94/106 2020/92/104 2021/32/190
f 2025/66/107 2024/95/107 2023/96/107
f 2022/97/108 2024/95/108 2025/66/108
f 2029/58/109 2028/98/109 2027/99/109
f 2026/100/110 2028/98/110 2029/58/110
f 2030/9/111 2033/8/112 2032/101/113
f 2032/101/113 2033/8/112 2031/102/114
f 1985/103/115 1982/104/214 2023/105/215
f 1979/106/118 1983/107/119 1985/103/120
f 1821/43/49 1814/44/50 1812/45/51
f 1992/45/124 1971/109/125 1998/110/126
f 1972/16/127 2001/77/127 1998/41/127
f 2009/111/128 2010/112/129 2030/113/130
f 2041/42/216 1882/57/217 2042/18/615
f 2026/38/39 2032/37/38 2028/115/134
f 1989/116/135 1990/117/136 2019/118/137
f 2015/119/138 2016/120/139 2012/121/140
f 2015/89/141 2018/94/142 1952/31/143
f 2019/93/144 1990/69/145 1957/19/146
f 2022/97/78 2025/66/189 1956/65/212
f 2025/66/189 2023/96/78 1982/28/59
f 1792/57/602 2026/100/149 2029/58/603
f 2003/78/151 1770/56/221 2027/99/153
f 2033/8/154 1770/56/155 2031/102/156
f 2033/8/157 1967/7/157 1770/56/157
f 1773/42/222 1796/124/176 1797/57/645
f 2053/4/201 2054/5/4 2064/6/202
f 2052/7/5 2118/8/161 2115/9/7
f 1770/10/8 2084/11/224 1876/12/10
f 1967/13/12 2050/14/12 2076/15/12
f 1772/31/178 1787/5/167 1786/4/168
f 2044/19/17 2061/20/18 2071/21/19
f 1979/106/163 1985/103/164 2024/123/165
f 2064/106/163 2070/103/164 2109/123/165
f 2091/2/170 2049/24/23 2046/3/171
f 1949/25/206 2034/26/172 2063/27/207
f 2067/28/28 2069/29/29 2055/30/30
f 2040/31/31 2106/32/225 2044/19/33
f 2098/33/173 2035/34/226 2038/35/36
f 1994/44/227 2001/43/228 1999/126/229
f 2044/19/40 2056/39/41 2077/40/42
f 2046/3/43 2052/7/44 2096/23/45
f 2050/14/159 1967/13/159 1959/122/230
f 2083/41/46 2044/19/47 2041/42/48
f 1880/16/204 1910/17/15 1863/18/205
f 2038/35/181 2035/34/52 2097/46/182
f 2105/47/54 2099/48/55 2098/49/56
f 2074/50/57 2090/51/58 2044/19/231
f 2045/22/60 2072/52/61 2044/19/62
f 2087/53/63 2088/54/64 2112/55/65
f 1858/56/66 1882/57/66 2114/58/66
f 2034/26/69 2066/59/69 2065/60/69
f 2034/26/70 2065/60/70 2063/27/70
f 2034/26/71 2064/6/71 2066/59/71
f 2080/61/72 2063/62/73 2107/63/74
f 2068/64/187 2040/31/76 2044/19/77
f 2043/65/78 2110/66/232 2044/19/57
f 2055/30/80 2070/67/80 2068/64/80
f 2055/30/30 2069/29/29 2070/67/81
f 2072/52/82 2073/68/82 2061/20/82
f 2061/20/83 2073/68/83 2071/21/83
f 2075/69/84 2074/50/84 2060/70/84
f 2050/14/85 2077/40/85 2079/71/85
f 2078/72/86 2077/40/86 2050/14/86
f 2050/14/87 2079/71/87 2076/15/87
f 2081/73/88 2080/74/88 2047/75/88
f 2047/75/89 2080/74/89 2082/76/89
f 2084/11/90 2086/77/90 2057/16/90
f 2057/16/91 2083/41/91 2085/17/91
f 2088/78/92 2087/79/92 2036/80/92
f 2048/1/93 2093/81/93 2092/82/93
f 2089/83/94 2091/2/94 2048/1/94
f 2048/1/95 2092/82/95 2089/83/95
f 2048/1/96 2090/51/96 2093/81/96
f 2095/84/97 2094/85/97 2051/86/97
f 2051/86/98 2096/23/98 2095/84/98
f 2098/33/99 2099/87/99 2035/34/99
f 2035/34/100 2099/87/100 2097/46/100
f 2101/88/101 2100/89/101 2059/90/101
f 2059/90/102 2102/91/102 2101/88/102
f 2106/32/190 2105/92/104 2104/93/105
f 2103/94/106 2105/92/104 2106/32/190
f 2110/66/107 2109/95/107 2108/96/107
f 2107/97/108 2109/95/108 2110/66/108
f 2114/58/109 2113/98/109 2112/99/109
f 2111/100/110 2113/98/110 2114/58/110
f 2115/9/111 2118/8/112 2117/101/113
f 2117/101/113 2118/8/112 2116/102/191
f 2070/103/115 2067/104/116 2108/105/215
f 2064/106/118 2068/107/119 2070/103/120
f 2047/75/198 2082/76/199 1959/122/200
f 2077/45/124 2056/109/125 2083/110/126
f 2057/16/127 2086/77/127 2083/41/127
f 2094/111/128 2095/112/129 2115/113/130
f 1806/36/131 1846/38/132 1796/114/133
f 2111/38/39 2117/37/38 2113/115/134
f 2074/116/135 2075/117/136 2104/118/137
f 2100/119/138 2101/120/234 2097/121/235
f 2100/89/141 2103/94/142 2040/31/143
f 2104/93/144 2075/69/145 2044/19/196
f 2107/97/78 2110/66/232 2043/65/78
f 2110/66/232 2108/96/189 2067/28/147
f 1882/57/602 2111/100/149 2114/58/603
f 2088/78/151 1858/56/221 2112/99/153
f 2118/8/154 1858/56/155 2116/102/156
f 2118/8/157 2052/7/157 1858/56/157
f 1859/127/236 2038/127/236 1944/127/236
f 1959/122/236 2042/18/236 2046/3/236
f 1779/122/236 1863/18/236 1867/3/236
f 1955/122/236 1954/18/236 1959/3/236
f 1769/128/237 1811/129/238 1819/126/239
f 1994/44/240 1999/126/241 1991/129/242
f 1766/26/4 1950/25/605 1799/6/606
f 1950/25/245 1786/4/4 1799/6/246
f 1850/9/247 1830/84/248 1872/7/249
f 1830/84/250 1831/23/251 1872/7/626
f 1769/130/8 1819/11/9 1771/10/8
f 1819/11/9 1790/16/253 1791/12/10
f 1769/130/12 1771/10/254 1811/15/255
f 1771/10/256 1783/13/257 1811/15/258
f 1793/90/259 1772/31/260 1954/125/261
f 2102/91/262 2039/125/263 2058/131/264
f 1796/124/265 1773/42/266 1806/21/267
f 1773/42/268 1777/19/269 1806/21/270
f 2001/43/49 1992/45/51 1998/110/271
f 1817/76/272 1776/65/273 1775/122/274
f 1880/16/568 1863/18/569 1881/12/316
f 1962/1/278 1959/3/279 1958/22/280
f 1852/37/121 1806/36/122 1807/108/123
f 1798/27/281 1816/73/282 1780/132/283
f 1816/73/284 1781/75/26 1780/132/285
f 1780/132/286 1950/25/287 1798/27/288
f 1770/35/289 1868/24/174 1833/33/290
f 1868/24/291 1826/2/35 1824/83/292
f 1833/33/293 1868/24/294 1824/83/295
f 1776/65/296 1813/72/627 1775/122/298
f 1986/36/37 2032/37/38 2026/38/39
f 1813/72/41 1776/65/299 1812/40/566
f 1776/65/301 1777/19/302 1812/40/303
f 1958/22/304 2011/23/305 1966/86/44
f 1781/75/198 1817/76/567 1775/122/200
f 1866/22/304 1921/23/305 1874/86/44
f 1773/42/307 1820/17/308 1818/41/309
f 1818/41/310 1789/39/311 1777/19/312
f 1820/17/313 1773/42/314 1774/18/315
f 1972/16/568 1954/18/569 1786/12/316
f 1832/46/317 1836/88/318 1792/131/319
f 1836/88/646 1837/91/52 1792/131/322
f 1792/131/323 1770/35/53 1832/46/324
f 1833/49/325 1824/133/326 1840/47/327
f 1824/133/328 1827/134/329 1840/47/330
f 1782/1/189 1778/22/189 1825/51/58
f 1778/22/189 1777/19/59 1825/51/58
f 1777/19/59 1794/70/570 1809/50/57
f 1778/22/331 1785/86/332 1829/85/333
f 1829/85/635 1807/52/335 1778/22/336
f 1807/52/337 1795/20/338 1777/19/339
f 1847/55/340 1848/115/341 1822/53/342
f 1848/115/343 1852/37/344 1851/135/345
f 1822/53/346 1848/115/347 1851/135/348
f 1816/136/349 1798/62/350 1815/61/351
f 1798/62/352 1844/123/353 1842/63/354
f 1777/19/355 1788/30/356 1803/64/357
f 1803/64/358 1787/5/356 1772/31/359
f 1843/105/360 1844/123/361 1805/103/647
f 1805/103/363 1804/137/361 1802/104/364
f 1799/106/365 1787/138/120 1803/107/366
f 2064/106/367 2109/123/368 2063/62/369
f 1798/62/370 1800/139/371 1799/106/372
f 1800/139/373 1801/140/164 1799/106/374
f 2086/43/49 2077/45/51 2083/110/271
f 1782/1/608 1826/2/23 1779/3/619
f 1850/113/375 1852/37/376 1829/111/377
f 2117/37/378 2072/108/379 2094/111/380
f 1814/44/227 1821/43/228 1819/126/229
f 1806/36/381 1808/141/129 1807/108/382
f 2032/37/383 1986/36/122 1987/108/123
f 1839/118/384 1840/47/385 1809/116/386
f 1840/47/387 1827/134/388 1825/142/389
f 1827/134/390 1828/143/391 1825/142/392
f 1825/142/393 1809/116/394 1840/47/395
f 1832/121/396 1834/48/397 1840/47/398
f 1840/47/399 1838/144/400 1832/121/401
f 1838/144/402 1835/119/403 1832/121/404
f 1772/31/143 1793/90/405 1835/89/141
f 1838/94/406 1841/32/405 1772/31/407
f 1794/70/408 1777/19/409 1810/69/410
f 1777/19/411 1841/32/412 1839/93/413
f 1776/65/78 1817/76/78 1815/74/78
f 1815/74/78 1842/97/78 1776/65/78
f 1788/30/57 1777/19/79 1802/28/147
f 1777/19/79 1845/66/59 1802/28/147
f 1797/57/414 1796/124/220 1846/100/415
f 1768/80/416 1860/56/417 1823/78/418
f 1860/56/648 1849/58/416 1847/99/420
f 1860/56/421 1768/80/422 1822/79/423
f 1860/56/424 1822/79/425 1851/102/426
f 1857/128/237 1901/129/238 1909/126/239
f 1814/44/240 1819/126/241 1811/129/242
f 1854/26/4 1770/25/243 1889/6/244
f 1770/25/245 1876/4/4 1889/6/246
f 1940/9/247 1920/84/248 1875/7/249
f 1920/84/427 1921/23/251 1875/7/626
f 1857/130/428 1909/11/9 1860/10/8
f 1909/11/9 1880/16/253 1881/12/10
f 1857/130/12 1860/10/254 1901/15/429
f 1860/10/256 1872/13/12 1901/15/430
f 1883/90/259 1861/31/260 2042/125/261
f 1837/91/262 1954/125/431 1792/131/264
f 1886/124/265 1862/42/266 1896/21/267
f 1862/42/268 1865/19/269 1896/21/270
f 1773/42/432 1797/57/433 1774/18/218
f 1907/76/272 1864/65/273 1779/122/274
f 1961/75/434 1955/122/435 1960/132/436
f 2048/1/616 2046/3/437 2045/22/280
f 1904/44/438 1911/43/228 1909/126/229
f 1888/27/439 1906/73/282 1868/132/283
f 1906/73/284 1869/75/26 1868/132/285
f 1868/132/286 1770/25/172 1888/27/440
f 1858/35/289 1871/24/441 1923/33/442
f 1871/24/443 1916/2/174 1914/83/444
f 1923/33/445 1871/24/446 1914/83/295
f 1864/65/296 1903/72/297 1779/122/447
f 1784/14/448 1775/122/449 1813/72/450
f 1903/72/41 1864/65/299 1902/40/451
f 1864/65/301 1865/19/302 1902/40/452
f 2045/22/304 2096/23/453 2051/86/44
f 1873/14/159 1872/13/159 1779/122/230
f 1772/31/454 1786/4/455 1954/125/167
f 1862/42/307 1910/17/308 1908/41/456
f 1908/41/457 1879/39/308 1865/19/312
f 1910/17/313 1862/42/314 1863/18/315
f 2057/16/568 2042/18/569 1876/12/458
f 1922/46/459 1926/88/633 1882/131/319
f 1926/88/320 1927/91/321 1882/131/579
f 1882/131/461 1858/35/462 1922/46/463
f 1923/49/325 1914/133/326 1930/47/327
f 1914/133/328 1917/134/329 1930/47/330
f 1870/1/189 1866/22/189 1915/51/183
f 1866/22/189 1865/19/147 1915/51/183
f 1865/19/147 1884/70/464 1899/50/57
f 1866/22/331 1874/86/332 1919/85/333
f 1919/85/334 1897/52/335 1866/22/336
f 1897/52/337 1885/20/338 1865/19/339
f 1937/55/340 1938/115/341 1912/53/342
f 1938/115/343 1942/37/344 1941/135/345
f 1912/53/346 1938/115/347 1941/135/348
f 1906/136/349 1888/62/350 1905/61/465
f 1888/62/352 1934/123/353 1932/63/354
f 1865/19/355 1878/30/356 1893/64/466
f 1893/64/358 1877/5/356 1861/31/359
f 1933/105/360 1934/123/361 1895/103/362
f 1895/103/363 1894/137/361 1892/104/364
f 1889/106/365 1877/138/120 1893/107/366
f 1799/106/367 1844/123/368 1798/62/369
f 1888/62/370 1890/139/371 1889/106/372
f 1890/139/373 1891/140/164 1889/106/469
f 1889/106/367 1934/123/368 1888/62/369
f 1953/42/175 1977/124/176 1792/57/471
f 1940/113/375 1942/37/376 1919/111/377
f 1852/37/378 1807/108/379 1829/111/380
f 1837/91/192 1793/90/193 1954/125/194
f 1896/36/381 1898/141/129 1897/108/382
f 1896/36/37 1942/37/195 1936/38/39
f 1929/118/384 1930/47/385 1899/116/386
f 1930/47/387 1917/134/388 1915/142/389
f 1917/134/390 1918/143/391 1915/142/392
f 1915/142/393 1899/116/394 1930/47/395
f 1922/121/396 1924/48/397 1930/47/398
f 1930/47/399 1928/144/472 1922/121/401
f 1928/144/473 1925/119/403 1922/121/404
f 1861/31/143 1883/90/405 1925/89/141
f 1928/94/406 1931/32/405 1861/31/407
f 1884/70/474 1865/19/475 1900/69/476
f 1865/19/411 1931/32/412 1929/93/477
f 1864/65/188 1907/76/78 1905/74/78
f 1905/74/78 1932/97/78 1864/65/188
f 1878/30/57 1865/19/59 1892/28/147
f 1865/19/59 1935/66/189 1892/28/147
f 1887/57/414 1886/124/220 1936/100/415
f 1856/80/649 1859/56/547 1913/78/548
f 1859/56/419 1939/58/416 1937/99/420
f 1859/56/421 1856/80/479 1912/79/423
f 1859/56/424 1912/79/425 1941/102/426
f 1948/128/237 1991/129/238 1999/126/239
f 2079/44/240 2084/126/241 2076/129/242
f 1945/26/4 1944/25/243 1979/6/480
f 1944/25/245 1968/4/481 1979/6/482
f 2030/9/247 2010/84/248 1967/7/249
f 2010/84/427 2011/23/251 1967/7/252
f 1948/130/8 1999/11/9 1950/10/8
f 1999/11/9 1972/16/253 1786/12/10
f 1948/130/12 1950/10/254 1991/15/255
f 1950/10/256 1964/13/257 1991/15/258
f 1974/90/259 1952/31/260 1951/125/483
f 1904/44/240 1909/126/241 1901/129/242
f 1977/124/265 1953/42/266 1986/21/267
f 1953/42/268 1957/19/269 1986/21/270
f 1862/42/216 1887/57/484 1863/18/218
f 1997/76/272 1956/65/273 1955/122/274
f 1781/75/434 1775/122/435 1780/132/499
f 1927/91/262 2042/125/431 1882/131/264
f 1889/106/163 1895/103/486 1934/123/165
f 1978/27/281 1996/73/282 1960/132/283
f 1996/73/284 1961/75/26 1960/132/285
f 1960/132/286 1944/25/287 1978/27/288
f 1949/35/289 1963/24/174 2013/33/290
f 1963/24/291 2006/2/35 2004/83/292
f 2013/33/293 1963/24/294 2004/83/295
f 1956/65/296 1993/72/297 1955/122/298
f 1873/14/159 1779/122/488 1903/72/450
f 1993/72/41 1956/65/299 1992/40/300
f 1956/65/301 1957/19/302 1992/40/303
f 1870/1/278 1867/3/437 1866/22/280
f 1862/42/470 1886/124/176 1887/57/177
f 2040/31/454 2053/4/455 2039/125/167
f 1953/42/307 2000/17/311 1998/41/309
f 1998/41/457 1971/39/311 1957/19/312
f 2000/17/313 1953/42/314 1954/18/315
f 2050/14/159 1959/122/488 2078/72/450
f 2012/46/490 2016/88/491 1973/131/319
f 2016/88/320 2017/91/492 1973/131/322
f 1973/131/461 1949/35/493 2012/46/494
f 2013/49/325 2004/133/326 2020/47/327
f 2004/133/328 2007/134/329 2020/47/330
f 1962/1/189 1958/22/189 2005/51/58
f 1958/22/189 1957/19/231 2005/51/58
f 1957/19/231 1975/70/57 1989/50/211
f 1958/22/331 1966/86/332 2009/85/495
f 2009/85/334 1987/52/335 1958/22/336
f 1987/52/337 1976/20/338 1957/19/339
f 2027/55/340 2028/115/341 2002/53/342
f 2028/115/343 2032/37/344 2031/135/345
f 2002/53/346 2028/115/347 2031/135/348
f 1996/136/349 1978/62/350 1995/61/351
f 1978/62/352 2024/123/353 2022/63/354
f 1957/19/355 1970/30/356 1983/64/496
f 1983/64/358 1969/5/356 1952/31/359
f 2023/105/360 2024/123/361 1985/103/362
f 1985/103/363 1984/137/361 1982/104/364
f 1979/106/365 1969/138/120 1983/107/366
f 1952/31/454 1968/4/455 1951/125/167
f 1978/62/370 1980/139/371 1979/106/372
f 1980/139/373 1981/140/164 1979/106/374
f 1821/43/49 1812/45/51 1818/110/271
f 1965/14/497 1964/13/159 1955/122/160
f 2030/113/375 2032/37/498 2009/111/377
f 2047/75/434 1959/122/435 1963/132/499
f 2086/43/49 2079/44/50 2077/45/51
f 1986/36/381 1988/141/129 1987/108/382
f 1911/43/49 1904/44/50 1902/45/51
f 2019/118/384 2020/47/385 1989/116/386
f 2020/47/387 2007/134/388 2005/142/389
f 2007/134/390 2008/143/391 2005/142/392
f 2005/142/393 1989/116/394 2020/47/395
f 2012/121/396 2014/48/397 2020/47/398
f 2020/47/399 2018/144/400 2012/121/401
f 2018/144/500 2015/119/403 2012/121/404
f 1952/31/143 1974/90/405 2015/89/141
f 2018/94/406 2021/32/405 1952/31/501
f 1975/70/408 1957/19/409 1990/69/410
f 1957/19/411 2021/32/502 2019/93/413
f 1956/65/212 1997/76/78 1995/74/78
f 1995/74/78 2022/97/78 1956/65/212
f 1970/30/57 1957/19/183 1982/28/59
f 1957/19/183 2025/66/189 1982/28/59
f 1792/57/650 1977/124/220 2026/100/415
f 1947/80/416 1770/56/417 2003/78/418
f 1770/56/478 2029/58/416 2027/99/420
f 1770/56/421 1947/80/422 2002/79/423
f 1770/56/424 2002/79/425 2031/102/426
f 2037/128/237 2076/129/238 2084/126/239
f 1942/37/378 1897/108/379 1919/111/380
f 2034/26/4 1949/25/243 2064/6/480
f 1949/25/245 2053/4/481 2064/6/482
f 2115/9/247 2095/84/248 2052/7/249
f 2095/84/250 2096/23/251 2052/7/252
f 2037/130/8 2084/11/8 1770/10/8
f 2084/11/224 2057/16/253 1876/12/10
f 2037/130/12 1770/10/254 2076/15/429
f 1770/10/256 1967/13/12 2076/15/430
f 2059/90/259 2040/31/260 2039/125/504
f 2017/91/262 1951/125/263 1973/131/264
f 2062/124/265 2041/42/266 2071/21/267
f 2041/42/268 2044/19/269 2071/21/270
f 1953/42/216 1792/57/484 1954/18/218
f 2082/76/272 2043/65/499 1959/122/535
f 1869/75/434 1779/122/435 1868/132/436
f 1782/1/278 1779/3/279 1778/22/24
f 2079/44/227 2086/43/228 2084/126/229
f 2063/27/281 2081/73/282 1963/132/283
f 2081/73/284 2047/75/26 1963/132/285
f 1963/132/286 1949/25/287 2063/27/288
f 2038/35/289 2049/24/441 2098/33/442
f 2049/24/443 2091/2/174 2089/83/444
f 2098/33/445 2049/24/505 2089/83/506
f 2043/65/296 2078/72/297 1959/122/447
f 1965/14/448 1955/122/449 1993/72/450
f 2078/72/41 2043/65/299 2077/40/300
f 2043/65/301 2044/19/302 2077/40/303
f 1778/22/611 1831/23/453 1785/86/44
f 1927/91/192 1883/90/193 2042/125/507
f 1861/31/454 1876/4/455 2042/125/167
f 2041/42/307 2085/17/311 2083/41/456
f 2083/41/457 2056/39/308 2044/19/312
f 2085/17/313 2041/42/314 2042/18/315
f 1790/16/275 1774/18/276 1791/12/316
f 2097/46/490 2101/88/491 2058/131/508
f 2101/88/320 2102/91/321 2058/131/322
f 2058/131/509 2038/35/462 2097/46/463
f 2098/49/325 2089/133/326 2105/47/327
f 2089/133/510 2092/134/329 2105/47/330
f 2048/1/189 2045/22/189 2090/51/58
f 2045/22/189 2044/19/231 2090/51/58
f 2044/19/231 2060/70/57 2074/50/57
f 2045/22/331 2051/86/332 2094/85/495
f 2094/85/334 2072/52/335 2045/22/336
f 2072/52/337 2061/20/338 2044/19/339
f 2112/55/340 2113/115/341 2087/53/342
f 2113/115/343 2117/37/344 2116/135/345
f 2087/53/346 2113/115/347 2116/135/348
f 2081/136/349 2063/62/350 2080/61/351
f 2063/62/352 2109/123/353 2107/63/354
f 2044/19/355 2055/30/356 2068/64/466
f 2068/64/358 2054/5/356 2040/31/359
f 2108/105/360 2109/123/361 2070/103/362
f 2070/103/363 2069/137/361 2067/104/364
f 2064/106/365 2054/138/120 2068/107/366
f 1979/106/367 2024/123/368 1978/62/369
f 2063/62/370 2065/139/371 2064/106/372
f 2065/139/373 2066/140/164 2064/106/469
f 1911/43/49 1902/45/51 1908/110/271
f 1869/75/198 1907/76/306 1779/122/200
f 2115/113/375 2117/37/376 2094/111/377
f 2032/37/511 1987/108/379 2009/111/380
f 2117/37/121 2071/36/122 2072/108/123
f 2071/36/381 2073/141/129 2072/108/382
f 1775/122/236 1774/18/236 1779/3/236
f 2104/118/384 2105/47/385 2074/116/386
f 2105/47/387 2092/134/388 2090/142/389
f 2092/134/390 2093/143/391 2090/142/392
f 2090/142/393 2074/116/394 2105/47/395
f 2097/121/396 2099/48/397 2105/47/398
f 2105/47/399 2103/144/400 2097/121/512
f 2103/144/402 2100/119/403 2097/121/404
f 2040/31/143 2059/90/405 2100/89/141
f 2103/94/406 2106/32/405 2040/31/407
f 2060/70/474 2044/19/475 2075/69/476
f 2044/19/411 2106/32/502 2104/93/477
f 2043/65/78 2082/76/78 2080/74/78
f 2080/74/78 2107/97/78 2043/65/78
f 2055/30/57 2044/19/57 2067/28/147
f 2044/19/57 2110/66/232 2067/28/147
f 1882/57/503 2062/124/220 2111/100/415
f 2036/80/416 1858/56/417 2088/78/418
f 1858/56/478 2114/58/416 2112/99/420
f 1858/56/421 2036/80/479 2087/79/423
f 1858/56/424 2087/79/425 2116/102/426
f 1968/4/236 1944/25/236 1960/132/236
f 1955/122/236 1964/13/236 1786/12/236
f 1964/13/236 1950/10/236 1786/12/236
f 1968/4/236 1960/132/236 1955/122/236
f 1949/35/236 1973/131/236 1963/24/236
f 1973/131/236 1951/125/236 1963/24/236
f 1963/24/236 1951/125/236 1959/3/236
f 1951/125/236 1968/4/236 1955/122/236
f 1954/18/236 1792/57/236 1967/7/236
f 1792/57/236 1770/56/236 1967/7/236
f 1954/18/236 1967/7/236 1959/3/236
f 1955/122/236 1786/12/236 1954/18/236
f 1775/122/236 1779/3/236 1954/125/236
f 2053/4/236 1949/25/236 1963/132/236
f 1959/122/236 1967/13/236 1876/12/236
f 1967/13/236 1770/10/236 1876/12/236
f 2053/4/236 1963/132/236 1959/122/236
f 2038/35/236 2058/131/236 2049/24/236
f 2058/131/236 2039/125/236 2049/24/236
f 2049/24/236 2039/125/236 2046/3/236
f 2039/125/236 2053/4/236 1959/122/236
f 2042/18/236 1882/57/236 2052/7/236
f 1882/57/236 1858/56/236 2052/7/236
f 2042/18/236 2052/7/236 2046/3/236
f 1959/122/236 1876/12/236 2042/18/236
f 1896/36/131 1936/38/132 1886/114/133
f 1876/4/236 1770/25/236 1868/132/236
f 1779/122/236 1872/13/236 1881/12/236
f 1872/13/236 1860/10/236 1881/12/236
f 1876/4/236 1868/132/236 1779/122/236
f 1858/35/236 1882/131/236 1871/24/236
f 1882/131/236 2042/125/236 1871/24/236
f 1871/24/236 2042/125/236 1867/3/236
f 2042/125/236 1876/4/236 1779/122/236
f 1863/18/236 1887/57/236 1875/7/236
f 1887/57/236 1859/56/236 1875/7/236
f 1863/18/236 1875/7/236 1867/3/236
f 1779/122/236 1881/12/236 1863/18/236
f 1959/122/236 2046/3/236 2039/125/236
f 1786/4/236 1950/25/236 1780/132/236
f 1775/122/236 1783/13/236 1791/12/236
f 1783/13/236 1771/10/236 1791/12/236
f 1786/4/236 1780/132/236 1775/122/236
f 1770/35/236 1792/131/236 1868/24/236
f 1792/131/236 1954/125/236 1868/24/236
f 1868/24/236 1954/125/236 1779/3/236
f 1954/125/236 1786/4/236 1775/122/236
f 1774/18/236 1797/57/236 1872/7/236
f 1797/57/236 1860/56/236 1872/7/236
f 1774/18/236 1872/7/236 1779/3/236
f 1775/122/236 1791/12/236 1774/18/236
f 1779/122/236 1867/3/236 2042/125/236
f 1955/122/236 1959/3/236 1951/125/236
f 1859/127/236 1944/127/236 1771/127/236
f 2401/1/608 2444/2/2 2399/3/3
f 2139/4/4 2140/5/4 2152/6/4
f 2225/7/5 2206/8/6 2203/9/7
f 2124/10/8 2172/11/9 2144/12/10
f 2136/13/11 2137/14/551 2164/15/13
f 2410/16/14 2438/17/516 2395/18/16
f 2130/19/17 2148/20/18 2159/21/19
f 2131/22/203 2132/3/21 2184/23/22
f 2311/22/20 2312/3/21 2364/23/22
f 2179/2/23 2221/24/23 2132/3/24
f 2303/25/25 2119/26/26 2151/27/27
f 2155/28/28 2157/29/29 2141/30/30
f 2125/31/517 2194/32/32 2130/19/33
f 2186/33/34 2120/34/35 2123/35/36
f 2424/36/37 2470/37/38 2464/38/39
f 2130/19/40 2142/39/41 2165/40/42
f 2132/3/43 2225/7/44 2184/23/45
f 2223/1/608 2269/2/2 2220/3/515
f 2171/41/46 2130/19/47 2126/42/48
f 2354/43/49 2347/44/50 2345/45/51
f 2123/35/53 2120/34/53 2185/46/53
f 2193/47/54 2187/48/55 2186/49/56
f 2162/50/57 2178/51/79 2130/19/59
f 2131/22/60 2160/52/61 2130/19/62
f 2175/53/63 2176/54/64 2200/55/65
f 2213/56/66 2150/57/67 2202/58/68
f 2119/26/69 2154/59/69 2153/60/69
f 2119/26/70 2153/60/70 2151/27/70
f 2119/26/71 2152/6/71 2154/59/71
f 2168/61/72 2151/62/73 2195/63/74
f 2156/64/75 2125/31/76 2130/19/77
f 2129/65/78 2198/66/59 2130/19/79
f 2141/30/80 2158/67/80 2156/64/80
f 2141/30/30 2157/29/29 2158/67/81
f 2160/52/82 2161/68/82 2148/20/82
f 2148/20/83 2161/68/83 2159/21/83
f 2163/69/84 2162/50/84 2147/70/84
f 2137/14/85 2165/40/85 2167/71/85
f 2166/72/86 2165/40/86 2137/14/86
f 2137/14/87 2167/71/87 2164/15/87
f 2169/73/88 2168/74/88 2134/75/88
f 2134/75/596 2168/74/596 2170/76/596
f 2172/11/90 2174/77/90 2143/16/90
f 2143/16/91 2171/41/91 2173/17/91
f 2176/78/92 2175/79/92 2121/80/92
f 2135/1/93 2181/81/93 2180/82/93
f 2177/83/94 2179/2/94 2135/1/94
f 2135/1/95 2180/82/95 2177/83/95
f 2135/1/96 2178/51/96 2181/81/96
f 2183/84/97 2182/85/97 2138/86/97
f 2138/86/98 2184/23/98 2183/84/98
f 2186/33/99 2187/87/99 2120/34/99
f 2120/34/100 2187/87/100 2185/46/100
f 2189/88/101 2188/89/101 2146/90/101
f 2146/90/102 2190/91/102 2189/88/102
f 2194/32/103 2193/92/104 2192/93/105
f 2191/94/106 2193/92/104 2194/32/103
f 2198/66/107 2197/95/107 2196/96/107
f 2195/97/561 2197/95/561 2198/66/561
f 2202/58/109 2201/98/109 2200/99/109
f 2199/100/110 2201/98/110 2202/58/110
f 2203/9/111 2206/8/112 2205/101/113
f 2205/101/113 2206/8/112 2204/102/191
f 2158/103/115 2155/104/116 2196/105/117
f 2152/106/118 2156/107/119 2158/103/120
f 2295/37/121 2249/36/122 2250/108/123
f 2165/45/124 2142/109/125 2171/110/126
f 2143/16/127 2174/77/127 2171/41/127
f 2182/111/128 2183/112/129 2203/113/130
f 2339/36/131 2379/38/132 2330/114/133
f 2199/38/39 2205/37/38 2201/115/134
f 2162/116/135 2163/117/136 2192/118/137
f 2188/119/138 2189/120/139 2185/121/140
f 2188/89/141 2191/94/142 2125/31/143
f 2192/93/144 2163/69/145 2130/19/146
f 2195/97/78 2198/66/59 2129/65/78
f 2198/66/59 2196/96/79 2155/28/147
f 2150/57/651 2199/100/652 2202/58/598
f 2176/78/151 2213/56/152 2200/99/153
f 2206/8/154 2213/56/155 2204/102/156
f 2206/8/157 2225/7/157 2213/56/157
f 2137/14/158 2136/13/159 2128/122/160
f 2229/4/4 2230/5/4 2242/6/4
f 2228/7/5 2296/8/161 2293/9/7
f 2213/10/8 2262/11/653 2234/12/162
f 2225/13/12 2226/14/12 2254/15/12
f 2152/106/163 2158/103/164 2197/123/165
f 2218/19/17 2238/20/18 2249/21/19
f 2214/31/166 2230/5/167 2229/4/554
f 2325/16/169 2353/17/516 2307/18/654
f 2269/2/170 2224/24/23 2220/3/171
f 2123/25/172 2207/26/172 2241/27/172
f 2245/28/28 2247/29/208 2231/30/30
f 2214/31/31 2284/32/32 2218/19/33
f 2276/33/173 2208/34/35 2211/35/36
f 2394/42/470 2415/124/176 2235/57/177
f 2218/19/40 2232/39/41 2255/40/42
f 2220/3/43 2228/7/44 2274/23/45
f 2393/31/178 2407/5/179 2406/4/168
f 2261/41/46 2218/19/47 2215/42/48
f 2315/1/1 2359/2/24 2312/3/532
f 2211/35/524 2208/34/321 2275/46/182
f 2283/47/54 2277/48/55 2276/49/56
f 2252/50/57 2268/51/183 2218/19/231
f 2219/22/60 2250/52/61 2218/19/62
f 2265/53/63 2266/54/64 2290/55/65
f 2212/56/66 2240/57/67 2292/58/68
f 2207/26/69 2244/59/69 2243/60/69
f 2207/26/70 2243/60/70 2241/27/70
f 2207/26/71 2242/6/71 2244/59/71
f 2258/61/186 2241/62/73 2285/63/74
f 2246/64/187 2214/31/76 2218/19/77
f 2217/65/188 2288/66/189 2218/19/147
f 2231/30/80 2248/67/80 2246/64/80
f 2231/30/30 2247/29/208 2248/67/81
f 2250/52/82 2251/68/82 2238/20/82
f 2238/20/83 2251/68/83 2249/21/83
f 2253/69/84 2252/50/84 2237/70/84
f 2226/14/85 2255/40/85 2257/71/85
f 2256/72/86 2255/40/86 2226/14/86
f 2226/14/87 2257/71/87 2254/15/87
f 2259/73/88 2258/74/88 2222/75/88
f 2222/75/89 2258/74/89 2260/76/89
f 2262/11/90 2264/77/90 2233/16/90
f 2233/16/91 2261/41/91 2263/17/91
f 2266/78/92 2265/79/92 2209/80/92
f 2223/1/93 2271/81/93 2270/82/93
f 2267/83/94 2269/2/94 2223/1/94
f 2223/1/95 2270/82/95 2267/83/95
f 2223/1/96 2268/51/96 2271/81/96
f 2273/84/97 2272/85/97 2227/86/97
f 2227/86/98 2274/23/98 2273/84/98
f 2276/33/99 2277/87/99 2208/34/99
f 2208/34/100 2277/87/100 2275/46/100
f 2279/88/101 2278/89/101 2236/90/101
f 2236/90/102 2280/91/102 2279/88/102
f 2284/32/190 2283/92/104 2282/93/105
f 2281/94/106 2283/92/104 2284/32/190
f 2288/66/655 2287/95/655 2286/96/655
f 2285/97/108 2287/95/108 2288/66/108
f 2292/58/109 2291/98/109 2290/99/109
f 2289/100/110 2291/98/110 2292/58/110
f 2293/9/111 2296/8/112 2295/101/233
f 2295/101/233 2296/8/112 2294/102/191
f 2248/103/115 2245/104/116 2286/105/117
f 2242/106/118 2246/107/119 2248/103/120
f 2370/91/192 2327/90/193 2304/125/194
f 2255/45/124 2232/109/125 2261/110/126
f 2233/16/127 2264/77/127 2261/41/127
f 2272/111/128 2273/112/129 2293/113/130
f 2424/36/131 2464/38/132 2415/114/133
f 2289/38/39 2295/37/195 2291/115/134
f 2252/116/135 2253/117/136 2282/118/137
f 2278/119/138 2279/120/139 2275/121/140
f 2278/89/141 2281/94/142 2214/31/143
f 2282/93/144 2253/69/145 2218/19/196
f 2285/97/189 2288/66/189 2217/65/188
f 2288/66/189 2286/96/183 2245/28/147
f 2240/57/651 2289/100/149 2292/58/598
f 2266/78/151 2212/56/152 2290/99/153
f 2296/8/154 2212/56/155 2294/102/156
f 2296/8/157 2228/7/157 2212/56/157
f 2314/75/198 2350/76/199 2308/122/200
f 2321/4/201 2322/5/4 2332/6/202
f 2320/7/5 2386/8/6 2383/9/7
f 2303/10/8 2352/11/653 2139/12/10
f 2317/13/11 2318/14/12 2344/15/13
f 2398/22/203 2399/3/21 2449/23/22
f 2310/19/17 2329/20/18 2339/21/19
f 2143/16/14 2173/17/516 2127/18/654
f 2219/22/203 2220/3/21 2274/23/22
f 2359/2/23 2316/24/23 2312/3/24
f 2297/25/206 2298/26/26 2331/27/207
f 2335/28/28 2337/29/208 2323/30/30
f 2305/31/31 2374/32/32 2310/19/33
f 2366/33/34 2299/34/35 2302/35/36
f 2159/36/37 2205/37/38 2199/38/39
f 2310/19/40 2324/39/41 2345/40/42
f 2312/3/43 2320/7/44 2364/23/45
f 2305/31/178 2322/5/167 2321/4/518
f 2351/41/46 2310/19/47 2306/42/48
f 2455/91/192 2412/90/523 2392/125/194
f 2302/35/209 2299/34/321 2365/46/210
f 2373/47/54 2367/48/55 2366/49/56
f 2342/50/656 2358/51/58 2310/19/231
f 2311/22/60 2340/52/61 2310/19/62
f 2355/53/63 2356/54/64 2380/55/65
f 2123/56/66 2145/57/66 2382/58/66
f 2298/26/69 2334/59/69 2333/60/69
f 2298/26/70 2333/60/70 2331/27/70
f 2298/26/71 2332/6/71 2334/59/71
f 2348/61/72 2331/62/73 2375/63/74
f 2336/64/75 2305/31/76 2310/19/77
f 2309/65/212 2378/66/189 2310/19/464
f 2323/30/80 2338/67/80 2336/64/80
f 2323/30/30 2337/29/208 2338/67/81
f 2340/52/82 2341/68/82 2329/20/82
f 2329/20/83 2341/68/83 2339/21/83
f 2343/69/84 2342/50/84 2328/70/84
f 2318/14/85 2345/40/85 2347/71/85
f 2346/72/86 2345/40/86 2318/14/86
f 2318/14/87 2347/71/87 2344/15/87
f 2349/73/88 2348/74/88 2314/75/88
f 2314/75/89 2348/74/89 2350/76/89
f 2352/11/90 2354/77/90 2325/16/90
f 2325/16/91 2351/41/91 2353/17/91
f 2356/78/92 2355/79/92 2300/80/92
f 2315/1/93 2361/81/93 2360/82/93
f 2357/83/94 2359/2/94 2315/1/94
f 2315/1/95 2360/82/95 2357/83/95
f 2315/1/96 2358/51/96 2361/81/96
f 2363/84/97 2362/85/97 2319/86/97
f 2319/86/520 2364/23/520 2363/84/520
f 2366/33/99 2367/87/99 2299/34/99
f 2299/34/100 2367/87/100 2365/46/100
f 2369/88/101 2368/89/101 2327/90/101
f 2327/90/213 2370/91/213 2369/88/213
f 2374/32/190 2373/92/104 2372/93/105
f 2371/94/106 2373/92/104 2374/32/190
f 2378/66/107 2377/95/107 2376/96/107
f 2375/97/561 2377/95/561 2378/66/561
f 2382/58/109 2381/98/109 2380/99/109
f 2379/100/110 2381/98/110 2382/58/110
f 2383/9/111 2386/8/112 2385/101/113
f 2385/101/113 2386/8/112 2384/102/191
f 2338/103/115 2335/104/214 2376/105/215
f 2332/106/118 2336/107/119 2338/103/120
f 2174/43/49 2167/44/50 2165/45/51
f 2345/45/124 2324/109/125 2351/110/126
f 2325/16/127 2354/77/127 2351/41/127
f 2362/111/128 2363/112/129 2383/113/130
f 2394/42/216 2235/57/217 2395/18/218
f 2379/38/39 2385/37/38 2381/115/134
f 2342/116/135 2343/117/136 2372/118/137
f 2368/119/138 2369/120/139 2365/121/140
f 2368/89/141 2371/94/142 2305/31/143
f 2372/93/144 2343/69/145 2310/19/146
f 2375/97/78 2378/66/189 2309/65/212
f 2378/66/189 2376/96/78 2335/28/59
f 2145/57/602 2379/100/197 2382/58/220
f 2356/78/657 2123/56/152 2380/99/658
f 2386/8/154 2123/56/155 2384/102/156
f 2386/8/157 2320/7/157 2123/56/157
f 2126/42/222 2149/124/176 2150/57/645
f 2406/4/201 2407/5/4 2417/6/202
f 2405/7/5 2471/8/6 2468/9/7
f 2123/10/8 2437/11/224 2229/12/10
f 2320/13/12 2403/14/12 2429/15/12
f 2125/31/166 2140/5/167 2139/4/518
f 2397/19/17 2414/20/18 2424/21/19
f 2332/106/163 2338/103/164 2377/123/165
f 2417/106/163 2423/103/164 2462/123/165
f 2444/2/170 2402/24/23 2399/3/171
f 2302/25/206 2387/26/172 2416/27/207
f 2420/28/28 2422/29/29 2408/30/30
f 2393/31/31 2459/32/225 2397/19/33
f 2451/33/173 2388/34/226 2391/35/36
f 2347/44/227 2354/43/228 2352/126/229
f 2397/19/40 2409/39/41 2430/40/42
f 2399/3/43 2405/7/44 2449/23/45
f 2403/14/159 2320/13/159 2312/122/230
f 2436/41/46 2397/19/47 2394/42/48
f 2233/16/14 2263/17/516 2216/18/654
f 2391/35/181 2388/34/52 2450/46/527
f 2458/47/54 2452/48/55 2451/49/56
f 2427/50/57 2443/51/58 2397/19/232
f 2398/22/60 2425/52/61 2397/19/62
f 2440/53/63 2441/54/64 2465/55/65
f 2211/56/66 2235/57/66 2467/58/66
f 2387/26/69 2419/59/69 2418/60/69
f 2387/26/70 2418/60/70 2416/27/70
f 2387/26/71 2417/6/71 2419/59/71
f 2433/61/72 2416/62/73 2460/63/74
f 2421/64/187 2393/31/76 2397/19/77
f 2396/65/78 2463/66/232 2397/19/57
f 2408/30/80 2423/67/80 2421/64/80
f 2408/30/30 2422/29/29 2423/67/81
f 2425/52/82 2426/68/82 2414/20/82
f 2414/20/83 2426/68/83 2424/21/83
f 2428/69/84 2427/50/84 2413/70/84
f 2403/14/85 2430/40/85 2432/71/85
f 2431/72/86 2430/40/86 2403/14/86
f 2403/14/87 2432/71/87 2429/15/87
f 2434/73/88 2433/74/88 2400/75/88
f 2400/75/89 2433/74/89 2435/76/89
f 2437/11/90 2439/77/90 2410/16/90
f 2410/16/91 2436/41/91 2438/17/91
f 2441/78/92 2440/79/92 2389/80/92
f 2401/1/93 2446/81/93 2445/82/93
f 2442/83/94 2444/2/94 2401/1/94
f 2401/1/95 2445/82/95 2442/83/95
f 2401/1/96 2443/51/96 2446/81/96
f 2448/84/97 2447/85/97 2404/86/97
f 2404/86/98 2449/23/98 2448/84/98
f 2451/33/99 2452/87/99 2388/34/99
f 2388/34/100 2452/87/100 2450/46/100
f 2454/88/101 2453/89/101 2412/90/101
f 2412/90/102 2455/91/102 2454/88/102
f 2459/32/190 2458/92/104 2457/93/105
f 2456/94/106 2458/92/104 2459/32/190
f 2463/66/107 2462/95/107 2461/96/107
f 2460/97/108 2462/95/108 2463/66/108
f 2467/58/109 2466/98/109 2465/99/109
f 2464/100/110 2466/98/110 2467/58/110
f 2468/9/111 2471/8/112 2470/101/233
f 2470/101/233 2471/8/112 2469/102/191
f 2423/103/115 2420/104/116 2461/105/215
f 2417/106/118 2421/107/119 2423/103/120
f 2400/75/659 2435/76/567 2312/122/660
f 2430/45/124 2409/109/125 2436/110/126
f 2410/16/127 2439/77/127 2436/41/127
f 2447/111/128 2448/112/129 2468/113/130
f 2159/36/131 2199/38/132 2149/114/133
f 2464/38/39 2470/37/38 2466/115/134
f 2427/116/135 2428/117/136 2457/118/137
f 2453/119/138 2454/120/234 2450/121/235
f 2453/89/141 2456/94/142 2393/31/143
f 2457/93/144 2428/69/145 2397/19/196
f 2460/97/78 2463/66/232 2396/65/78
f 2463/66/232 2461/96/189 2420/28/147
f 2235/57/602 2464/100/197 2467/58/220
f 2441/78/657 2211/56/152 2465/99/658
f 2471/8/154 2211/56/155 2469/102/156
f 2471/8/157 2405/7/157 2211/56/157
f 2212/127/236 2391/127/236 2297/127/236
f 2312/122/236 2395/18/236 2399/3/236
f 2132/122/236 2216/18/236 2220/3/236
f 2308/122/236 2307/18/236 2312/3/236
f 2122/128/237 2164/129/238 2172/126/239
f 2347/44/240 2352/126/241 2344/129/242
f 2119/26/4 2303/25/605 2152/6/606
f 2303/25/245 2139/4/4 2152/6/246
f 2203/9/247 2183/84/248 2225/7/249
f 2183/84/250 2184/23/251 2225/7/252
f 2122/130/8 2172/11/9 2124/10/8
f 2172/11/9 2143/16/607 2144/12/10
f 2122/130/12 2124/10/254 2164/15/255
f 2124/10/256 2136/13/257 2164/15/258
f 2146/90/259 2125/31/260 2307/125/261
f 2455/91/262 2392/125/263 2411/131/264
f 2149/124/265 2126/42/266 2159/21/267
f 2126/42/268 2130/19/269 2159/21/270
f 2354/43/49 2345/45/51 2351/110/271
f 2170/76/272 2129/65/273 2128/122/661
f 2233/16/275 2216/18/569 2234/12/277
f 2315/1/278 2312/3/279 2311/22/280
f 2205/37/121 2159/36/122 2160/108/123
f 2151/27/281 2169/73/282 2133/132/283
f 2169/73/284 2134/75/26 2133/132/285
f 2133/132/286 2303/25/287 2151/27/288
f 2123/35/289 2221/24/174 2186/33/290
f 2221/24/291 2179/2/35 2177/83/292
f 2186/33/293 2221/24/294 2177/83/295
f 2129/65/159 2166/72/297 2128/122/487
f 2339/36/37 2385/37/38 2379/38/39
f 2166/72/41 2129/65/299 2165/40/300
f 2129/65/301 2130/19/302 2165/40/303
f 2311/22/531 2364/23/305 2319/86/44
f 2134/75/198 2170/76/567 2128/122/200
f 2219/22/611 2274/23/662 2227/86/663
f 2126/42/307 2173/17/311 2171/41/309
f 2171/41/310 2142/39/311 2130/19/312
f 2173/17/489 2126/42/314 2127/18/315
f 2325/16/664 2307/18/569 2139/12/665
f 2185/46/317 2189/88/460 2145/131/319
f 2189/88/666 2190/91/53 2145/131/667
f 2145/131/323 2123/35/53 2185/46/324
f 2186/49/325 2177/133/326 2193/47/327
f 2177/133/328 2180/134/329 2193/47/330
f 2135/1/189 2131/22/189 2178/51/79
f 2131/22/189 2130/19/59 2178/51/79
f 2130/19/59 2147/70/570 2162/50/57
f 2131/22/331 2138/86/332 2182/85/668
f 2182/85/635 2160/52/335 2131/22/336
f 2160/52/337 2148/20/338 2130/19/339
f 2200/55/340 2201/115/341 2175/53/342
f 2201/115/343 2205/37/344 2204/135/345
f 2175/53/346 2201/115/347 2204/135/348
f 2169/136/349 2151/62/350 2168/61/351
f 2151/62/352 2197/123/353 2195/63/354
f 2130/19/355 2141/30/356 2156/64/496
f 2156/64/358 2140/5/356 2125/31/359
f 2196/105/360 2197/123/361 2158/103/647
f 2158/103/363 2157/137/361 2155/104/364
f 2152/106/365 2140/138/120 2156/107/366
f 2417/106/367 2462/123/368 2416/62/369
f 2151/62/370 2153/139/371 2152/106/372
f 2153/139/373 2154/140/164 2152/106/374
f 2439/43/49 2430/45/51 2436/110/271
f 2135/1/608 2179/2/24 2132/3/619
f 2203/113/375 2205/37/376 2182/111/377
f 2470/37/378 2425/108/379 2447/111/380
f 2167/44/227 2174/43/228 2172/126/229
f 2159/36/381 2161/141/129 2160/108/382
f 2385/37/383 2339/36/122 2340/108/123
f 2192/118/384 2193/47/385 2162/116/386
f 2193/47/387 2180/134/388 2178/142/389
f 2180/134/390 2181/143/391 2178/142/392
f 2178/142/393 2162/116/394 2193/47/395
f 2185/121/396 2187/48/397 2193/47/398
f 2193/47/399 2191/144/400 2185/121/401
f 2191/144/402 2188/119/403 2185/121/404
f 2125/31/143 2146/90/405 2188/89/141
f 2191/94/406 2194/32/405 2125/31/573
f 2147/70/408 2130/19/409 2163/69/410
f 2130/19/411 2194/32/412 2192/93/413
f 2129/65/78 2170/76/78 2168/74/78
f 2168/74/78 2195/97/78 2129/65/78
f 2141/30/57 2130/19/79 2155/28/147
f 2130/19/79 2198/66/59 2155/28/147
f 2150/57/414 2149/124/220 2199/100/415
f 2121/80/416 2213/56/669 2176/78/418
f 2213/56/648 2202/58/416 2200/99/420
f 2213/56/421 2121/80/422 2175/79/423
f 2213/56/424 2175/79/425 2204/102/426
f 2210/128/237 2254/129/238 2262/126/239
f 2167/44/240 2172/126/241 2164/129/242
f 2207/26/4 2123/25/605 2242/6/606
f 2123/25/245 2229/4/4 2242/6/246
f 2293/9/247 2273/84/248 2228/7/534
f 2273/84/427 2274/23/251 2228/7/252
f 2210/130/428 2262/11/653 2213/10/8
f 2262/11/653 2233/16/607 2234/12/162
f 2210/130/12 2213/10/254 2254/15/429
f 2213/10/256 2225/13/12 2254/15/430
f 2236/90/259 2214/31/260 2395/125/261
f 2190/91/262 2307/125/431 2145/131/582
f 2239/124/265 2215/42/266 2249/21/267
f 2215/42/268 2218/19/269 2249/21/270
f 2126/42/432 2150/57/484 2127/18/615
f 2260/76/272 2217/65/273 2132/122/535
f 2314/75/434 2308/122/435 2313/132/499
f 2401/1/670 2399/3/671 2398/22/280
f 2257/44/438 2264/43/228 2262/126/229
f 2241/27/536 2259/73/282 2221/132/283
f 2259/73/672 2222/75/26 2221/132/673
f 2221/132/286 2123/25/172 2241/27/440
f 2211/35/289 2224/24/441 2276/33/442
f 2224/24/443 2269/2/174 2267/83/444
f 2276/33/630 2224/24/446 2267/83/295
f 2217/65/674 2256/72/675 2132/122/676
f 2137/14/448 2128/122/449 2166/72/450
f 2256/72/41 2217/65/299 2255/40/451
f 2217/65/301 2218/19/302 2255/40/452
f 2398/22/611 2449/23/453 2404/86/663
f 2226/14/159 2225/13/159 2132/122/230
f 2125/31/454 2139/4/455 2307/125/167
f 2215/42/307 2263/17/308 2261/41/309
f 2261/41/457 2232/39/308 2218/19/312
f 2263/17/313 2215/42/314 2216/18/315
f 2410/16/568 2395/18/569 2229/12/458
f 2275/46/459 2279/88/633 2235/131/319
f 2279/88/677 2280/91/52 2235/131/322
f 2235/131/678 2211/35/462 2275/46/494
f 2276/49/325 2267/133/326 2283/47/327
f 2267/133/328 2270/134/329 2283/47/330
f 2223/1/78 2219/22/78 2268/51/183
f 2219/22/78 2218/19/231 2268/51/183
f 2218/19/231 2237/70/464 2252/50/57
f 2219/22/331 2227/86/332 2272/85/333
f 2272/85/334 2250/52/335 2219/22/679
f 2250/52/337 2238/20/338 2218/19/339
f 2290/55/340 2291/115/341 2265/53/342
f 2291/115/343 2295/37/344 2294/135/345
f 2265/53/346 2291/115/347 2294/135/348
f 2259/136/349 2241/62/350 2258/61/465
f 2241/62/352 2287/123/353 2285/63/354
f 2218/19/355 2231/30/356 2246/64/466
f 2246/64/358 2230/5/356 2214/31/359
f 2286/105/360 2287/123/361 2248/103/362
f 2248/103/363 2247/137/361 2245/104/364
f 2242/106/365 2230/138/120 2246/107/366
f 2152/106/367 2197/123/368 2151/62/369
f 2241/62/370 2243/139/371 2242/106/372
f 2243/139/373 2244/140/164 2242/106/469
f 2242/106/367 2287/123/368 2241/62/369
f 2306/42/222 2330/124/539 2145/57/680
f 2293/113/375 2295/37/376 2272/111/377
f 2205/37/378 2160/108/379 2182/111/380
f 2190/91/192 2146/90/193 2307/125/507
f 2249/36/381 2251/141/129 2250/108/382
f 2249/36/37 2295/37/195 2289/38/39
f 2282/118/384 2283/47/385 2252/116/386
f 2283/47/387 2270/134/388 2268/142/389
f 2270/134/390 2271/143/391 2268/142/392
f 2268/142/393 2252/116/394 2283/47/395
f 2275/121/396 2277/48/397 2283/47/398
f 2283/47/399 2281/144/472 2275/121/401
f 2281/144/473 2278/119/403 2275/121/404
f 2214/31/143 2236/90/405 2278/89/141
f 2281/94/406 2284/32/405 2214/31/407
f 2237/70/474 2218/19/409 2253/69/476
f 2218/19/411 2284/32/412 2282/93/477
f 2217/65/188 2260/76/78 2258/74/78
f 2258/74/78 2285/97/189 2217/65/188
f 2231/30/57 2218/19/147 2245/28/147
f 2218/19/147 2288/66/189 2245/28/147
f 2240/57/414 2239/124/220 2289/100/415
f 2209/80/416 2212/56/669 2266/78/418
f 2212/56/648 2292/58/416 2290/99/420
f 2212/56/421 2209/80/479 2265/79/423
f 2212/56/424 2265/79/425 2294/102/426
f 2301/128/237 2344/129/238 2352/126/239
f 2432/44/240 2437/126/241 2429/129/242
f 2298/26/4 2297/25/243 2332/6/480
f 2297/25/245 2321/4/481 2332/6/482
f 2383/9/247 2363/84/248 2320/7/249
f 2363/84/427 2364/23/251 2320/7/252
f 2301/130/681 2352/11/653 2303/10/8
f 2352/11/653 2325/16/253 2139/12/10
f 2301/130/12 2303/10/254 2344/15/255
f 2303/10/256 2317/13/257 2344/15/258
f 2327/90/259 2305/31/582 2304/125/483
f 2257/44/240 2262/126/241 2254/129/242
f 2330/124/265 2306/42/266 2339/21/267
f 2306/42/268 2310/19/269 2339/21/270
f 2215/42/216 2240/57/484 2216/18/615
f 2350/76/485 2309/65/499 2308/122/661
f 2134/75/434 2128/122/435 2133/132/499
f 2280/91/262 2395/125/431 2235/131/582
f 2242/106/163 2248/103/486 2287/123/165
f 2331/27/281 2349/73/282 2313/132/283
f 2349/73/284 2314/75/26 2313/132/285
f 2313/132/286 2297/25/287 2331/27/288
f 2302/35/289 2316/24/174 2366/33/290
f 2316/24/291 2359/2/35 2357/83/292
f 2366/33/293 2316/24/294 2357/83/295
f 2309/65/159 2346/72/297 2308/122/487
f 2226/14/159 2132/122/488 2256/72/450
f 2346/72/41 2309/65/299 2345/40/566
f 2309/65/301 2310/19/302 2345/40/303
f 2223/1/682 2220/3/437 2219/22/280
f 2215/42/470 2239/124/539 2240/57/177
f 2393/31/454 2406/4/455 2392/125/167
f 2306/42/307 2353/17/308 2351/41/309
f 2351/41/457 2324/39/311 2310/19/312
f 2353/17/313 2306/42/314 2307/18/315
f 2403/14/159 2312/122/488 2431/72/450
f 2365/46/490 2369/88/460 2326/131/319
f 2369/88/320 2370/91/492 2326/131/322
f 2326/131/461 2302/35/493 2365/46/494
f 2366/49/325 2357/133/326 2373/47/327
f 2357/133/328 2360/134/329 2373/47/330
f 2315/1/189 2311/22/189 2358/51/58
f 2311/22/189 2310/19/231 2358/51/58
f 2310/19/231 2328/70/570 2342/50/656
f 2311/22/634 2319/86/332 2362/85/495
f 2362/85/334 2340/52/335 2311/22/336
f 2340/52/337 2329/20/338 2310/19/339
f 2380/55/340 2381/115/341 2355/53/342
f 2381/115/343 2385/37/344 2384/135/345
f 2355/53/346 2381/115/347 2384/135/348
f 2349/136/349 2331/62/350 2348/61/351
f 2331/62/352 2377/123/353 2375/63/354
f 2310/19/355 2323/30/356 2336/64/496
f 2336/64/358 2322/5/356 2305/31/359
f 2376/105/360 2377/123/361 2338/103/362
f 2338/103/363 2337/137/361 2335/104/364
f 2332/106/365 2322/138/120 2336/107/366
f 2305/31/454 2321/4/455 2304/125/167
f 2331/62/370 2333/139/371 2332/106/372
f 2333/139/373 2334/140/164 2332/106/374
f 2174/43/49 2165/45/51 2171/110/271
f 2318/14/497 2317/13/230 2308/122/160
f 2383/113/375 2385/37/498 2362/111/377
f 2400/75/434 2312/122/435 2316/132/499
f 2439/43/49 2432/44/50 2430/45/51
f 2339/36/381 2341/141/129 2340/108/382
f 2264/43/49 2257/44/50 2255/45/51
f 2372/118/384 2373/47/385 2342/116/386
f 2373/47/387 2360/134/683 2358/142/389
f 2360/134/390 2361/143/391 2358/142/392
f 2358/142/393 2342/116/394 2373/47/395
f 2365/121/396 2367/48/397 2373/47/398
f 2373/47/399 2371/144/400 2365/121/401
f 2371/144/500 2368/119/403 2365/121/404
f 2305/31/143 2327/90/405 2368/89/141
f 2371/94/406 2374/32/405 2305/31/501
f 2328/70/408 2310/19/409 2343/69/410
f 2310/19/411 2374/32/502 2372/93/413
f 2309/65/212 2350/76/78 2348/74/78
f 2348/74/78 2375/97/78 2309/65/212
f 2323/30/57 2310/19/464 2335/28/59
f 2310/19/464 2378/66/189 2335/28/59
f 2145/57/650 2330/124/220 2379/100/415
f 2300/80/684 2123/56/669 2356/78/418
f 2123/56/478 2382/58/649 2380/99/685
f 2123/56/421 2300/80/422 2355/79/423
f 2123/56/424 2355/79/425 2384/102/426
f 2390/128/237 2429/129/238 2437/126/239
f 2295/37/378 2250/108/379 2272/111/380
f 2387/26/4 2302/25/243 2417/6/480
f 2302/25/245 2406/4/481 2417/6/482
f 2468/9/247 2448/84/543 2405/7/249
f 2448/84/250 2449/23/251 2405/7/252
f 2390/130/8 2437/11/8 2123/10/8
f 2437/11/224 2410/16/253 2229/12/10
f 2390/130/12 2123/10/254 2429/15/429
f 2123/10/256 2320/13/12 2429/15/430
f 2412/90/259 2393/31/260 2392/125/483
f 2370/91/262 2304/125/263 2326/131/264
f 2415/124/265 2394/42/266 2424/21/267
f 2394/42/268 2397/19/269 2424/21/270
f 2306/42/216 2145/57/484 2307/18/218
f 2435/76/686 2396/65/499 2312/122/535
f 2222/75/434 2132/122/435 2221/132/436
f 2135/1/616 2132/3/279 2131/22/280
f 2432/44/227 2439/43/228 2437/126/229
f 2416/27/281 2434/73/282 2316/132/283
f 2434/73/284 2400/75/26 2316/132/285
f 2316/132/286 2302/25/287 2416/27/288
f 2391/35/289 2402/24/441 2451/33/442
f 2402/24/443 2444/2/174 2442/83/444
f 2451/33/445 2402/24/505 2442/83/295
f 2396/65/159 2431/72/297 2312/122/447
f 2318/14/448 2308/122/449 2346/72/450
f 2431/72/41 2396/65/299 2430/40/300
f 2396/65/301 2397/19/302 2430/40/303
f 2131/22/304 2184/23/305 2138/86/44
f 2280/91/687 2236/90/193 2395/125/507
f 2214/31/454 2229/4/455 2395/125/167
f 2394/42/307 2438/17/308 2436/41/456
f 2436/41/457 2409/39/308 2397/19/312
f 2438/17/313 2394/42/314 2395/18/315
f 2143/16/568 2127/18/276 2144/12/316
f 2450/46/459 2454/88/318 2411/131/319
f 2454/88/320 2455/91/321 2411/131/322
f 2411/131/509 2391/35/462 2450/46/463
f 2451/49/325 2442/133/326 2458/47/327
f 2442/133/510 2445/134/329 2458/47/330
f 2401/1/189 2398/22/189 2443/51/58
f 2398/22/189 2397/19/232 2443/51/58
f 2397/19/232 2413/70/570 2427/50/57
f 2398/22/331 2404/86/332 2447/85/495
f 2447/85/635 2425/52/335 2398/22/336
f 2425/52/337 2414/20/338 2397/19/339
f 2465/55/340 2466/115/341 2440/53/342
f 2466/115/343 2470/37/344 2469/135/345
f 2440/53/346 2466/115/347 2469/135/348
f 2434/136/349 2416/62/350 2433/61/351
f 2416/62/352 2462/123/353 2460/63/354
f 2397/19/355 2408/30/356 2421/64/466
f 2421/64/358 2407/5/356 2393/31/359
f 2461/105/360 2462/123/361 2423/103/647
f 2423/103/363 2422/137/361 2420/104/364
f 2417/106/365 2407/138/120 2421/107/366
f 2332/106/367 2377/123/368 2331/62/369
f 2416/62/370 2418/139/371 2417/106/372
f 2418/139/373 2419/140/164 2417/106/469
f 2264/43/49 2255/45/51 2261/110/271
f 2222/75/198 2260/76/567 2132/122/200
f 2468/113/375 2470/37/376 2447/111/377
f 2385/37/511 2340/108/379 2362/111/380
f 2470/37/121 2424/36/122 2425/108/123
f 2424/36/381 2426/141/129 2425/108/382
f 2128/122/236 2127/18/236 2132/3/236
f 2457/118/384 2458/47/385 2427/116/386
f 2458/47/387 2445/134/388 2443/142/389
f 2445/134/390 2446/143/391 2443/142/392
f 2443/142/393 2427/116/394 2458/47/395
f 2450/121/396 2452/48/397 2458/47/398
f 2458/47/399 2456/144/400 2450/121/512
f 2456/144/402 2453/119/403 2450/121/404
f 2393/31/143 2412/90/405 2453/89/141
f 2456/94/406 2459/32/405 2393/31/407
f 2413/70/474 2397/19/475 2428/69/476
f 2397/19/411 2459/32/502 2457/93/477
f 2396/65/78 2435/76/78 2433/74/78
f 2433/74/78 2460/97/78 2396/65/78
f 2408/30/57 2397/19/57 2420/28/147
f 2397/19/57 2463/66/232 2420/28/147
f 2235/57/650 2415/124/220 2464/100/415
f 2389/80/416 2211/56/417 2441/78/418
f 2211/56/478 2467/58/416 2465/99/420
f 2211/56/421 2389/80/479 2440/79/423
f 2211/56/424 2440/79/425 2469/102/426
f 2321/4/236 2297/25/236 2313/132/236
f 2308/122/236 2317/13/236 2139/12/236
f 2317/13/236 2303/10/236 2139/12/236
f 2321/4/236 2313/132/236 2308/122/236
f 2302/35/236 2326/131/236 2316/24/236
f 2326/131/236 2304/125/236 2316/24/236
f 2316/24/236 2304/125/236 2312/3/236
f 2304/125/236 2321/4/236 2308/122/236
f 2307/18/236 2145/57/236 2320/7/236
f 2145/57/236 2123/56/236 2320/7/236
f 2307/18/236 2320/7/236 2312/3/236
f 2308/122/236 2139/12/236 2307/18/236
f 2128/122/236 2132/3/236 2307/125/236
f 2406/4/236 2302/25/236 2316/132/236
f 2312/122/236 2320/13/236 2229/12/236
f 2320/13/236 2123/10/236 2229/12/236
f 2406/4/236 2316/132/236 2312/122/236
f 2391/35/236 2411/131/236 2402/24/236
f 2411/131/236 2392/125/236 2402/24/236
f 2402/24/236 2392/125/236 2399/3/236
f 2392/125/236 2406/4/236 2312/122/236
f 2395/18/236 2235/57/236 2405/7/236
f 2235/57/236 2211/56/236 2405/7/236
f 2395/18/236 2405/7/236 2399/3/236
f 2312/122/236 2229/12/236 2395/18/236
f 2249/36/131 2289/38/132 2239/114/133
f 2229/4/236 2123/25/236 2221/132/236
f 2132/122/236 2225/13/236 2234/12/236
f 2225/13/236 2213/10/236 2234/12/236
f 2229/4/236 2221/132/236 2132/122/236
f 2211/35/236 2235/131/236 2224/24/236
f 2235/131/236 2395/125/236 2224/24/236
f 2224/24/236 2395/125/236 2220/3/236
f 2395/125/236 2229/4/236 2132/122/236
f 2216/18/236 2240/57/236 2228/7/236
f 2240/57/236 2212/56/236 2228/7/236
f 2216/18/236 2228/7/236 2220/3/236
f 2132/122/236 2234/12/236 2216/18/236
f 2312/122/236 2399/3/236 2392/125/236
f 2139/4/236 2303/25/236 2133/132/236
f 2128/122/236 2136/13/236 2144/12/236
f 2136/13/236 2124/10/236 2144/12/236
f 2139/4/236 2133/132/236 2128/122/236
f 2123/35/236 2145/131/236 2221/24/236
f 2145/131/236 2307/125/236 2221/24/236
f 2221/24/236 2307/125/236 2132/3/236
f 2307/125/236 2139/4/236 2128/122/236
f 2127/18/236 2150/57/236 2225/7/236
f 2150/57/236 2213/56/236 2225/7/236
f 2127/18/236 2225/7/236 2132/3/236
f 2128/122/236 2144/12/236 2127/18/236
f 2132/122/236 2220/3/236 2395/125/236
f 2308/122/236 2312/3/236 2304/125/236
f 2212/127/236 2297/127/236 2124/127/236
f 2754/1/513 2797/2/514 2752/3/515
f 2492/4/4 2493/5/4 2505/6/4
f 2578/7/5 2559/8/161 2556/9/7
f 2477/10/8 2525/11/9 2497/12/10
f 2489/13/11 2490/14/551 2517/15/13
f 2763/16/14 2791/17/516 2748/18/16
f 2483/19/17 2501/20/18 2512/21/19
f 2484/22/20 2485/3/21 2537/23/22
f 2664/22/20 2665/3/21 2717/23/22
f 2532/2/23 2574/24/23 2485/3/23
f 2656/25/25 2472/26/26 2504/27/27
f 2508/28/28 2510/29/208 2494/30/30
f 2478/31/517 2547/32/32 2483/19/33
f 2539/33/34 2473/34/35 2476/35/36
f 2777/36/37 2823/37/38 2817/38/39
f 2483/19/688 2495/39/41 2518/40/42
f 2485/3/43 2578/7/44 2537/23/45
f 2576/1/608 2622/2/2 2573/3/515
f 2524/41/46 2483/19/47 2479/42/48
f 2707/43/49 2700/44/50 2698/45/51
f 2476/35/689 2473/34/689 2538/46/689
f 2546/47/54 2540/48/55 2539/49/56
f 2515/50/57 2531/51/58 2483/19/59
f 2484/22/60 2513/52/61 2483/19/62
f 2528/53/63 2529/54/64 2553/55/65
f 2566/56/66 2503/57/67 2555/58/68
f 2472/26/69 2507/59/69 2506/60/69
f 2472/26/70 2506/60/70 2504/27/70
f 2472/26/71 2505/6/71 2507/59/71
f 2521/61/72 2504/62/73 2548/63/74
f 2509/64/75 2478/31/76 2483/19/77
f 2482/65/78 2551/66/59 2483/19/79
f 2494/30/80 2511/67/80 2509/64/80
f 2494/30/30 2510/29/208 2511/67/81
f 2513/52/82 2514/68/82 2501/20/82
f 2501/20/83 2514/68/83 2512/21/83
f 2516/69/84 2515/50/84 2500/70/84
f 2490/14/85 2518/40/85 2520/71/85
f 2519/72/86 2518/40/86 2490/14/86
f 2490/14/87 2520/71/87 2517/15/87
f 2522/73/88 2521/74/88 2487/75/88
f 2487/75/596 2521/74/596 2523/76/596
f 2525/11/90 2527/77/90 2496/16/90
f 2496/16/91 2524/41/91 2526/17/91
f 2529/78/92 2528/79/92 2474/80/92
f 2488/1/93 2534/81/93 2533/82/93
f 2530/83/94 2532/2/94 2488/1/94
f 2488/1/95 2533/82/95 2530/83/95
f 2488/1/96 2531/51/96 2534/81/96
f 2536/84/97 2535/85/97 2491/86/97
f 2491/86/98 2537/23/98 2536/84/98
f 2539/33/99 2540/87/99 2473/34/99
f 2473/34/100 2540/87/100 2538/46/100
f 2542/88/101 2541/89/101 2499/90/101
f 2499/90/102 2543/91/102 2542/88/102
f 2547/32/103 2546/92/104 2545/93/105
f 2544/94/106 2546/92/104 2547/32/103
f 2551/66/107 2550/95/107 2549/96/107
f 2548/97/561 2550/95/561 2551/66/561
f 2555/58/109 2554/98/109 2553/99/109
f 2552/100/110 2554/98/110 2555/58/110
f 2556/9/111 2559/8/112 2558/101/113
f 2558/101/113 2559/8/112 2557/102/191
f 2511/103/115 2508/104/116 2549/105/117
f 2505/106/118 2509/107/119 2511/103/120
f 2648/37/121 2602/36/122 2603/108/123
f 2518/45/124 2495/109/125 2524/110/126
f 2496/16/127 2527/77/127 2524/41/127
f 2535/111/128 2536/112/129 2556/113/130
f 2692/36/131 2732/38/132 2683/114/133
f 2552/38/39 2558/37/38 2554/115/134
f 2515/116/135 2516/117/136 2545/118/137
f 2541/119/138 2542/120/139 2538/121/140
f 2541/89/141 2544/94/142 2478/31/143
f 2545/93/144 2516/69/145 2483/19/146
f 2548/97/78 2551/66/59 2482/65/78
f 2551/66/59 2549/96/58 2508/28/147
f 2503/57/651 2552/100/149 2555/58/598
f 2529/78/151 2566/56/152 2553/99/153
f 2559/8/154 2566/56/155 2557/102/156
f 2559/8/157 2578/7/157 2566/56/157
f 2490/14/158 2489/13/159 2481/122/160
f 2582/4/4 2583/5/4 2595/6/4
f 2581/7/5 2649/8/161 2646/9/7
f 2566/10/8 2615/11/653 2587/12/10
f 2578/13/12 2579/14/12 2607/15/12
f 2505/106/163 2511/103/164 2550/123/165
f 2571/19/17 2591/20/18 2602/21/19
f 2567/31/166 2583/5/179 2582/4/518
f 2678/16/169 2706/17/516 2660/18/654
f 2622/2/170 2577/24/23 2573/3/519
f 2476/25/172 2560/26/172 2594/27/172
f 2598/28/28 2600/29/208 2584/30/30
f 2567/31/31 2637/32/32 2571/19/33
f 2629/33/173 2561/34/35 2564/35/36
f 2747/42/470 2768/124/539 2588/57/177
f 2571/19/40 2585/39/41 2608/40/42
f 2573/3/43 2581/7/44 2627/23/45
f 2746/31/522 2760/5/179 2759/4/518
f 2614/41/46 2571/19/47 2568/42/48
f 2668/1/608 2712/2/24 2665/3/619
f 2564/35/524 2561/34/321 2628/46/182
f 2636/47/54 2630/48/55 2629/49/56
f 2605/50/57 2621/51/183 2571/19/231
f 2572/22/60 2603/52/61 2571/19/62
f 2618/53/63 2619/54/64 2643/55/65
f 2565/56/66 2593/57/67 2645/58/185
f 2560/26/69 2597/59/69 2596/60/69
f 2560/26/70 2596/60/70 2594/27/70
f 2560/26/71 2595/6/71 2597/59/71
f 2611/61/186 2594/62/73 2638/63/74
f 2599/64/187 2567/31/76 2571/19/77
f 2570/65/188 2641/66/189 2571/19/59
f 2584/30/80 2601/67/80 2599/64/80
f 2584/30/30 2600/29/208 2601/67/81
f 2603/52/82 2604/68/82 2591/20/82
f 2591/20/83 2604/68/83 2602/21/83
f 2606/69/84 2605/50/84 2590/70/84
f 2579/14/85 2608/40/85 2610/71/85
f 2609/72/86 2608/40/86 2579/14/86
f 2579/14/87 2610/71/87 2607/15/87
f 2612/73/88 2611/74/88 2575/75/88
f 2575/75/89 2611/74/89 2613/76/89
f 2615/11/90 2617/77/90 2586/16/90
f 2586/16/91 2614/41/91 2616/17/91
f 2619/78/92 2618/79/92 2562/80/92
f 2576/1/93 2624/81/93 2623/82/93
f 2620/83/94 2622/2/94 2576/1/94
f 2576/1/95 2623/82/95 2620/83/95
f 2576/1/96 2621/51/96 2624/81/96
f 2626/84/97 2625/85/97 2580/86/97
f 2580/86/98 2627/23/98 2626/84/98
f 2629/33/99 2630/87/99 2561/34/99
f 2561/34/100 2630/87/100 2628/46/100
f 2632/88/101 2631/89/101 2589/90/101
f 2589/90/690 2633/91/690 2632/88/690
f 2637/32/190 2636/92/104 2635/93/105
f 2634/94/106 2636/92/104 2637/32/190
f 2641/66/107 2640/95/107 2639/96/107
f 2638/97/561 2640/95/561 2641/66/561
f 2645/58/109 2644/98/109 2643/99/109
f 2642/100/110 2644/98/110 2645/58/110
f 2646/9/111 2649/8/112 2648/101/113
f 2648/101/113 2649/8/112 2647/102/191
f 2601/103/115 2598/104/116 2639/105/117
f 2595/106/118 2599/107/119 2601/103/120
f 2723/91/192 2680/90/601 2657/125/194
f 2608/45/124 2585/109/125 2614/110/126
f 2586/16/127 2617/77/127 2614/41/127
f 2625/111/128 2626/112/129 2646/113/130
f 2777/36/131 2817/38/132 2768/114/133
f 2642/38/39 2648/37/195 2644/115/134
f 2605/116/135 2606/117/136 2635/118/137
f 2631/119/138 2632/120/139 2628/121/140
f 2631/89/141 2634/94/142 2567/31/143
f 2635/93/144 2606/69/145 2571/19/196
f 2638/97/78 2641/66/189 2570/65/188
f 2641/66/189 2639/96/464 2598/28/147
f 2593/57/148 2642/100/149 2645/58/150
f 2619/78/657 2565/56/152 2643/99/643
f 2649/8/154 2565/56/155 2647/102/156
f 2649/8/157 2581/7/157 2565/56/157
f 2667/75/562 2703/76/199 2661/122/200
f 2674/4/201 2675/5/4 2685/6/202
f 2673/7/5 2739/8/6 2736/9/7
f 2656/10/8 2705/11/653 2492/12/10
f 2670/13/11 2671/14/12 2697/15/13
f 2751/22/203 2752/3/21 2802/23/22
f 2663/19/17 2682/20/18 2692/21/19
f 2496/16/14 2526/17/516 2480/18/654
f 2572/22/203 2573/3/21 2627/23/22
f 2712/2/23 2669/24/23 2665/3/24
f 2650/25/206 2651/26/26 2684/27/207
f 2688/28/28 2690/29/29 2676/30/30
f 2658/31/31 2727/32/32 2663/19/33
f 2719/33/34 2652/34/35 2655/35/36
f 2512/36/37 2558/37/38 2552/38/39
f 2663/19/40 2677/39/41 2698/40/42
f 2665/3/43 2673/7/44 2717/23/45
f 2658/31/178 2675/5/179 2674/4/518
f 2704/41/46 2663/19/47 2659/42/48
f 2808/91/192 2765/90/601 2745/125/194
f 2655/35/209 2652/34/321 2718/46/210
f 2726/47/54 2720/48/55 2719/49/56
f 2695/50/211 2711/51/570 2663/19/231
f 2664/22/60 2693/52/61 2663/19/62
f 2708/53/63 2709/54/64 2733/55/65
f 2476/56/66 2498/57/66 2735/58/66
f 2651/26/69 2687/59/69 2686/60/69
f 2651/26/70 2686/60/70 2684/27/70
f 2651/26/71 2685/6/71 2687/59/71
f 2701/61/72 2684/62/73 2728/63/74
f 2689/64/75 2658/31/76 2663/19/77
f 2662/65/212 2731/66/189 2663/19/464
f 2676/30/80 2691/67/80 2689/64/80
f 2676/30/30 2690/29/29 2691/67/81
f 2693/52/82 2694/68/82 2682/20/82
f 2682/20/83 2694/68/83 2692/21/83
f 2696/69/84 2695/50/84 2681/70/84
f 2671/14/85 2698/40/85 2700/71/85
f 2699/72/86 2698/40/86 2671/14/86
f 2671/14/87 2700/71/87 2697/15/87
f 2702/73/88 2701/74/88 2667/75/88
f 2667/75/89 2701/74/89 2703/76/89
f 2705/11/90 2707/77/90 2678/16/90
f 2678/16/91 2704/41/91 2706/17/91
f 2709/78/92 2708/79/92 2653/80/92
f 2668/1/93 2714/81/93 2713/82/93
f 2710/83/94 2712/2/94 2668/1/94
f 2668/1/95 2713/82/95 2710/83/95
f 2668/1/96 2711/51/96 2714/81/96
f 2716/84/97 2715/85/97 2672/86/97
f 2672/86/98 2717/23/98 2716/84/98
f 2719/33/99 2720/87/99 2652/34/99
f 2652/34/100 2720/87/100 2718/46/100
f 2722/88/101 2721/89/101 2680/90/101
f 2680/90/102 2723/91/102 2722/88/102
f 2727/32/190 2726/92/104 2725/93/105
f 2724/94/106 2726/92/104 2727/32/190
f 2731/66/107 2730/95/107 2729/96/107
f 2728/97/561 2730/95/561 2731/66/561
f 2735/58/109 2734/98/109 2733/99/109
f 2732/100/110 2734/98/110 2735/58/110
f 2736/9/111 2739/8/112 2738/101/113
f 2738/101/113 2739/8/112 2737/102/191
f 2691/103/115 2688/104/214 2729/105/215
f 2685/106/118 2689/107/119 2691/103/120
f 2527/43/49 2520/44/50 2518/45/51
f 2698/45/124 2677/109/125 2704/110/126
f 2678/16/127 2707/77/127 2704/41/127
f 2715/111/128 2716/112/129 2736/113/130
f 2747/42/216 2588/57/217 2748/18/218
f 2732/38/39 2738/37/38 2734/115/134
f 2695/116/135 2696/117/136 2725/118/137
f 2721/119/138 2722/120/139 2718/121/140
f 2721/89/141 2724/94/142 2658/31/143
f 2725/93/144 2696/69/145 2663/19/146
f 2728/97/78 2731/66/189 2662/65/212
f 2731/66/189 2729/96/78 2688/28/59
f 2498/57/219 2732/100/197 2735/58/220
f 2709/78/657 2476/56/152 2733/99/658
f 2739/8/154 2476/56/155 2737/102/156
f 2739/8/157 2673/7/157 2476/56/157
f 2479/42/222 2502/124/176 2503/57/645
f 2759/4/201 2760/5/4 2770/6/202
f 2758/7/5 2824/8/6 2821/9/7
f 2476/10/681 2790/11/691 2582/12/10
f 2673/13/12 2756/14/12 2782/15/12
f 2478/31/166 2493/5/167 2492/4/518
f 2750/19/17 2767/20/18 2777/21/19
f 2685/106/163 2691/103/164 2730/123/165
f 2770/106/163 2776/103/164 2815/123/165
f 2797/2/170 2755/24/23 2752/3/519
f 2655/25/206 2740/26/26 2769/27/27
f 2773/28/28 2775/29/29 2761/30/30
f 2746/31/31 2812/32/225 2750/19/33
f 2804/33/173 2741/34/226 2744/35/36
f 2700/44/227 2707/43/228 2705/126/229
f 2750/19/40 2762/39/41 2783/40/42
f 2752/3/43 2758/7/44 2802/23/45
f 2756/14/159 2673/13/159 2665/122/230
f 2789/41/46 2750/19/47 2747/42/48
f 2586/16/14 2616/17/516 2569/18/654
f 2744/35/524 2741/34/321 2803/46/182
f 2811/47/54 2805/48/55 2804/49/56
f 2780/50/57 2796/51/58 2750/19/232
f 2751/22/60 2778/52/61 2750/19/62
f 2793/53/63 2794/54/64 2818/55/65
f 2564/56/66 2588/57/66 2820/58/66
f 2740/26/69 2772/59/69 2771/60/69
f 2740/26/70 2771/60/70 2769/27/70
f 2740/26/71 2770/6/71 2772/59/71
f 2786/61/72 2769/62/73 2813/63/74
f 2774/64/187 2746/31/76 2750/19/77
f 2749/65/78 2816/66/231 2750/19/57
f 2761/30/80 2776/67/80 2774/64/80
f 2761/30/30 2775/29/29 2776/67/81
f 2778/52/82 2779/68/82 2767/20/82
f 2767/20/83 2779/68/83 2777/21/83
f 2781/69/84 2780/50/84 2766/70/84
f 2756/14/85 2783/40/85 2785/71/85
f 2784/72/86 2783/40/86 2756/14/86
f 2756/14/87 2785/71/87 2782/15/87
f 2787/73/88 2786/74/88 2753/75/88
f 2753/75/89 2786/74/89 2788/76/89
f 2790/11/90 2792/77/90 2763/16/90
f 2763/16/91 2789/41/91 2791/17/91
f 2794/78/92 2793/79/92 2742/80/92
f 2754/1/93 2799/81/93 2798/82/93
f 2795/83/94 2797/2/94 2754/1/94
f 2754/1/95 2798/82/95 2795/83/95
f 2754/1/96 2796/51/96 2799/81/96
f 2801/84/97 2800/85/97 2757/86/97
f 2757/86/520 2802/23/520 2801/84/520
f 2804/33/99 2805/87/99 2741/34/99
f 2741/34/100 2805/87/100 2803/46/100
f 2807/88/101 2806/89/101 2765/90/101
f 2765/90/102 2808/91/102 2807/88/102
f 2812/32/190 2811/92/104 2810/93/105
f 2809/94/106 2811/92/104 2812/32/190
f 2816/66/107 2815/95/107 2814/96/107
f 2813/97/561 2815/95/561 2816/66/561
f 2820/58/109 2819/98/109 2818/99/109
f 2817/100/110 2819/98/110 2820/58/110
f 2821/9/111 2824/8/112 2823/101/113
f 2823/101/113 2824/8/112 2822/102/191
f 2776/103/115 2773/104/116 2814/105/215
f 2770/106/118 2774/107/119 2776/103/120
f 2753/75/659 2788/76/567 2665/122/660
f 2783/45/124 2762/109/125 2789/110/126
f 2763/16/127 2792/77/127 2789/41/127
f 2800/111/128 2801/112/129 2821/113/130
f 2512/36/131 2552/38/132 2502/114/133
f 2817/38/39 2823/37/38 2819/115/134
f 2780/116/135 2781/117/136 2810/118/137
f 2806/119/138 2807/120/234 2803/121/235
f 2806/89/141 2809/94/142 2746/31/143
f 2810/93/144 2781/69/145 2750/19/196
f 2813/97/78 2816/66/231 2749/65/78
f 2816/66/231 2814/96/78 2773/28/147
f 2588/57/692 2817/100/149 2820/58/603
f 2794/78/657 2564/56/152 2818/99/658
f 2824/8/154 2564/56/155 2822/102/156
f 2824/8/157 2758/7/157 2564/56/157
f 2565/127/236 2744/127/236 2650/127/236
f 2665/122/236 2748/18/236 2752/3/236
f 2485/122/236 2569/18/236 2573/3/236
f 2661/122/236 2660/18/236 2665/3/236
f 2475/128/237 2517/129/238 2525/126/239
f 2700/44/240 2705/126/241 2697/129/242
f 2472/26/4 2656/25/605 2505/6/606
f 2656/25/245 2492/4/4 2505/6/246
f 2556/9/247 2536/84/625 2578/7/249
f 2536/84/250 2537/23/251 2578/7/528
f 2475/130/8 2525/11/9 2477/10/8
f 2525/11/9 2496/16/253 2497/12/10
f 2475/130/12 2477/10/254 2517/15/255
f 2477/10/256 2489/13/257 2517/15/258
f 2499/90/259 2478/31/260 2660/125/261
f 2808/91/262 2745/125/263 2764/131/264
f 2502/124/265 2479/42/266 2512/21/267
f 2479/42/268 2483/19/269 2512/21/270
f 2707/43/49 2698/45/51 2704/110/271
f 2523/76/272 2482/65/273 2481/122/274
f 2586/16/275 2569/18/276 2587/12/277
f 2668/1/616 2665/3/693 2664/22/280
f 2558/37/121 2512/36/122 2513/108/123
f 2504/27/281 2522/73/282 2486/132/283
f 2522/73/284 2487/75/26 2486/132/285
f 2486/132/286 2656/25/287 2504/27/288
f 2476/35/289 2574/24/174 2539/33/290
f 2574/24/529 2532/2/174 2530/83/292
f 2539/33/293 2574/24/294 2530/83/295
f 2482/65/159 2519/72/297 2481/122/487
f 2692/36/37 2738/37/38 2732/38/39
f 2519/72/41 2482/65/299 2518/40/300
f 2482/65/301 2483/19/302 2518/40/303
f 2664/22/304 2717/23/530 2672/86/44
f 2487/75/198 2523/76/567 2481/122/200
f 2572/22/611 2627/23/694 2580/86/632
f 2479/42/629 2526/17/308 2524/41/456
f 2524/41/310 2495/39/311 2483/19/312
f 2526/17/489 2479/42/314 2480/18/315
f 2678/16/664 2660/18/569 2492/12/665
f 2538/46/317 2542/88/460 2498/131/319
f 2542/88/666 2543/91/53 2498/131/667
f 2498/131/323 2476/35/53 2538/46/324
f 2539/49/325 2530/133/326 2546/47/327
f 2530/133/328 2533/134/329 2546/47/330
f 2488/1/189 2484/22/189 2531/51/58
f 2484/22/189 2483/19/59 2531/51/58
f 2483/19/59 2500/70/570 2515/50/57
f 2484/22/634 2491/86/332 2535/85/333
f 2535/85/334 2513/52/335 2484/22/679
f 2513/52/337 2501/20/338 2483/19/339
f 2553/55/340 2554/115/341 2528/53/342
f 2554/115/343 2558/37/344 2557/135/345
f 2528/53/346 2554/115/347 2557/135/348
f 2522/136/349 2504/62/350 2521/61/351
f 2504/62/352 2550/123/353 2548/63/354
f 2483/19/355 2494/30/356 2509/64/357
f 2509/64/358 2493/5/356 2478/31/359
f 2549/105/360 2550/123/361 2511/103/362
f 2511/103/363 2510/137/361 2508/104/364
f 2505/106/365 2493/138/120 2509/107/366
f 2770/106/367 2815/123/368 2769/62/369
f 2504/62/370 2506/139/371 2505/106/372
f 2506/139/373 2507/140/164 2505/106/374
f 2792/43/49 2783/45/51 2789/110/271
f 2488/1/513 2532/2/24 2485/3/619
f 2556/113/375 2558/37/376 2535/111/377
f 2823/37/378 2778/108/379 2800/111/380
f 2520/44/227 2527/43/228 2525/126/229
f 2512/36/381 2514/141/129 2513/108/382
f 2738/37/383 2692/36/122 2693/108/123
f 2545/118/384 2546/47/385 2515/116/386
f 2546/47/387 2533/134/388 2531/142/389
f 2533/134/390 2534/143/391 2531/142/392
f 2531/142/393 2515/116/394 2546/47/395
f 2538/121/396 2540/48/397 2546/47/398
f 2546/47/399 2544/144/400 2538/121/401
f 2544/144/402 2541/119/403 2538/121/404
f 2478/31/143 2499/90/405 2541/89/141
f 2544/94/406 2547/32/405 2478/31/573
f 2500/70/408 2483/19/409 2516/69/476
f 2483/19/411 2547/32/412 2545/93/413
f 2482/65/78 2523/76/78 2521/74/78
f 2521/74/78 2548/97/78 2482/65/78
f 2494/30/57 2483/19/79 2508/28/147
f 2483/19/79 2551/66/59 2508/28/147
f 2503/57/414 2502/124/220 2552/100/415
f 2474/80/416 2566/56/669 2529/78/418
f 2566/56/478 2555/58/416 2553/99/420
f 2566/56/421 2474/80/422 2528/79/423
f 2566/56/533 2528/79/425 2557/102/426
f 2563/128/237 2607/129/238 2615/126/239
f 2520/44/240 2525/126/241 2517/129/242
f 2560/26/4 2476/25/605 2595/6/606
f 2476/25/245 2582/4/4 2595/6/246
f 2646/9/247 2626/84/248 2581/7/534
f 2626/84/250 2627/23/251 2581/7/252
f 2563/130/428 2615/11/653 2566/10/8
f 2615/11/653 2586/16/695 2587/12/10
f 2563/130/12 2566/10/254 2607/15/429
f 2566/10/256 2578/13/12 2607/15/430
f 2589/90/259 2567/31/260 2748/125/261
f 2543/91/262 2660/125/431 2498/131/264
f 2592/124/265 2568/42/266 2602/21/267
f 2568/42/268 2571/19/269 2602/21/270
f 2479/42/432 2503/57/484 2480/18/615
f 2613/76/272 2570/65/499 2485/122/535
f 2667/75/434 2661/122/435 2666/132/499
f 2754/1/616 2752/3/437 2751/22/280
f 2610/44/438 2617/43/228 2615/126/229
f 2594/27/536 2612/73/282 2574/132/283
f 2612/73/546 2575/75/26 2574/132/285
f 2574/132/286 2476/25/172 2594/27/440
f 2564/35/289 2577/24/441 2629/33/442
f 2577/24/443 2622/2/35 2620/83/444
f 2629/33/445 2577/24/505 2620/83/506
f 2570/65/159 2609/72/297 2485/122/696
f 2490/14/448 2481/122/449 2519/72/450
f 2609/72/41 2570/65/697 2608/40/698
f 2570/65/301 2571/19/302 2608/40/452
f 2751/22/611 2802/23/662 2757/86/663
f 2579/14/159 2578/13/159 2485/122/230
f 2478/31/454 2492/4/455 2660/125/167
f 2568/42/307 2616/17/311 2614/41/309
f 2614/41/457 2585/39/308 2571/19/312
f 2616/17/699 2568/42/314 2569/18/538
f 2763/16/568 2748/18/569 2582/12/458
f 2628/46/459 2632/88/633 2588/131/319
f 2632/88/700 2633/91/53 2588/131/322
f 2588/131/678 2564/35/462 2628/46/494
f 2629/49/325 2620/133/326 2636/47/327
f 2620/133/328 2623/134/329 2636/47/330
f 2576/1/78 2572/22/78 2621/51/183
f 2572/22/78 2571/19/231 2621/51/183
f 2571/19/231 2590/70/464 2605/50/57
f 2572/22/331 2580/86/332 2625/85/333
f 2625/85/334 2603/52/335 2572/22/679
f 2603/52/337 2591/20/338 2571/19/339
f 2643/55/340 2644/115/341 2618/53/342
f 2644/115/343 2648/37/344 2647/135/345
f 2618/53/346 2644/115/347 2647/135/348
f 2612/136/349 2594/62/350 2611/61/465
f 2594/62/352 2640/123/353 2638/63/354
f 2571/19/355 2584/30/356 2599/64/466
f 2599/64/358 2583/5/356 2567/31/359
f 2639/105/360 2640/123/361 2601/103/647
f 2601/103/363 2600/137/361 2598/104/364
f 2595/106/365 2583/138/120 2599/107/366
f 2505/106/367 2550/123/368 2504/62/369
f 2594/62/370 2596/139/371 2595/106/372
f 2596/139/373 2597/140/164 2595/106/469
f 2595/106/367 2640/123/368 2594/62/369
f 2659/42/222 2683/124/539 2498/57/680
f 2646/113/375 2648/37/376 2625/111/377
f 2558/37/378 2513/108/379 2535/111/380
f 2543/91/192 2499/90/193 2660/125/194
f 2602/36/381 2604/141/129 2603/108/382
f 2602/36/37 2648/37/195 2642/38/39
f 2635/118/384 2636/47/385 2605/116/386
f 2636/47/387 2623/134/388 2621/142/389
f 2623/134/390 2624/143/391 2621/142/392
f 2621/142/393 2605/116/394 2636/47/395
f 2628/121/396 2630/48/397 2636/47/398
f 2636/47/399 2634/144/472 2628/121/401
f 2634/144/473 2631/119/403 2628/121/404
f 2567/31/143 2589/90/405 2631/89/141
f 2634/94/406 2637/32/405 2567/31/407
f 2590/70/474 2571/19/475 2606/69/476
f 2571/19/411 2637/32/412 2635/93/477
f 2570/65/188 2613/76/78 2611/74/78
f 2611/74/78 2638/97/78 2570/65/188
f 2584/30/57 2571/19/59 2598/28/147
f 2571/19/59 2641/66/189 2598/28/147
f 2593/57/414 2592/124/220 2642/100/415
f 2562/80/416 2565/56/669 2619/78/418
f 2565/56/478 2645/58/649 2643/99/685
f 2565/56/421 2562/80/422 2618/79/423
f 2565/56/424 2618/79/540 2647/102/541
f 2654/128/237 2697/129/238 2705/126/239
f 2785/44/240 2790/126/241 2782/129/242
f 2651/26/4 2650/25/243 2685/6/480
f 2650/25/245 2674/4/481 2685/6/482
f 2736/9/247 2716/84/248 2673/7/249
f 2716/84/250 2717/23/251 2673/7/528
f 2654/130/681 2705/11/653 2656/10/8
f 2705/11/653 2678/16/253 2492/12/10
f 2654/130/12 2656/10/254 2697/15/255
f 2656/10/256 2670/13/257 2697/15/258
f 2680/90/259 2658/31/260 2657/125/483
f 2610/44/240 2615/126/241 2607/129/242
f 2683/124/265 2659/42/266 2692/21/267
f 2659/42/268 2663/19/269 2692/21/270
f 2568/42/216 2593/57/484 2569/18/615
f 2703/76/485 2662/65/499 2661/122/661
f 2487/75/434 2481/122/435 2486/132/499
f 2633/91/262 2748/125/431 2588/131/582
f 2595/106/163 2601/103/486 2640/123/165
f 2684/27/281 2702/73/282 2666/132/283
f 2702/73/284 2667/75/26 2666/132/285
f 2666/132/286 2650/25/287 2684/27/288
f 2655/35/289 2669/24/174 2719/33/290
f 2669/24/542 2712/2/226 2710/83/292
f 2719/33/293 2669/24/294 2710/83/295
f 2662/65/159 2699/72/297 2661/122/487
f 2579/14/159 2485/122/585 2609/72/450
f 2699/72/41 2662/65/299 2698/40/300
f 2662/65/301 2663/19/302 2698/40/303
f 2576/1/616 2573/3/437 2572/22/280
f 2568/42/470 2592/124/539 2593/57/177
f 2746/31/454 2759/4/455 2745/125/167
f 2659/42/307 2706/17/311 2704/41/309
f 2704/41/457 2677/39/311 2663/19/312
f 2706/17/313 2659/42/314 2660/18/315
f 2756/14/159 2665/122/488 2784/72/450
f 2718/46/490 2722/88/491 2679/131/319
f 2722/88/320 2723/91/321 2679/131/322
f 2679/131/461 2655/35/493 2718/46/494
f 2719/49/325 2710/133/326 2726/47/327
f 2710/133/328 2713/134/329 2726/47/330
f 2668/1/78 2664/22/78 2711/51/570
f 2664/22/78 2663/19/231 2711/51/570
f 2663/19/231 2681/70/570 2695/50/211
f 2664/22/634 2672/86/332 2715/85/495
f 2715/85/334 2693/52/335 2664/22/679
f 2693/52/337 2682/20/338 2663/19/339
f 2733/55/340 2734/115/341 2708/53/342
f 2734/115/343 2738/37/344 2737/135/345
f 2708/53/346 2734/115/347 2737/135/348
f 2702/136/349 2684/62/350 2701/61/351
f 2684/62/352 2730/123/353 2728/63/354
f 2663/19/355 2676/30/356 2689/64/496
f 2689/64/358 2675/5/356 2658/31/359
f 2729/105/360 2730/123/361 2691/103/362
f 2691/103/363 2690/137/361 2688/104/364
f 2685/106/365 2675/138/120 2689/107/366
f 2658/31/454 2674/4/455 2657/125/167
f 2684/62/370 2686/139/371 2685/106/372
f 2686/139/373 2687/140/164 2685/106/374
f 2527/43/49 2518/45/51 2524/110/271
f 2671/14/497 2670/13/159 2661/122/160
f 2736/113/375 2738/37/498 2715/111/377
f 2753/75/434 2665/122/435 2669/132/499
f 2792/43/49 2785/44/50 2783/45/51
f 2692/36/381 2694/141/129 2693/108/382
f 2617/43/49 2610/44/50 2608/45/51
f 2725/118/384 2726/47/385 2695/116/386
f 2726/47/387 2713/134/388 2711/142/389
f 2713/134/390 2714/143/391 2711/142/392
f 2711/142/393 2695/116/394 2726/47/395
f 2718/121/396 2720/48/397 2726/47/398
f 2726/47/399 2724/144/400 2718/121/401
f 2724/144/500 2721/119/403 2718/121/404
f 2658/31/143 2680/90/405 2721/89/141
f 2724/94/406 2727/32/405 2658/31/501
f 2681/70/408 2663/19/409 2696/69/410
f 2663/19/411 2727/32/502 2725/93/413
f 2662/65/212 2703/76/78 2701/74/78
f 2701/74/78 2728/97/78 2662/65/212
f 2676/30/57 2663/19/464 2688/28/59
f 2663/19/464 2731/66/189 2688/28/59
f 2498/57/650 2683/124/220 2732/100/415
f 2653/80/416 2476/56/417 2709/78/418
f 2476/56/478 2735/58/416 2733/99/420
f 2476/56/421 2653/80/422 2708/79/423
f 2476/56/424 2708/79/425 2737/102/426
f 2743/128/237 2782/129/238 2790/126/239
f 2648/37/378 2603/108/379 2625/111/380
f 2740/26/4 2655/25/243 2770/6/480
f 2655/25/245 2759/4/481 2770/6/482
f 2821/9/247 2801/84/543 2758/7/534
f 2801/84/250 2802/23/251 2758/7/252
f 2743/130/8 2790/11/8 2476/10/8
f 2790/11/691 2763/16/253 2582/12/10
f 2743/130/12 2476/10/254 2782/15/429
f 2476/10/256 2673/13/12 2782/15/430
f 2765/90/259 2746/31/260 2745/125/483
f 2723/91/262 2657/125/263 2679/131/264
f 2768/124/265 2747/42/266 2777/21/267
f 2747/42/268 2750/19/269 2777/21/270
f 2659/42/216 2498/57/484 2660/18/218
f 2788/76/701 2749/65/499 2665/122/535
f 2575/75/434 2485/122/435 2574/132/436
f 2488/1/616 2485/3/279 2484/22/280
f 2785/44/227 2792/43/228 2790/126/229
f 2769/27/281 2787/73/282 2669/132/283
f 2787/73/284 2753/75/26 2669/132/285
f 2669/132/286 2655/25/287 2769/27/288
f 2744/35/289 2755/24/441 2804/33/442
f 2755/24/443 2797/2/226 2795/83/444
f 2804/33/445 2755/24/505 2795/83/506
f 2749/65/159 2784/72/297 2665/122/696
f 2671/14/448 2661/122/449 2699/72/450
f 2784/72/41 2749/65/299 2783/40/300
f 2749/65/301 2750/19/302 2783/40/452
f 2484/22/304 2537/23/305 2491/86/44
f 2633/91/192 2589/90/601 2748/125/194
f 2567/31/454 2582/4/455 2748/125/167
f 2747/42/307 2791/17/308 2789/41/456
f 2789/41/457 2762/39/308 2750/19/312
f 2791/17/313 2747/42/314 2748/18/315
f 2496/16/275 2480/18/276 2497/12/316
f 2803/46/459 2807/88/318 2764/131/319
f 2807/88/320 2808/91/321 2764/131/322
f 2764/131/509 2744/35/462 2803/46/463
f 2804/49/325 2795/133/326 2811/47/327
f 2795/133/510 2798/134/329 2811/47/330
f 2754/1/78 2751/22/78 2796/51/58
f 2751/22/78 2750/19/232 2796/51/58
f 2750/19/232 2766/70/570 2780/50/57
f 2751/22/331 2757/86/332 2800/85/495
f 2800/85/334 2778/52/335 2751/22/679
f 2778/52/337 2767/20/338 2750/19/339
f 2818/55/340 2819/115/341 2793/53/342
f 2819/115/343 2823/37/344 2822/135/345
f 2793/53/346 2819/115/347 2822/135/348
f 2787/136/349 2769/62/350 2786/61/351
f 2769/62/352 2815/123/353 2813/63/354
f 2750/19/355 2761/30/356 2774/64/466
f 2774/64/358 2760/5/356 2746/31/359
f 2814/105/360 2815/123/361 2776/103/362
f 2776/103/363 2775/137/361 2773/104/364
f 2770/106/365 2760/138/120 2774/107/366
f 2685/106/367 2730/123/368 2684/62/369
f 2769/62/370 2771/139/371 2770/106/372
f 2771/139/373 2772/140/164 2770/106/469
f 2617/43/49 2608/45/51 2614/110/271
f 2575/75/702 2613/76/567 2485/122/200
f 2821/113/375 2823/37/376 2800/111/377
f 2738/37/511 2693/108/379 2715/111/380
f 2823/37/121 2777/36/122 2778/108/123
f 2777/36/381 2779/141/129 2778/108/382
f 2481/122/236 2480/18/236 2485/3/236
f 2810/118/384 2811/47/385 2780/116/386
f 2811/47/387 2798/134/388 2796/142/389
f 2798/134/390 2799/143/391 2796/142/392
f 2796/142/393 2780/116/394 2811/47/395
f 2803/121/396 2805/48/397 2811/47/398
f 2811/47/399 2809/144/400 2803/121/512
f 2809/144/402 2806/119/403 2803/121/404
f 2746/31/143 2765/90/405 2806/89/141
f 2809/94/406 2812/32/405 2746/31/407
f 2766/70/474 2750/19/475 2781/69/703
f 2750/19/411 2812/32/502 2810/93/477
f 2749/65/78 2788/76/78 2786/74/78
f 2786/74/78 2813/97/78 2749/65/78
f 2761/30/57 2750/19/57 2773/28/147
f 2750/19/57 2816/66/231 2773/28/147
f 2588/57/650 2768/124/220 2817/100/415
f 2742/80/416 2564/56/417 2794/78/418
f 2564/56/478 2820/58/416 2818/99/420
f 2564/56/421 2742/80/422 2793/79/423
f 2564/56/424 2793/79/425 2822/102/426
f 2674/4/236 2650/25/236 2666/132/236
f 2661/122/236 2670/13/236 2492/12/236
f 2670/13/236 2656/10/236 2492/12/236
f 2674/4/236 2666/132/236 2661/122/236
f 2655/35/236 2679/131/236 2669/24/236
f 2679/131/236 2657/125/236 2669/24/236
f 2669/24/236 2657/125/236 2665/3/236
f 2657/125/236 2674/4/236 2661/122/236
f 2660/18/236 2498/57/236 2673/7/236
f 2498/57/236 2476/56/236 2673/7/236
f 2660/18/236 2673/7/236 2665/3/236
f 2661/122/236 2492/12/236 2660/18/236
f 2481/122/236 2485/3/236 2660/125/236
f 2759/4/236 2655/25/236 2669/132/236
f 2665/122/236 2673/13/236 2582/12/236
f 2673/13/236 2476/10/236 2582/12/236
f 2759/4/236 2669/132/236 2665/122/236
f 2744/35/236 2764/131/236 2755/24/236
f 2764/131/236 2745/125/236 2755/24/236
f 2755/24/236 2745/125/236 2752/3/236
f 2745/125/236 2759/4/236 2665/122/236
f 2748/18/236 2588/57/236 2758/7/236
f 2588/57/236 2564/56/236 2758/7/236
f 2748/18/236 2758/7/236 2752/3/236
f 2665/122/236 2582/12/236 2748/18/236
f 2602/36/131 2642/38/132 2592/114/133
f 2582/4/236 2476/25/236 2574/132/236
f 2485/122/236 2578/13/236 2587/12/236
f 2578/13/236 2566/10/236 2587/12/236
f 2582/4/236 2574/132/236 2485/122/236
f 2564/35/236 2588/131/236 2577/24/236
f 2588/131/236 2748/125/236 2577/24/236
f 2577/24/236 2748/125/236 2573/3/236
f 2748/125/236 2582/4/236 2485/122/236
f 2569/18/236 2593/57/236 2581/7/236
f 2593/57/236 2565/56/236 2581/7/236
f 2569/18/236 2581/7/236 2573/3/236
f 2485/122/236 2587/12/236 2569/18/236
f 2665/122/236 2752/3/236 2745/125/236
f 2492/4/236 2656/25/236 2486/132/236
f 2481/122/236 2489/13/236 2497/12/236
f 2489/13/236 2477/10/236 2497/12/236
f 2492/4/236 2486/132/236 2481/122/236
f 2476/35/236 2498/131/236 2574/24/236
f 2498/131/236 2660/125/236 2574/24/236
f 2574/24/236 2660/125/236 2485/3/236
f 2660/125/236 2492/4/236 2481/122/236
f 2480/18/236 2503/57/236 2578/7/236
f 2503/57/236 2566/56/236 2578/7/236
f 2480/18/236 2578/7/236 2485/3/236
f 2481/122/236 2497/12/236 2480/18/236
f 2485/122/236 2573/3/236 2748/125/236
f 2661/122/236 2665/3/236 2657/125/236
f 2565/127/236 2650/127/236 2477/127/236
f 3107/1/704 3150/2/514 3105/3/515
f 2845/4/4 2846/5/4 2858/6/4
f 2931/7/5 2912/8/705 2909/9/7
f 2830/10/8 2878/11/653 2850/12/10
f 2842/13/11 2843/14/12 2870/15/13
f 3116/16/14 3144/17/516 3101/18/16
f 2836/19/17 2854/20/18 2865/21/19
f 2837/22/203 2838/3/21 2890/23/22
f 3017/22/20 3018/3/21 3070/23/22
f 2885/2/24 2927/24/23 2838/3/24
f 3009/25/25 2825/26/26 2857/27/207
f 2861/28/28 2863/29/208 2847/30/30
f 2831/31/31 2900/32/32 2836/19/33
f 2892/33/34 2826/34/35 2829/35/36
f 3130/36/37 3176/37/38 3170/38/39
f 2836/19/688 2848/39/41 2871/40/42
f 2838/3/43 2931/7/44 2890/23/45
f 2929/1/704 2975/2/514 2926/3/706
f 2877/41/46 2836/19/47 2832/42/48
f 3060/43/49 3053/44/50 3051/45/51
f 2829/35/689 2826/34/689 2891/46/689
f 2899/47/54 2893/48/55 2892/49/56
f 2868/50/57 2884/51/79 2836/19/59
f 2837/22/60 2866/52/61 2836/19/62
f 2881/53/63 2882/54/64 2906/55/65
f 2919/56/66 2856/57/594 2908/58/68
f 2825/26/69 2860/59/69 2859/60/69
f 2825/26/70 2859/60/70 2857/27/70
f 2825/26/71 2858/6/71 2860/59/71
f 2874/61/72 2857/62/73 2901/63/74
f 2862/64/75 2831/31/76 2836/19/77
f 2835/65/78 2904/66/59 2836/19/79
f 2847/30/80 2864/67/80 2862/64/80
f 2847/30/30 2863/29/208 2864/67/81
f 2866/52/82 2867/68/82 2854/20/82
f 2854/20/83 2867/68/83 2865/21/83
f 2869/69/84 2868/50/84 2853/70/84
f 2843/14/85 2871/40/85 2873/71/85
f 2872/72/86 2871/40/86 2843/14/86
f 2843/14/87 2873/71/87 2870/15/87
f 2875/73/88 2874/74/88 2840/75/88
f 2840/75/596 2874/74/596 2876/76/596
f 2878/11/90 2880/77/90 2849/16/90
f 2849/16/91 2877/41/91 2879/17/91
f 2882/78/92 2881/79/92 2827/80/92
f 2841/1/93 2887/81/93 2886/82/93
f 2883/83/94 2885/2/94 2841/1/94
f 2841/1/95 2886/82/95 2883/83/95
f 2841/1/96 2884/51/96 2887/81/96
f 2889/84/97 2888/85/97 2844/86/97
f 2844/86/98 2890/23/98 2889/84/98
f 2892/33/99 2893/87/99 2826/34/99
f 2826/34/100 2893/87/100 2891/46/100
f 2895/88/101 2894/89/101 2852/90/101
f 2852/90/102 2896/91/102 2895/88/102
f 2900/32/103 2899/92/104 2898/93/105
f 2897/94/106 2899/92/104 2900/32/103
f 2904/66/655 2903/95/655 2902/96/655
f 2901/97/108 2903/95/108 2904/66/108
f 2908/58/707 2907/98/707 2906/99/707
f 2905/100/110 2907/98/110 2908/58/110
f 2909/9/111 2912/8/112 2911/101/113
f 2911/101/113 2912/8/112 2910/102/191
f 2864/103/115 2861/104/116 2902/105/620
f 2858/106/118 2862/107/119 2864/103/120
f 3001/37/121 2955/36/122 2956/108/123
f 2871/45/124 2848/109/125 2877/110/126
f 2849/16/127 2880/77/127 2877/41/127
f 2888/111/128 2889/112/129 2909/113/130
f 3045/36/131 3085/38/132 3036/114/133
f 2905/38/39 2911/37/38 2907/115/134
f 2868/116/135 2869/117/136 2898/118/137
f 2894/119/138 2895/120/139 2891/121/140
f 2894/89/141 2897/94/142 2831/31/521
f 2898/93/144 2869/69/145 2836/19/146
f 2901/97/78 2904/66/59 2835/65/78
f 2904/66/59 2902/96/58 2861/28/147
f 2856/57/148 2905/100/197 2908/58/150
f 2882/78/151 2919/56/152 2906/99/153
f 2912/8/154 2919/56/155 2910/102/156
f 2912/8/157 2931/7/157 2919/56/157
f 2843/14/158 2842/13/159 2834/122/160
f 2935/4/4 2936/5/4 2948/6/4
f 2934/7/595 3002/8/251 2999/9/7
f 2919/10/8 2968/11/9 2940/12/708
f 2931/13/551 2932/14/551 2960/15/551
f 2858/106/163 2864/103/164 2903/123/165
f 2924/19/17 2944/20/18 2955/21/19
f 2920/31/166 2936/5/167 2935/4/168
f 3031/16/169 3059/17/15 3013/18/205
f 2975/2/170 2930/24/23 2926/3/171
f 2829/25/26 2913/26/26 2947/27/26
f 2951/28/28 2953/29/208 2937/30/30
f 2920/31/31 2990/32/32 2924/19/33
f 2982/33/173 2914/34/35 2917/35/36
f 3100/42/222 3121/124/176 2941/57/637
f 2924/19/40 2938/39/41 2961/40/42
f 2926/3/43 2934/7/44 2980/23/526
f 3099/31/522 3113/5/179 3112/4/518
f 2967/41/46 2924/19/47 2921/42/48
f 3021/1/1 3065/2/24 3018/3/532
f 2917/35/524 2914/34/321 2981/46/182
f 2989/47/54 2983/48/55 2982/49/56
f 2958/50/57 2974/51/183 2924/19/184
f 2925/22/60 2956/52/61 2924/19/62
f 2971/53/63 2972/54/64 2996/55/65
f 2918/56/66 2946/57/67 2998/58/185
f 2913/26/69 2950/59/69 2949/60/69
f 2913/26/70 2949/60/70 2947/27/70
f 2913/26/71 2948/6/71 2950/59/71
f 2964/61/186 2947/62/73 2991/63/74
f 2952/64/187 2920/31/76 2924/19/77
f 2923/65/709 2994/66/189 2924/19/59
f 2937/30/80 2954/67/80 2952/64/80
f 2937/30/30 2953/29/208 2954/67/81
f 2956/52/82 2957/68/82 2944/20/82
f 2944/20/83 2957/68/83 2955/21/83
f 2959/69/84 2958/50/84 2943/70/84
f 2932/14/85 2961/40/85 2963/71/85
f 2962/72/86 2961/40/86 2932/14/86
f 2932/14/87 2963/71/87 2960/15/87
f 2965/73/88 2964/74/88 2928/75/88
f 2928/75/596 2964/74/596 2966/76/596
f 2968/11/90 2970/77/90 2939/16/90
f 2939/16/91 2967/41/91 2969/17/91
f 2972/78/92 2971/79/92 2915/80/92
f 2929/1/93 2977/81/93 2976/82/93
f 2973/83/94 2975/2/94 2929/1/94
f 2929/1/95 2976/82/95 2973/83/95
f 2929/1/96 2974/51/96 2977/81/96
f 2979/84/97 2978/85/97 2933/86/97
f 2933/86/597 2980/23/597 2979/84/597
f 2982/33/99 2983/87/99 2914/34/99
f 2914/34/100 2983/87/100 2981/46/100
f 2985/88/101 2984/89/101 2942/90/101
f 2942/90/710 2986/91/710 2985/88/710
f 2990/32/190 2989/92/104 2988/93/105
f 2987/94/106 2989/92/104 2990/32/190
f 2994/66/107 2993/95/107 2992/96/107
f 2991/97/561 2993/95/561 2994/66/561
f 2998/58/707 2997/98/707 2996/99/707
f 2995/100/110 2997/98/110 2998/58/110
f 2999/9/111 3002/8/112 3001/101/711
f 3001/101/711 3002/8/112 3000/102/191
f 2954/103/115 2951/104/116 2992/105/620
f 2948/106/118 2952/107/119 2954/103/120
f 3076/91/192 3033/90/601 3010/125/194
f 2961/45/124 2938/109/125 2967/110/126
f 2939/16/127 2970/77/127 2967/41/127
f 2978/111/128 2979/112/129 2999/113/130
f 3130/36/131 3170/38/132 3121/114/133
f 2995/38/39 3001/37/195 2997/115/134
f 2958/116/135 2959/117/136 2988/118/137
f 2984/119/138 2985/120/139 2981/121/140
f 2984/89/141 2987/94/142 2920/31/143
f 2988/93/144 2959/69/145 2924/19/196
f 2991/97/189 2994/66/189 2923/65/709
f 2994/66/189 2992/96/183 2951/28/147
f 2946/57/712 2995/100/621 2998/58/150
f 2972/78/151 2918/56/152 2996/99/153
f 3002/8/154 2918/56/155 3000/102/156
f 3002/8/157 2934/7/157 2918/56/157
f 3020/75/628 3056/76/199 3014/122/200
f 3027/4/201 3028/5/4 3038/6/202
f 3026/7/5 3092/8/161 3089/9/7
f 3009/10/8 3058/11/653 2845/12/10
f 3023/13/11 3024/14/12 3050/15/13
f 3104/22/20 3105/3/21 3155/23/22
f 3016/19/17 3035/20/18 3045/21/19
f 2849/16/204 2879/17/15 2833/18/205
f 2925/22/592 2926/3/599 2980/23/600
f 3065/2/23 3022/24/23 3018/3/24
f 3003/25/206 3004/26/26 3037/27/27
f 3041/28/28 3043/29/208 3029/30/30
f 3011/31/31 3080/32/32 3016/19/33
f 3072/33/34 3005/34/174 3008/35/36
f 2865/36/37 2911/37/38 2905/38/39
f 3016/19/688 3030/39/41 3051/40/42
f 3018/3/43 3026/7/44 3070/23/45
f 3011/31/178 3028/5/167 3027/4/168
f 3057/41/46 3016/19/47 3012/42/48
f 3161/91/687 3118/90/193 3098/125/507
f 3008/35/209 3005/34/321 3071/46/210
f 3079/47/54 3073/48/55 3072/49/56
f 3048/50/211 3064/51/58 3016/19/184
f 3017/22/60 3046/52/61 3016/19/62
f 3061/53/63 3062/54/64 3086/55/65
f 2829/56/66 2851/57/66 3088/58/66
f 3004/26/69 3040/59/69 3039/60/69
f 3004/26/70 3039/60/70 3037/27/70
f 3004/26/71 3038/6/71 3040/59/71
f 3054/61/72 3037/62/73 3081/63/74
f 3042/64/75 3011/31/76 3016/19/77
f 3015/65/212 3084/66/189 3016/19/183
f 3029/30/80 3044/67/80 3042/64/80
f 3029/30/30 3043/29/208 3044/67/81
f 3046/52/82 3047/68/82 3035/20/82
f 3035/20/83 3047/68/83 3045/21/83
f 3049/69/84 3048/50/84 3034/70/84
f 3024/14/85 3051/40/85 3053/71/85
f 3052/72/86 3051/40/86 3024/14/86
f 3024/14/87 3053/71/87 3050/15/87
f 3055/73/88 3054/74/88 3020/75/88
f 3020/75/596 3054/74/596 3056/76/596
f 3058/11/90 3060/77/90 3031/16/90
f 3031/16/91 3057/41/91 3059/17/91
f 3062/78/92 3061/79/92 3006/80/92
f 3021/1/93 3067/81/93 3066/82/93
f 3063/83/94 3065/2/94 3021/1/94
f 3021/1/95 3066/82/95 3063/83/95
f 3021/1/96 3064/51/96 3067/81/96
f 3069/84/97 3068/85/97 3025/86/97
f 3025/86/98 3070/23/98 3069/84/98
f 3072/33/99 3073/87/99 3005/34/99
f 3005/34/100 3073/87/100 3071/46/100
f 3075/88/101 3074/89/101 3033/90/101
f 3033/90/102 3076/91/102 3075/88/102
f 3080/32/190 3079/92/104 3078/93/105
f 3077/94/106 3079/92/104 3080/32/190
f 3084/66/107 3083/95/107 3082/96/107
f 3081/97/108 3083/95/108 3084/66/108
f 3088/58/109 3087/98/109 3086/99/109
f 3085/100/110 3087/98/110 3088/58/110
f 3089/9/111 3092/8/112 3091/101/113
f 3091/101/113 3092/8/112 3090/102/114
f 3044/103/115 3041/104/214 3082/105/215
f 3038/106/118 3042/107/119 3044/103/120
f 2880/43/49 2873/44/50 2871/45/51
f 3051/45/124 3030/109/125 3057/110/126
f 3031/16/127 3060/77/127 3057/41/127
f 3068/111/128 3069/112/129 3089/113/130
f 3100/42/216 2941/57/217 3101/18/539
f 3085/38/39 3091/37/38 3087/115/134
f 3048/116/135 3049/117/136 3078/118/137
f 3074/119/138 3075/120/139 3071/121/140
f 3074/89/141 3077/94/142 3011/31/521
f 3078/93/144 3049/69/555 3016/19/146
f 3081/97/78 3084/66/189 3015/65/212
f 3084/66/189 3082/96/189 3041/28/59
f 2851/57/692 3085/100/149 3088/58/603
f 3062/78/151 2829/56/221 3086/99/153
f 3092/8/154 2829/56/155 3090/102/156
f 3092/8/157 3026/7/157 2829/56/157
f 2832/42/222 2855/124/539 2856/57/223
f 3112/4/201 3113/5/4 3123/6/202
f 3111/7/5 3177/8/705 3174/9/7
f 2829/10/8 3143/11/224 2935/12/162
f 3026/13/12 3109/14/12 3135/15/12
f 2831/31/166 2846/5/167 2845/4/518
f 3103/19/17 3120/20/18 3130/21/19
f 3038/106/163 3044/103/164 3083/123/165
f 3123/106/163 3129/103/164 3168/123/165
f 3150/2/170 3108/24/23 3105/3/519
f 3008/25/558 3093/26/172 3122/27/207
f 3126/28/28 3128/29/29 3114/30/30
f 3099/31/31 3165/32/225 3103/19/33
f 3157/33/173 3094/34/226 3097/35/36
f 3053/44/227 3060/43/228 3058/126/229
f 3103/19/688 3115/39/41 3136/40/42
f 3105/3/43 3111/7/559 3155/23/713
f 3109/14/159 3026/13/159 3018/122/714
f 3142/41/46 3103/19/560 3100/42/48
f 2939/16/14 2969/17/516 2922/18/16
f 3097/35/524 3094/34/321 3156/46/182
f 3164/47/54 3158/48/55 3157/49/56
f 3133/50/57 3149/51/79 3103/19/232
f 3104/22/60 3131/52/61 3103/19/62
f 3146/53/63 3147/54/64 3171/55/65
f 2917/56/66 2941/57/66 3173/58/66
f 3093/26/69 3125/59/69 3124/60/69
f 3093/26/70 3124/60/70 3122/27/70
f 3093/26/71 3123/6/71 3125/59/71
f 3139/61/72 3122/62/73 3166/63/74
f 3127/64/187 3099/31/76 3103/19/77
f 3102/65/78 3169/66/232 3103/19/57
f 3114/30/80 3129/67/80 3127/64/80
f 3114/30/30 3128/29/29 3129/67/81
f 3131/52/715 3132/68/715 3120/20/715
f 3120/20/83 3132/68/83 3130/21/83
f 3134/69/84 3133/50/84 3119/70/84
f 3109/14/85 3136/40/85 3138/71/85
f 3137/72/86 3136/40/86 3109/14/86
f 3109/14/87 3138/71/87 3135/15/87
f 3140/73/88 3139/74/88 3106/75/88
f 3106/75/596 3139/74/596 3141/76/596
f 3143/11/90 3145/77/90 3116/16/90
f 3116/16/91 3142/41/91 3144/17/91
f 3147/78/92 3146/79/92 3095/80/92
f 3107/1/93 3152/81/93 3151/82/93
f 3148/83/94 3150/2/94 3107/1/94
f 3107/1/95 3151/82/95 3148/83/95
f 3107/1/96 3149/51/96 3152/81/96
f 3154/84/97 3153/85/97 3110/86/97
f 3110/86/98 3155/23/98 3154/84/98
f 3157/33/99 3158/87/99 3094/34/99
f 3094/34/100 3158/87/100 3156/46/100
f 3160/88/101 3159/89/101 3118/90/101
f 3118/90/213 3161/91/213 3160/88/213
f 3165/32/190 3164/92/104 3163/93/105
f 3162/94/106 3164/92/104 3165/32/190
f 3169/66/107 3168/95/107 3167/96/107
f 3166/97/561 3168/95/561 3169/66/561
f 3173/58/707 3172/98/707 3171/99/707
f 3170/100/110 3172/98/110 3173/58/110
f 3174/9/111 3177/8/112 3176/101/113
f 3176/101/113 3177/8/112 3175/102/191
f 3129/103/115 3126/104/116 3167/105/215
f 3123/106/118 3127/107/119 3129/103/120
f 3106/75/562 3141/76/199 3018/122/716
f 3136/45/124 3115/109/125 3142/110/126
f 3116/16/563 3145/77/563 3142/41/563
f 3153/111/128 3154/112/129 3174/113/130
f 2865/36/131 2905/38/132 2855/114/133
f 3170/38/39 3176/37/38 3172/115/134
f 3133/116/135 3134/117/136 3163/118/137
f 3159/119/138 3160/120/234 3156/121/235
f 3159/89/141 3162/94/142 3099/31/549
f 3163/93/144 3134/69/145 3103/19/196
f 3166/97/78 3169/66/232 3102/65/78
f 3169/66/232 3167/96/189 3126/28/147
f 2941/57/219 3170/100/621 3173/58/624
f 3147/78/151 2917/56/221 3171/99/153
f 3177/8/154 2917/56/155 3175/102/156
f 3177/8/157 3111/7/157 2917/56/157
f 2918/127/236 3097/127/236 3003/127/236
f 3018/122/236 3101/18/236 3105/3/236
f 2838/122/236 2922/18/236 2926/3/236
f 3014/122/236 3013/18/236 3018/3/236
f 2828/128/237 2870/129/238 2878/126/239
f 3053/44/240 3058/126/241 3050/129/242
f 2825/26/4 3009/25/605 2858/6/606
f 3009/25/245 2845/4/4 2858/6/246
f 2909/9/247 2889/84/625 2931/7/249
f 2889/84/250 2890/23/251 2931/7/252
f 2828/130/8 2878/11/653 2830/10/8
f 2878/11/653 2849/16/253 2850/12/10
f 2828/130/12 2830/10/254 2870/15/255
f 2830/10/256 2842/13/257 2870/15/258
f 2852/90/259 2831/31/260 3013/125/261
f 3161/91/262 3098/125/263 3117/131/582
f 2855/124/265 2832/42/266 2865/21/267
f 2832/42/268 2836/19/269 2865/21/270
f 3060/43/49 3051/45/51 3057/110/271
f 2876/76/272 2835/65/273 2834/122/535
f 2939/16/664 2922/18/569 2940/12/665
f 3021/1/278 3018/3/279 3017/22/280
f 2911/37/121 2865/36/122 2866/108/123
f 2857/27/281 2875/73/282 2839/132/283
f 2875/73/284 2840/75/172 2839/132/590
f 2839/132/286 3009/25/287 2857/27/288
f 2829/35/289 2927/24/174 2892/33/290
f 2927/24/291 2885/2/35 2883/83/565
f 2892/33/293 2927/24/294 2883/83/295
f 2835/65/296 2872/72/617 2834/122/717
f 3045/36/37 3091/37/38 3085/38/39
f 2872/72/41 2835/65/299 2871/40/300
f 2835/65/301 2836/19/302 2871/40/303
f 3017/22/531 3070/23/305 3025/86/44
f 2840/75/628 2876/76/567 2834/122/660
f 2925/22/531 2980/23/305 2933/86/44
f 2832/42/307 2879/17/311 2877/41/309
f 2877/41/310 2848/39/311 2836/19/312
f 2879/17/313 2832/42/314 2833/18/315
f 3031/16/275 3013/18/276 2845/12/316
f 2891/46/718 2895/88/633 2851/131/319
f 2895/88/646 2896/91/52 2851/131/667
f 2851/131/719 2829/35/53 2891/46/324
f 2892/49/325 2883/133/326 2899/47/327
f 2883/133/328 2886/134/329 2899/47/330
f 2841/1/78 2837/22/78 2884/51/79
f 2837/22/78 2836/19/59 2884/51/79
f 2836/19/59 2853/70/57 2868/50/57
f 2837/22/331 2844/86/332 2888/85/333
f 2888/85/720 2866/52/721 2837/22/336
f 2866/52/337 2854/20/722 2836/19/723
f 2906/55/340 2907/115/341 2881/53/342
f 2907/115/343 2911/37/344 2910/135/345
f 2881/53/346 2907/115/347 2910/135/348
f 2875/136/349 2857/62/350 2874/61/351
f 2857/62/352 2903/123/353 2901/63/354
f 2836/19/355 2847/30/356 2862/64/357
f 2862/64/358 2846/5/356 2831/31/359
f 2902/105/360 2903/123/361 2864/103/362
f 2864/103/363 2863/137/361 2861/104/364
f 2858/106/365 2846/138/120 2862/107/366
f 3123/106/367 3168/123/368 3122/62/369
f 2857/62/370 2859/139/371 2858/106/372
f 2859/139/373 2860/140/164 2858/106/374
f 3145/43/49 3136/45/51 3142/110/271
f 2841/1/608 2885/2/23 2838/3/571
f 2909/113/375 2911/37/376 2888/111/377
f 3176/37/378 3131/108/379 3153/111/380
f 2873/44/227 2880/43/228 2878/126/229
f 2865/36/381 2867/141/129 2866/108/382
f 3091/37/383 3045/36/122 3046/108/123
f 2898/118/384 2899/47/385 2868/116/386
f 2899/47/387 2886/134/388 2884/142/389
f 2886/134/390 2887/143/391 2884/142/392
f 2884/142/393 2868/116/394 2899/47/395
f 2891/121/396 2893/48/397 2899/47/398
f 2899/47/399 2897/144/400 2891/121/401
f 2897/144/402 2894/119/403 2891/121/404
f 2831/31/521 2852/90/405 2894/89/141
f 2897/94/406 2900/32/405 2831/31/573
f 2853/70/408 2836/19/409 2869/69/410
f 2836/19/411 2900/32/412 2898/93/413
f 2835/65/78 2876/76/78 2874/74/78
f 2874/74/78 2901/97/78 2835/65/78
f 2847/30/57 2836/19/79 2861/28/147
f 2836/19/79 2904/66/59 2861/28/147
f 2856/57/414 2855/124/603 2905/100/639
f 2827/80/724 2919/56/417 2882/78/548
f 2919/56/648 2908/58/416 2906/99/420
f 2919/56/421 2827/80/479 2881/79/423
f 2919/56/533 2881/79/425 2910/102/426
f 2916/128/237 2960/129/238 2968/126/239
f 2873/44/240 2878/126/241 2870/129/242
f 2913/26/4 2829/25/243 2948/6/244
f 2829/25/245 2935/4/4 2948/6/246
f 2999/9/247 2979/84/248 2934/7/534
f 2979/84/427 2980/23/161 2934/7/252
f 2916/130/428 2968/11/9 2919/10/8
f 2968/11/9 2939/16/607 2940/12/708
f 2916/130/12 2919/10/254 2960/15/429
f 2919/10/256 2931/13/725 2960/15/430
f 2942/90/259 2920/31/582 3101/125/261
f 2896/91/262 3013/125/431 2851/131/264
f 2945/124/265 2921/42/266 2955/21/267
f 2921/42/268 2924/19/269 2955/21/270
f 2832/42/432 2856/57/433 2833/18/218
f 2966/76/726 2923/65/273 2838/122/274
f 3020/75/434 3014/122/435 3019/132/436
f 3107/1/278 3105/3/437 3104/22/24
f 2963/44/438 2970/43/228 2968/126/229
f 2947/27/439 2965/73/282 2927/132/283
f 2965/73/546 2928/75/26 2927/132/285
f 2927/132/286 2829/25/172 2947/27/440
f 2917/35/289 2930/24/441 2982/33/442
f 2930/24/443 2975/2/293 2973/83/444
f 2982/33/445 2930/24/505 2973/83/506
f 2923/65/159 2962/72/297 2838/122/696
f 2843/14/448 2834/122/449 2872/72/450
f 2962/72/41 2923/65/697 2961/40/698
f 2923/65/301 2924/19/302 2961/40/452
f 3104/22/304 3155/23/305 3110/86/44
f 2932/14/230 2931/13/230 2838/122/230
f 2831/31/454 2845/4/455 3013/125/167
f 2921/42/307 2969/17/311 2967/41/456
f 2967/41/457 2938/39/308 2924/19/312
f 2969/17/313 2921/42/314 2922/18/315
f 3116/16/664 3101/18/569 2935/12/665
f 2981/46/459 2985/88/460 2941/131/319
f 2985/88/677 2986/91/689 2941/131/579
f 2941/131/461 2917/35/462 2981/46/612
f 2982/49/325 2973/133/326 2989/47/327
f 2973/133/328 2976/134/329 2989/47/330
f 2929/1/78 2925/22/78 2974/51/183
f 2925/22/78 2924/19/184 2974/51/183
f 2924/19/184 2943/70/464 2958/50/57
f 2925/22/331 2933/86/332 2978/85/333
f 2978/85/720 2956/52/721 2925/22/336
f 2956/52/337 2944/20/338 2924/19/339
f 2996/55/340 2997/115/341 2971/53/342
f 2997/115/343 3001/37/344 3000/135/345
f 2971/53/346 2997/115/347 3000/135/348
f 2965/136/349 2947/62/350 2964/61/465
f 2947/62/352 2993/123/353 2991/63/354
f 2924/19/355 2937/30/356 2952/64/466
f 2952/64/358 2936/5/356 2920/31/359
f 2992/105/467 2993/123/468 2954/103/362
f 2954/103/363 2953/137/361 2951/104/364
f 2948/106/365 2936/138/120 2952/107/366
f 2858/106/367 2903/123/368 2857/62/369
f 2947/62/370 2949/139/371 2948/106/372
f 2949/139/373 2950/140/164 2948/106/469
f 2948/106/367 2993/123/368 2947/62/369
f 3012/42/175 3036/124/176 2851/57/471
f 2999/113/375 3001/37/376 2978/111/377
f 2911/37/378 2866/108/379 2888/111/380
f 2896/91/192 2852/90/193 3013/125/507
f 2955/36/381 2957/141/129 2956/108/382
f 2955/36/37 3001/37/195 2995/38/39
f 2988/118/384 2989/47/385 2958/116/386
f 2989/47/387 2976/134/388 2974/142/389
f 2976/134/390 2977/143/391 2974/142/392
f 2974/142/393 2958/116/394 2989/47/395
f 2981/121/396 2983/48/397 2989/47/398
f 2989/47/399 2987/144/472 2981/121/401
f 2987/144/473 2984/119/403 2981/121/404
f 2920/31/143 2942/90/405 2984/89/141
f 2987/94/406 2990/32/405 2920/31/407
f 2943/70/408 2924/19/409 2959/69/476
f 2924/19/727 2990/32/412 2988/93/477
f 2923/65/709 2966/76/728 2964/74/78
f 2964/74/78 2991/97/189 2923/65/709
f 2937/30/729 2924/19/59 2951/28/147
f 2924/19/59 2994/66/189 2951/28/147
f 2946/57/414 2945/124/603 2995/100/639
f 2915/80/649 2918/56/417 2972/78/548
f 2918/56/648 2998/58/416 2996/99/420
f 2918/56/421 2915/80/479 2971/79/423
f 2918/56/424 2971/79/540 3000/102/541
f 3007/128/237 3050/129/238 3058/126/239
f 3138/44/240 3143/126/241 3135/129/242
f 3004/26/4 3003/25/243 3038/6/480
f 3003/25/245 3027/4/481 3038/6/482
f 3089/9/247 3069/84/580 3026/7/564
f 3069/84/250 3070/23/251 3026/7/581
f 3007/130/8 3058/11/653 3009/10/8
f 3058/11/653 3031/16/253 2845/12/10
f 3007/130/12 3009/10/254 3050/15/255
f 3009/10/256 3023/13/257 3050/15/258
f 3033/90/259 3011/31/582 3010/125/483
f 2963/44/240 2968/126/241 2960/129/242
f 3036/124/265 3012/42/266 3045/21/267
f 3012/42/268 3016/19/269 3045/21/270
f 2921/42/216 2946/57/484 2922/18/218
f 3056/76/485 3015/65/499 3014/122/661
f 2840/75/434 2834/122/435 2839/132/436
f 2986/91/262 3101/125/431 2941/131/264
f 2948/106/163 2954/103/486 2993/123/165
f 3037/27/281 3055/73/282 3019/132/283
f 3055/73/284 3020/75/172 3019/132/590
f 3019/132/286 3003/25/287 3037/27/288
f 3008/35/289 3022/24/174 3072/33/290
f 3022/24/584 3065/2/35 3063/83/292
f 3072/33/293 3022/24/294 3063/83/295
f 3015/65/296 3052/72/617 3014/122/717
f 2932/14/159 2838/122/585 2962/72/578
f 3052/72/41 3015/65/299 3051/40/300
f 3015/65/301 3016/19/302 3051/40/303
f 2929/1/730 2926/3/437 2925/22/24
f 2921/42/222 2945/124/176 2946/57/637
f 3099/31/454 3112/4/455 3098/125/167
f 3012/42/307 3059/17/308 3057/41/456
f 3057/41/457 3030/39/311 3016/19/312
f 3059/17/489 3012/42/731 3013/18/315
f 3109/14/296 3018/122/488 3137/72/450
f 3071/46/490 3075/88/460 3032/131/319
f 3075/88/646 3076/91/321 3032/131/322
f 3032/131/461 3008/35/493 3071/46/494
f 3072/49/325 3063/133/326 3079/47/327
f 3063/133/328 3066/134/329 3079/47/330
f 3021/1/78 3017/22/78 3064/51/58
f 3017/22/78 3016/19/184 3064/51/58
f 3016/19/184 3034/70/57 3048/50/211
f 3017/22/331 3025/86/332 3068/85/495
f 3068/85/334 3046/52/335 3017/22/336
f 3046/52/337 3035/20/722 3016/19/723
f 3086/55/340 3087/115/341 3061/53/342
f 3087/115/343 3091/37/344 3090/135/345
f 3061/53/346 3087/115/347 3090/135/348
f 3055/136/349 3037/62/350 3054/61/351
f 3037/62/352 3083/123/353 3081/63/354
f 3016/19/355 3029/30/356 3042/64/357
f 3042/64/586 3028/5/356 3011/31/359
f 3082/105/467 3083/123/468 3044/103/362
f 3044/103/363 3043/137/361 3041/104/364
f 3038/106/365 3028/138/120 3042/107/366
f 3011/31/454 3027/4/455 3010/125/167
f 3037/62/370 3039/139/371 3038/106/372
f 3039/139/373 3040/140/164 3038/106/374
f 2880/43/49 2871/45/51 2877/110/271
f 3024/14/497 3023/13/159 3014/122/160
f 3089/113/375 3091/37/498 3068/111/377
f 3106/75/434 3018/122/435 3022/132/499
f 3145/43/49 3138/44/50 3136/45/51
f 3045/36/381 3047/141/129 3046/108/382
f 2970/43/49 2963/44/50 2961/45/51
f 3078/118/384 3079/47/385 3048/116/386
f 3079/47/387 3066/134/388 3064/142/389
f 3066/134/390 3067/143/391 3064/142/392
f 3064/142/393 3048/116/394 3079/47/395
f 3071/121/396 3073/48/397 3079/47/398
f 3079/47/399 3077/144/400 3071/121/401
f 3077/144/500 3074/119/403 3071/121/404
f 3011/31/521 3033/90/405 3074/89/141
f 3077/94/406 3080/32/405 3011/31/501
f 3034/70/408 3016/19/409 3049/69/732
f 3016/19/411 3080/32/502 3078/93/413
f 3015/65/212 3056/76/78 3054/74/78
f 3054/74/78 3081/97/78 3015/65/212
f 3029/30/57 3016/19/183 3041/28/59
f 3016/19/183 3084/66/189 3041/28/59
f 2851/57/503 3036/124/603 3085/100/639
f 3006/80/416 2829/56/547 3062/78/418
f 2829/56/478 3088/58/416 3086/99/420
f 2829/56/421 3006/80/479 3061/79/423
f 2829/56/533 3061/79/425 3090/102/426
f 3096/128/237 3135/129/238 3143/126/239
f 3001/37/378 2956/108/379 2978/111/380
f 3093/26/4 3008/25/243 3123/6/480
f 3008/25/245 3112/4/481 3123/6/482
f 3174/9/247 3154/84/543 3111/7/249
f 3154/84/250 3155/23/161 3111/7/252
f 3096/130/8 3143/11/8 2829/10/8
f 3143/11/224 3116/16/607 2935/12/162
f 3096/130/12 2829/10/254 3135/15/429
f 2829/10/256 3026/13/12 3135/15/430
f 3118/90/259 3099/31/260 3098/125/483
f 3076/91/262 3010/125/263 3032/131/264
f 3121/124/265 3100/42/266 3130/21/267
f 3100/42/268 3103/19/269 3130/21/270
f 3012/42/216 2851/57/484 3013/18/615
f 3141/76/733 3102/65/273 3018/122/734
f 2928/75/434 2838/122/435 2927/132/436
f 2841/1/278 2838/3/279 2837/22/24
f 3138/44/227 3145/43/228 3143/126/229
f 3122/27/281 3140/73/282 3022/132/283
f 3140/73/735 3106/75/172 3022/132/590
f 3022/132/286 3008/25/287 3122/27/288
f 3097/35/289 3108/24/441 3157/33/442
f 3108/24/443 3150/2/293 3148/83/444
f 3157/33/445 3108/24/505 3148/83/506
f 3102/65/296 3137/72/617 3018/122/447
f 3024/14/448 3014/122/449 3052/72/450
f 3137/72/41 3102/65/299 3136/40/300
f 3102/65/301 3103/19/302 3136/40/303
f 2837/22/531 2890/23/305 2844/86/44
f 2986/91/192 2942/90/193 3101/125/194
f 2920/31/454 2935/4/455 3101/125/167
f 3100/42/307 3144/17/311 3142/41/456
f 3142/41/457 3115/39/308 3103/19/312
f 3144/17/489 3100/42/314 3101/18/538
f 2849/16/664 2833/18/569 2850/12/316
f 3156/46/459 3160/88/318 3117/131/319
f 3160/88/320 3161/91/736 3117/131/579
f 3117/131/509 3097/35/462 3156/46/463
f 3157/49/325 3148/133/326 3164/47/327
f 3148/133/510 3151/134/329 3164/47/330
f 3107/1/78 3104/22/78 3149/51/79
f 3104/22/78 3103/19/232 3149/51/79
f 3103/19/232 3119/70/570 3133/50/57
f 3104/22/331 3110/86/332 3153/85/495
f 3153/85/635 3131/52/335 3104/22/336
f 3131/52/337 3120/20/338 3103/19/339
f 3171/55/340 3172/115/341 3146/53/342
f 3172/115/343 3176/37/344 3175/135/345
f 3146/53/346 3172/115/347 3175/135/348
f 3140/136/349 3122/62/350 3139/61/351
f 3122/62/352 3168/123/353 3166/63/354
f 3103/19/355 3114/30/356 3127/64/357
f 3127/64/358 3113/5/356 3099/31/359
f 3167/105/467 3168/123/468 3129/103/362
f 3129/103/363 3128/137/361 3126/104/364
f 3123/106/365 3113/138/120 3127/107/366
f 3038/106/367 3083/123/368 3037/62/369
f 3122/62/370 3124/139/371 3123/106/372
f 3124/139/373 3125/140/164 3123/106/469
f 2970/43/49 2961/45/51 2967/110/271
f 2928/75/562 2966/76/199 2838/122/716
f 3174/113/375 3176/37/376 3153/111/377
f 3091/37/511 3046/108/379 3068/111/380
f 3176/37/121 3130/36/122 3131/108/123
f 3130/36/381 3132/141/129 3131/108/382
f 2834/122/236 2833/18/236 2838/3/236
f 3163/118/384 3164/47/385 3133/116/386
f 3164/47/387 3151/134/388 3149/142/389
f 3151/134/390 3152/143/391 3149/142/392
f 3149/142/393 3133/116/394 3164/47/395
f 3156/121/396 3158/48/397 3164/47/398
f 3164/47/399 3162/144/400 3156/121/512
f 3162/144/402 3159/119/403 3156/121/404
f 3099/31/549 3118/90/405 3159/89/141
f 3162/94/406 3165/32/405 3099/31/407
f 3119/70/408 3103/19/409 3134/69/476
f 3103/19/411 3165/32/502 3163/93/477
f 3102/65/78 3141/76/728 3139/74/78
f 3139/74/78 3166/97/78 3102/65/78
f 3114/30/729 3103/19/57 3126/28/147
f 3103/19/57 3169/66/232 3126/28/147
f 2941/57/503 3121/124/603 3170/100/639
f 3095/80/416 2917/56/547 3147/78/418
f 2917/56/478 3173/58/416 3171/99/420
f 2917/56/421 3095/80/479 3146/79/423
f 2917/56/533 3146/79/425 3175/102/426
f 3027/4/236 3003/25/236 3019/132/236
f 3014/122/236 3023/13/236 2845/12/236
f 3023/13/236 3009/10/236 2845/12/236
f 3027/4/236 3019/132/236 3014/122/236
f 3008/35/236 3032/131/236 3022/24/236
f 3032/131/236 3010/125/236 3022/24/236
f 3022/24/236 3010/125/236 3018/3/236
f 3010/125/236 3027/4/236 3014/122/236
f 3013/18/236 2851/57/236 3026/7/236
f 2851/57/236 2829/56/236 3026/7/236
f 3013/18/236 3026/7/236 3018/3/236
f 3014/122/236 2845/12/236 3013/18/236
f 2834/122/236 2838/3/236 3013/125/236
f 3112/4/236 3008/25/236 3022/132/236
f 3018/122/236 3026/13/236 2935/12/236
f 3026/13/236 2829/10/236 2935/12/236
f 3112/4/236 3022/132/236 3018/122/236
f 3097/35/236 3117/131/236 3108/24/236
f 3117/131/236 3098/125/236 3108/24/236
f 3108/24/236 3098/125/236 3105/3/236
f 3098/125/236 3112/4/236 3018/122/236
f 3101/18/236 2941/57/236 3111/7/236
f 2941/57/236 2917/56/236 3111/7/236
f 3101/18/236 3111/7/236 3105/3/236
f 3018/122/236 2935/12/236 3101/18/236
f 2955/36/131 2995/38/132 2945/114/133
f 2935/4/236 2829/25/236 2927/132/236
f 2838/122/236 2931/13/236 2940/12/236
f 2931/13/236 2919/10/236 2940/12/236
f 2935/4/236 2927/132/236 2838/122/236
f 2917/35/236 2941/131/236 2930/24/236
f 2941/131/236 3101/125/236 2930/24/236
f 2930/24/236 3101/125/236 2926/3/236
f 3101/125/236 2935/4/236 2838/122/236
f 2922/18/236 2946/57/236 2934/7/236
f 2946/57/236 2918/56/236 2934/7/236
f 2922/18/236 2934/7/236 2926/3/236
f 2838/122/236 2940/12/236 2922/18/236
f 3018/122/236 3105/3/236 3098/125/236
f 2845/4/236 3009/25/236 2839/132/236
f 2834/122/236 2842/13/236 2850/12/236
f 2842/13/236 2830/10/236 2850/12/236
f 2845/4/236 2839/132/236 2834/122/236
f 2829/35/236 2851/131/236 2927/24/236
f 2851/131/236 3013/125/236 2927/24/236
f 2927/24/236 3013/125/236 2838/3/236
f 3013/125/236 2845/4/236 2834/122/236
f 2833/18/236 2856/57/236 2931/7/236
f 2856/57/236 2919/56/236 2931/7/236
f 2833/18/236 2931/7/236 2838/3/236
f 2834/122/236 2850/12/236 2833/18/236
f 2838/122/236 2926/3/236 3101/125/236
f 3014/122/236 3018/3/236 3010/125/236
f 2918/127/236 3003/127/236 2830/127/236
o staircase
v -1.571691 1.249998 0.738280
v 0.843050 1.461536 0.738280
v 0.683689 1.480080 0.738280
v 1.032716 1.249998 0.738280
v -1.571691 1.355373 0.738280
v -1.571691 1.249998 -1.136720
v 1.032716 1.249998 -1.136720
v 0.658067 1.673074 -1.136720
v 0.667451 1.490164 -1.136720
v 0.473109 1.860517 -1.136720
v 0.843050 1.461537 -1.136720
v -1.526923 1.915240 -1.136720
v -1.571691 1.640094 -1.136720
v -1.571685 1.605049 0.696318
v -1.570766 1.811615 0.738280
v -1.519306 1.605731 0.738280
v 0.658067 1.673074 0.738280
v 0.473109 1.860516 0.738280
v -1.568610 1.917429 0.738280
v -1.567987 1.919380 -1.107960
v -1.555205 1.977030 -0.387422
v -1.562398 1.974001 0.730333
v 0.439116 1.919315 0.730333
v 0.463423 1.918743 0.716784
v 0.414885 1.979485 0.738280
v 0.465986 1.975194 0.714898
v 0.473109 2.073201 -1.102619
v 0.455260 2.045451 0.679687
v 0.473109 1.949659 -1.127699
v 0.288138 2.096150 0.738280
v 0.288138 2.096150 -1.136720
v 0.103163 2.307689 0.738280
v 0.288136 2.234876 0.710509
v 0.288136 2.268396 0.329528
v 0.133396 2.113497 0.738280
v -0.526799 2.511650 0.738280
v -1.557913 2.436409 0.738280
v -0.081231 2.500163 0.738280
v -1.506189 2.517928 0.369420
v -0.120497 2.501252 -1.136720
v 0.092664 2.495221 -1.059138
v 0.092664 2.495221 0.660717
v 0.103163 2.307689 -1.136720
v 0.232190 2.307689 0.334374
v 0.288136 2.307689 0.215935
v 0.288137 2.307689 -1.021211
v 0.248502 2.307689 -1.116840
v -1.561382 2.187984 -1.136720
v 0.122136 2.122988 -1.136720
v -1.557912 2.438923 -1.136720
v -0.589828 2.508115 -1.136720
v -1.495019 2.517632 -1.047773
v -1.557912 2.519226 -0.704554
v -1.557912 2.519226 0.206395
v -1.566116 2.057968 -0.399202
v -1.557912 2.475895 0.371770
v -1.567181 2.036816 -0.164680
v -1.567282 2.032825 0.738280
v -1.557912 2.519226 0.535942
v -1.557914 2.519226 0.452318
v -1.491116 2.517552 0.681163
v -1.567080 2.040954 -1.100904
v -1.567144 2.038513 -0.548549
v -1.561981 1.978952 -1.096809
v -1.517496 1.961739 -1.128773
v -1.518291 2.009972 -1.136720
v 0.445133 1.907017 -1.128773
v 0.467546 1.905114 -1.123426
v 0.427214 1.954302 -1.136720
v 0.288136 2.227641 -1.116841
v 0.231750 2.307689 0.710509
v 0.288136 2.307689 0.643322
v 0.288136 2.307689 0.465630
v 0.658068 1.776452 0.738280
v 0.610969 1.867506 0.738280
v 0.580312 1.871310 -0.254408
v 0.592469 1.869803 -0.002485
v 0.658067 1.861662 0.670824
v 0.658068 1.812044 -0.128425
v 0.658068 1.861663 0.226214
v 0.658069 1.837710 -0.691840
v 0.658069 1.861663 -0.535432
v 0.658069 1.861663 -0.422846
v 0.589824 1.870130 -0.697248
v 0.658068 1.861663 -1.109077
v 0.658069 1.861663 -0.854908
v 0.843049 1.673075 -1.059138
v 0.843049 1.673074 0.660717
v 0.955725 1.461537 -1.116456
v 0.966151 1.446906 -0.576625
v 1.032717 1.446905 -0.837666
v 1.032717 1.455696 -0.996858
v 1.032716 1.383328 -1.115217
v 1.032717 1.405228 -0.465412
v 0.955867 1.446905 0.084197
v 1.032717 1.403705 -0.008235
v 1.032716 1.446905 0.362877
v 1.032716 1.461536 0.698375
v -1.570879 2.508137 -3.659931
v -1.570880 2.719675 -1.245190
v -1.570880 2.738219 -1.404550
v -1.570880 2.508137 -1.055523
v -1.570879 2.613512 -3.659931
v 0.105120 2.508137 -3.659930
v 0.105119 2.508137 -1.055522
v 0.105119 2.931213 -1.430172
v 0.105119 2.748303 -1.420788
v 0.105119 3.118656 -1.615129
v 0.105119 2.719676 -1.245189
v 0.105120 3.173379 -3.615161
v 0.105120 2.898233 -3.659930
v -1.533371 2.863189 -3.659925
v -1.570879 3.069753 -3.659006
v -1.570879 2.863870 -3.607545
v -1.570880 2.931213 -1.430173
v -1.570880 3.118655 -1.615130
v -1.570879 3.175567 -3.656849
v 0.079413 3.177519 -3.656225
v -0.564652 3.235169 -3.643444
v -1.563775 3.232140 -3.650638
v -1.563777 3.177454 -1.649124
v -1.551665 3.176882 -1.624816
v -1.570880 3.237625 -1.673355
v -1.549979 3.233333 -1.622254
v 0.074638 3.331340 -1.615129
v -1.518505 3.303590 -1.632979
v 0.097055 3.207798 -1.615129
v -1.570880 3.354289 -1.800102
v 0.105119 3.354289 -1.800101
v -1.570880 3.565828 -1.985076
v -1.546056 3.493015 -1.800103
v -1.205510 3.526535 -1.800103
v -1.570880 3.371636 -1.954843
v -1.570880 3.769789 -2.615038
v -1.570879 3.694548 -3.646152
v -1.570880 3.758302 -2.169471
v -1.241168 3.776067 -3.594428
v 0.105119 3.759391 -2.208735
v 0.035771 3.753360 -1.995574
v -1.501549 3.753360 -1.995575
v 0.105119 3.565828 -1.985075
v -1.209842 3.565828 -1.856050
v -1.103974 3.565828 -1.800103
v 0.001869 3.565828 -1.800102
v 0.087350 3.565828 -1.839736
v 0.105120 3.446122 -3.649621
v 0.105119 3.381127 -1.966103
v 0.105120 3.697062 -3.646151
v 0.105119 3.766254 -2.678066
v 0.025614 3.775771 -3.583258
v -0.281178 3.777365 -3.646152
v -1.095445 3.777365 -3.646152
v -0.554123 3.316107 -3.654356
v -1.243268 3.734034 -3.646152
v -0.763753 3.294955 -3.655421
v -1.570879 3.290965 -3.655522
v -1.390016 3.777365 -3.646152
v -1.315267 3.777365 -3.646155
v -1.519824 3.775691 -3.579355
v 0.073106 3.299093 -3.655318
v -0.420626 3.296652 -3.655384
v 0.069445 3.237091 -3.650220
v 0.098017 3.219877 -3.605735
v 0.105120 3.268111 -3.606530
v 0.098015 3.165156 -1.643105
v 0.093236 3.163254 -1.620693
v 0.105119 3.212440 -1.661025
v 0.087350 3.485780 -1.800102
v -1.546056 3.565828 -1.856490
v -1.486000 3.565828 -1.800103
v -1.327167 3.565828 -1.800103
v -1.570880 3.034591 -1.430171
v -1.570880 3.125645 -1.477271
v -0.683550 3.129449 -1.507928
v -0.908735 3.127942 -1.495770
v -1.510584 3.119801 -1.430173
v -0.796162 3.070183 -1.430172
v -1.113161 3.119801 -1.430171
v -0.292544 3.095849 -1.430171
v -0.432352 3.119802 -1.430171
v -0.532988 3.119802 -1.430171
v -0.287710 3.128269 -1.498415
v 0.080410 3.119802 -1.430170
v -0.146783 3.119802 -1.430171
v 0.035771 2.931214 -1.245190
v -1.501549 2.931213 -1.245191
v 0.087006 2.719676 -1.132514
v -0.395532 2.705044 -1.122090
v -0.162196 2.705045 -1.055522
v -0.019899 2.713835 -1.055522
v 0.085898 2.641468 -1.055522
v -0.494940 2.663367 -1.055522
v -0.986218 2.705044 -1.132372
v -0.903596 2.661844 -1.055523
v -1.235321 2.705044 -1.055523
v -1.535211 2.719675 -1.055523
v 0.295282 0.692657 0.716509
v 0.330821 0.732338 0.228435
v 0.330816 0.732338 0.752061
v 0.296854 0.692657 0.092363
v -1.536482 0.692657 0.716807
v -1.557498 0.644357 0.737828
v 0.047830 0.644357 0.737615
v 0.316330 0.644357 0.642985
v 0.316903 0.590083 0.738133
v 0.213297 -0.000002 0.738280
v 0.317044 0.043477 0.738280
v 0.316251 0.644357 -1.135939
v 0.295063 0.692657 -1.114748
v -1.535573 0.692657 -1.114333
v -1.329757 0.644357 -1.135396
v -1.492705 -0.000002 -1.136720
v 0.317044 -0.000002 0.636931
v 0.317044 -0.000002 -1.136721
v 2.192042 -0.000002 0.738280
v 2.192042 -0.000002 -1.136720
v 0.317044 -0.000002 0.738280
v 1.817392 0.423074 -1.136720
v 1.826776 0.240164 -1.136720
v 1.632435 0.610516 -1.136720
v 0.361814 0.665240 -1.136720
v 0.317044 0.390094 -1.136720
v 0.317052 0.355050 0.696318
v 0.317044 0.105373 0.738280
v 2.002375 0.211536 -1.136720
v 2.115050 0.211536 -1.116456
v 2.002373 0.423075 -1.059138
v 2.002374 0.211536 0.738280
v 2.125475 0.196905 -0.576625
v 2.192043 0.196905 -0.837666
v 2.192043 0.205696 -0.996858
v 2.192042 0.133328 -1.115218
v 2.192043 0.155228 -0.465413
v 2.115193 0.196905 0.084197
v 2.192043 0.153706 -0.008235
v 2.192042 0.196906 0.362877
v 2.192042 0.211536 0.698375
v 1.843015 0.230080 0.738280
v 1.817392 0.423074 0.738280
v 2.002373 0.423075 0.660716
v 0.369431 0.355731 0.738280
v 1.632435 0.610516 0.738280
v 1.817393 0.526452 0.738280
v 1.817392 0.562044 -0.128426
v 1.817394 0.587710 -0.691841
v 1.817394 0.611662 -0.535432
v 1.817393 0.611663 -1.109077
v 1.817394 0.611663 -0.854909
v 1.749149 0.620130 -0.697249
v 1.739636 0.621310 -0.254408
v 1.817394 0.611663 -0.422847
v 1.751794 0.619803 -0.002485
v 1.817392 0.611662 0.670824
v 1.817393 0.611663 0.226213
v 1.770293 0.617506 0.738280
v 0.320126 0.667429 0.738280
v 1.598440 0.669315 0.730333
v 1.622749 0.668743 0.716783
v 1.626871 0.655114 -1.123427
v 1.604459 0.657016 -1.128773
v 1.586539 0.704301 -1.136720
v 1.632435 0.699659 -1.127699
v 1.447463 0.846150 -1.136720
v 1.632435 0.823201 -1.102620
v 1.625311 0.725194 0.714897
v 1.614586 0.795451 0.679686
v 1.447463 0.846150 0.738280
v 1.574209 0.729485 0.738280
v 0.330823 1.186409 0.738280
v 1.292722 0.863497 0.738280
v 0.321453 0.782826 0.738280
v 0.326337 0.724001 0.730333
v 0.321555 0.786816 -0.164681
v 0.333532 0.727030 -0.387422
v 0.322619 0.807968 -0.399202
v 0.321592 0.788513 -0.548549
v 0.326755 0.728952 -1.096809
v 0.320750 0.669380 -1.107961
v 0.317969 0.561615 0.738280
v 0.371240 0.711738 -1.128773
v 0.321656 0.790954 -1.100905
v 0.327354 0.937984 -1.136720
v 0.370445 0.759972 -1.136720
v 1.281461 0.872989 -1.136720
v 1.262489 1.057689 -1.136720
v 1.391515 1.057689 0.334374
v 1.262489 1.057689 0.738280
v 1.447462 1.057689 0.215935
v 1.447463 1.057689 -1.021211
v 1.407828 1.057689 -1.116841
v 1.038829 1.251252 -1.136720
v 1.251990 1.245221 -1.059138
v 0.330823 1.188923 -1.136720
v 0.569498 1.258115 -1.136720
v 0.393718 1.267632 -1.047773
v 0.330824 1.269226 -0.704555
v 0.330823 1.269226 0.206395
v 0.330823 1.225895 0.371770
v 0.330823 1.269226 0.535942
v 0.330821 1.269226 0.452318
v 0.382547 1.267928 0.369420
v 0.397621 1.267552 0.681163
v 0.632527 1.261650 0.738280
v 1.078094 1.250163 0.738280
v 1.251989 1.245221 0.660717
v 1.447462 0.977641 -1.116841
v 1.447462 1.018396 0.329527
v 1.447462 0.984876 0.710509
v 1.447462 1.057689 0.643321
v 1.447462 1.057689 0.465630
v 1.391074 1.057689 0.710509
v -0.990976 -0.000002 0.665666
v -1.557955 -0.000002 -0.924361
v -1.557956 -0.000002 0.738280
v -1.557956 0.060382 -1.136720
v -1.557669 0.579913 -1.136433
v -1.556824 0.644357 -0.954128
v -1.296981 -0.000002 0.738279
v -1.007150 0.069945 0.738280
v -0.722035 -0.000002 0.738280
v -1.571737 0.732338 0.461046
v -1.571731 0.732338 -1.150496
v 0.221879 0.732338 -1.150496
v -1.571735 1.218746 0.287529
v -1.571727 1.201029 -1.150496
v -1.247376 1.222764 -1.150496
v -1.342746 1.267644 -1.150496
v -1.431296 1.267644 -1.150496
v -1.571734 1.267644 -1.031972
v -1.243442 1.267644 -1.079011
v -1.508871 1.267644 0.271593
v -1.571731 1.267644 -0.208266
v -0.444799 1.267645 0.752055
v -1.488643 1.267645 0.605278
v -1.571732 1.207744 0.752055
v -1.110864 1.267645 0.752055
v -1.371542 0.732337 0.752056
v -1.571735 0.775579 0.752055
v -0.172357 1.220483 0.752055
v 0.118643 1.267645 0.752055
v -0.042132 1.267645 0.752055
v -0.184542 1.267645 0.676653
v 0.250866 1.267644 -0.924653
v 0.330821 1.267644 -0.440272
v 0.330821 1.267645 0.550865
v 0.264334 1.267645 0.669225
v 0.330816 1.227490 0.752062
v 0.330821 0.758628 0.082219
v 0.330821 0.732338 -0.036861
v 0.330820 0.785645 -1.150496
v 0.330822 0.732338 -0.874153
v 0.330821 1.083920 -1.150496
v 0.330821 1.218184 -1.053065
v 0.235519 1.222098 -1.150496
v 0.149898 1.267644 -1.066450
v -0.079977 1.267644 -1.150496
v -1.010200 1.267644 -1.150496
v 0.069970 1.381462 -3.614925
v -0.357897 1.460526 -3.662453
v 0.101138 1.460525 -3.662448
v -0.477184 1.381463 -3.617028
v 0.070232 1.381462 -1.165195
v 0.088660 1.285223 -1.137091
v 0.088473 1.285223 -3.283994
v 0.005517 1.285223 -3.643075
v 0.088928 1.177082 -3.643842
v 0.089056 0.001333 -3.505282
v 0.089056 0.087965 -3.644029
v -1.553970 1.285223 -3.642968
v -1.535392 1.381463 -3.614633
v -1.535029 1.381462 -1.166411
v -1.553494 1.285223 -1.441661
v -1.554655 0.001333 -1.223742
v -1.554654 0.001333 -3.644030
v 0.000209 0.001333 -3.644029
v 0.025399 0.001332 -1.894736
v -1.368490 0.001333 -1.136479
v 0.089056 0.001332 -1.136479
v -1.554655 0.121648 -1.136479
v -1.554403 1.156819 -1.136863
v -1.394585 1.285223 -1.137988
v 0.089056 0.001332 -1.485495
v 0.089056 0.140703 -1.873105
v 0.089056 0.001333 -2.254404
v -0.153980 1.460525 -1.118047
v -1.566731 1.460525 -1.118055
v -1.566731 1.460526 -3.516759
v -0.306093 2.429698 -1.118051
v -1.566731 2.394397 -1.118061
v -1.566731 2.437705 -1.551836
v -1.566731 2.527128 -1.424292
v -1.566731 2.527128 -1.305869
v -1.462827 2.527128 -1.118052
v -1.504065 2.527128 -1.557097
v -0.320063 2.527128 -1.202123
v -0.740729 2.527128 -1.118055
v 0.101132 2.527130 -2.625169
v -0.027540 2.527130 -1.229174
v 0.101132 2.407777 -1.118055
v 0.101132 2.527130 -1.734402
v 0.101132 1.460525 -1.385781
v 0.101132 1.546684 -1.118051
v 0.101132 2.433160 -2.989523
v 0.101132 2.527130 -3.378695
v 0.101132 2.527130 -3.163681
v 0.035031 2.527130 -2.973227
v -1.368747 2.527128 -3.555522
v -0.944117 2.527129 -3.662453
v -0.075240 2.527130 -3.662453
v 0.028519 2.527130 -3.573537
v 0.101138 2.447121 -3.662448
v -0.486077 1.512909 -3.662453
v -0.590467 1.460526 -3.662453
v -1.566731 1.566741 -3.662452
v -1.324476 1.460525 -3.662453
v -1.566731 2.161057 -3.662453
v -1.481319 2.428579 -3.662452
v -1.566731 2.436378 -3.535001
v -1.493053 2.527129 -3.420493
v -1.566731 2.527129 -3.113069
v -1.566731 2.527128 -1.869027
v 2.168354 0.381120 -1.093906
v 2.190825 0.018686 -0.913416
v 2.190825 0.018686 -1.116380
v 2.168354 0.783339 -0.935884
v 2.168354 0.545287 -1.051080
v 1.987853 0.018686 -1.116380
v 2.129390 0.507409 -1.093906
v 2.010327 0.586278 -1.093906
v 1.997143 1.484782 -1.107095
v 2.168354 0.662961 -1.093906
v 2.181535 1.484782 -1.107095
v 2.181535 1.484782 -0.922701
v 1.997143 1.484782 -0.922701
v 2.010327 0.977635 -0.935885
v 2.062004 0.853251 -0.935885
v 1.987856 0.018686 -0.913416
v 2.010327 0.747302 -0.935885
v 2.010327 0.822575 -0.967894
v -0.018037 3.060801 -1.054029
v 0.041428 3.109405 -0.954212
v 0.041428 3.109405 -1.054029
v -0.018037 3.060801 -0.954212
v 0.980553 1.839073 -1.054029
v 1.040018 1.887677 -1.054029
v 0.980553 1.839073 -0.954212
v 1.040018 1.887677 -0.954212
v -0.018037 3.626714 -1.054029
v 0.041428 3.675318 -0.954212
v 0.041428 3.675318 -1.054029
v -0.018037 3.626714 -0.954212
v 0.980553 2.404986 -1.054029
v 1.040018 2.453590 -1.054029
v 0.980553 2.404986 -0.954212
v 1.040018 2.453590 -0.954212
v 1.032054 1.800689 -1.054028
v 1.091519 1.849293 -0.954211
v 1.091519 1.849293 -1.054028
v 1.032054 1.800689 -0.954211
v 2.030644 0.578961 -1.054028
v 2.090109 0.627566 -1.054028
v 2.030644 0.578961 -0.954211
v 2.090109 0.627566 -0.954211
v 1.032054 2.366602 -1.054028
v 1.091519 2.415207 -0.954211
v 1.091519 2.415207 -1.054028
v 1.032054 2.366602 -0.954211
v 2.030644 1.144875 -1.054028
v 2.090109 1.193479 -1.054028
v 2.030644 1.144875 -0.954211
v 2.090109 1.193479 -0.954211
v 1.144113 1.579034 -1.093907
v 1.166584 1.216600 -0.913417
v 1.166584 1.216600 -1.116381
v 1.144113 1.981254 -0.935885
v 1.144113 1.743201 -1.051080
v 0.963612 1.216600 -1.116381
v 1.105149 1.705323 -1.093907
v 0.986086 1.784192 -1.093906
v 0.972902 2.682697 -1.107096
v 1.144113 1.860875 -1.093907
v 1.157294 2.682697 -1.107096
v 1.157294 2.682697 -0.922702
v 0.972902 2.682697 -0.922702
v 0.986086 2.175549 -0.935886
v 1.037763 2.051165 -0.935886
v 0.963615 1.216600 -0.913417
v 0.986086 1.945217 -0.935886
v 0.986086 2.020489 -0.967895
v 0.064074 2.737931 -1.093908
v 0.086546 2.375497 -0.913418
v 0.086546 2.375497 -1.116382
v 0.064074 3.140151 -0.935886
v 0.064074 2.902098 -1.051081
v -0.116427 2.375497 -1.116382
v 0.025111 2.864220 -1.093907
v -0.093952 2.943089 -1.093907
v -0.107136 3.841593 -1.107097
v 0.064074 3.019772 -1.093907
v 0.077255 3.841593 -1.107097
v 0.077255 3.841593 -0.922703
v -0.107136 3.841593 -0.922703
v -0.093953 3.334445 -0.935887
v -0.042276 3.210062 -0.935886
v -0.116424 2.375497 -0.913418
v -0.093953 3.104113 -0.935886
v -0.093953 3.179386 -0.967896
v 2.168353 0.381120 0.529806
v 2.190824 0.018686 0.710296
v 2.190824 0.018686 0.507332
v 2.168352 0.783340 0.687827
v 2.168352 0.545287 0.572632
v 1.987852 0.018686 0.507332
v 2.129389 0.507409 0.529806
v 2.010326 0.586278 0.529806
v 1.997142 1.484782 0.516617
v 2.168352 0.662961 0.529806
v 2.181534 1.484782 0.516617
v 2.181533 1.484782 0.701011
v 1.997142 1.484782 0.701011
v 2.010326 0.977635 0.687827
v 2.062003 0.853251 0.687827
v 1.987854 0.018686 0.710296
v 2.010326 0.747303 0.687827
v 2.010326 0.822575 0.655817
v -0.018038 3.060801 0.569683
v 0.041427 3.109405 0.669500
v 0.041427 3.109405 0.569683
v -0.018038 3.060801 0.669500
v 0.980552 1.839073 0.569683
v 1.040017 1.887678 0.569683
v 0.980552 1.839073 0.669500
v 1.040017 1.887677 0.669500
v -0.018038 3.626714 0.569683
v 0.041427 3.675318 0.669500
v 0.041427 3.675319 0.569683
v -0.018038 3.626714 0.669500
v 0.980552 2.404986 0.569683
v 1.040017 2.453591 0.569683
v 0.980552 2.404986 0.669500
v 1.040017 2.453591 0.669500
v 1.032053 1.800689 0.569684
v 1.091518 1.849293 0.669501
v 1.091518 1.849293 0.569684
v 1.032053 1.800689 0.669501
v 2.030643 0.578962 0.569684
v 2.090108 0.627566 0.569684
v 2.030643 0.578962 0.669501
v 2.090108 0.627566 0.669501
v 1.032053 2.366603 0.569684
v 1.091518 2.415207 0.669501
v 1.091518 2.415207 0.569684
v 1.032053 2.366602 0.669501
v 2.030643 1.144875 0.569684
v 2.090108 1.193479 0.569684
v 2.030643 1.144875 0.669501
v 2.090108 1.193479 0.669501
v 1.144112 1.579035 0.529805
v 1.166583 1.216600 0.710295
v 1.166583 1.216600 0.507331
v 1.144112 1.981254 0.687827
v 1.144112 1.743202 0.572631
v 0.963611 1.216600 0.507331
v 1.105148 1.705323 0.529805
v 0.986085 1.784192 0.529806
v 0.972901 2.682697 0.516616
v 1.144112 1.860875 0.529805
v 1.157293 2.682697 0.516616
v 1.157293 2.682697 0.701010
v 0.972901 2.682697 0.701010
v 0.986085 2.175549 0.687826
v 1.037762 2.051165 0.687826
v 0.963614 1.216600 0.710295
v 0.986085 1.945217 0.687826
v 0.986085 2.020489 0.655816
v 0.064073 2.737931 0.529804
v 0.086544 2.375497 0.710294
v 0.086545 2.375497 0.507330
v 0.064073 3.140151 0.687826
v 0.064073 2.902098 0.572631
v -0.116428 2.375497 0.507330
v 0.025109 2.864220 0.529804
v -0.093954 2.943089 0.529805
v -0.107137 3.841593 0.516615
v 0.064073 3.019772 0.529804
v 0.077254 3.841593 0.516616
v 0.077254 3.841593 0.701009
v -0.107137 3.841593 0.701009
v -0.093954 3.334446 0.687826
v -0.042277 3.210062 0.687826
v -0.116425 2.375497 0.710294
v -0.093954 3.104113 0.687826
v -0.093954 3.179386 0.655816
v 0.029838 4.270280 -3.508407
v -0.069978 4.347081 -3.508407
v 0.029838 4.347081 -3.508407
v -0.069978 4.270280 -3.508407
v 0.029838 4.270280 -2.127752
v 0.029838 4.347082 -2.127752
v -0.069979 4.270280 -2.127752
v -0.069979 4.347082 -2.127752
v 0.029838 4.784851 -3.508406
v -0.069979 4.861653 -3.508406
v 0.029838 4.861653 -3.508406
v -0.069979 4.784851 -3.508406
v 0.029838 4.784852 -2.127752
v 0.029838 4.861653 -2.127752
v -0.069979 4.784852 -2.127752
v -0.069979 4.861653 -2.127752
v -1.387573 4.270280 -3.508407
v -1.487389 4.347081 -3.508408
v -1.387573 4.347081 -3.508407
v -1.487389 4.270280 -3.508408
v -1.387573 4.270280 -2.127753
v -1.387573 4.347081 -2.127753
v -1.487390 4.270280 -2.127753
v -1.487390 4.347081 -2.127753
v -1.387573 4.784851 -3.508407
v -1.487390 4.861653 -3.508408
v -1.387573 4.861653 -3.508407
v -1.487390 4.784851 -3.508408
v -1.387573 4.784852 -2.127753
v -1.387573 4.861653 -2.127753
v -1.487390 4.784852 -2.127753
v -1.487390 4.861653 -2.127753
v -1.361925 2.753051 -1.093907
v -1.339453 2.349787 -0.913418
v -1.339454 2.349787 -1.116382
v -1.361925 3.200582 -0.935886
v -1.361925 2.935712 -1.051081
v -1.542426 2.349787 -1.116382
v -1.400889 2.893566 -1.093907
v -1.519952 2.981320 -1.093907
v -1.533136 3.981045 -1.107097
v -1.361925 3.066642 -1.093907
v -1.348744 3.981045 -1.107096
v -1.348744 3.981045 -0.922702
v -1.533135 3.981045 -0.922702
v -1.519952 3.416765 -0.935886
v -1.468275 3.278369 -0.935886
v -1.542423 2.349787 -0.913418
v -1.519952 3.160485 -0.935886
v -1.519952 3.244237 -0.967896
v -1.361925 2.753051 0.545596
v -1.339454 2.349787 0.726086
v -1.339454 2.349787 0.523121
v -1.361925 3.200582 0.703617
v -1.361925 2.935712 0.588422
v -1.542426 2.349787 0.523122
v -1.400888 2.893566 0.545596
v -1.519952 2.981321 0.545596
v -1.533136 3.981045 0.532407
v -1.361925 3.066642 0.545596
v -1.348744 3.981045 0.532407
v -1.348744 3.981045 0.716801
v -1.533135 3.981045 0.716801
v -1.519952 3.416765 0.703617
v -1.468275 3.278369 0.703617
v -1.542423 2.349787 0.726086
v -1.519952 3.160485 0.703617
v -1.519952 3.244237 0.671607
v -1.361925 3.903809 -3.602031
v -1.339453 3.538070 -3.421541
v -1.339453 3.538070 -3.624506
v -1.361925 4.309695 -3.444010
v -1.361925 4.069473 -3.559205
v -1.542425 3.538070 -3.624505
v -1.400888 4.031249 -3.602031
v -1.519951 4.110837 -3.602031
v -1.533135 5.017532 -3.615221
v -1.361925 4.188219 -3.602031
v -1.348744 5.017532 -3.615220
v -1.348744 5.017532 -3.430826
v -1.533135 5.017532 -3.430826
v -1.519951 4.505762 -3.444010
v -1.468274 4.380244 -3.444010
v -1.542423 3.538070 -3.421541
v -1.519951 4.273329 -3.444010
v -1.519951 4.349288 -3.476020
v -1.361926 3.903810 -2.193579
v -1.339454 3.538070 -2.013089
v -1.339454 3.538070 -2.216053
v -1.361925 4.309695 -2.035558
v -1.361926 4.069473 -2.150753
v -1.542426 3.538070 -2.216053
v -1.400889 4.031249 -2.193579
v -1.519952 4.110837 -2.193579
v -1.533136 5.017533 -2.206768
v -1.361926 4.188220 -2.193579
v -1.348744 5.017533 -2.206768
v -1.348745 5.017533 -2.022374
v -1.533136 5.017533 -2.022374
v -1.519952 4.505762 -2.035558
v -1.468276 4.380244 -2.035558
v -1.542424 3.538070 -2.013089
v -1.519952 4.273330 -2.035558
v -1.519952 4.349288 -2.067567
v 0.059190 3.903809 -3.602030
v 0.081661 3.538070 -3.421540
v 0.081661 3.538070 -3.624505
v 0.059189 4.309695 -3.444009
v 0.059190 4.069473 -3.559204
v -0.121311 3.538070 -3.624504
v 0.020226 4.031249 -3.602030
v -0.098837 4.110837 -3.602030
v -0.112021 5.017532 -3.615219
v 0.059190 4.188219 -3.602030
v 0.072371 5.017532 -3.615219
v 0.072370 5.017532 -3.430825
v -0.112021 5.017532 -3.430825
v -0.098837 4.505761 -3.444009
v -0.047160 4.380244 -3.444009
v -0.121309 3.538070 -3.421540
v -0.098837 4.273329 -3.444009
v -0.098837 4.349288 -3.476019
v 0.059189 3.903810 -2.193578
v 0.081660 3.538070 -2.013088
v 0.081660 3.538070 -2.216052
v 0.059189 4.309696 -2.035557
v 0.059189 4.069473 -2.150752
v -0.121312 3.538070 -2.216052
v 0.020225 4.031249 -2.193578
v -0.098838 4.110837 -2.193578
v -0.112022 5.017533 -2.206767
v 0.059189 4.188219 -2.193578
v 0.072370 5.017533 -2.206767
v 0.072370 5.017533 -2.022373
v -0.112022 5.017533 -2.022373
v -0.098838 4.505762 -2.035557
v -0.047161 4.380244 -2.035557
v -0.121310 3.538070 -2.013088
v -0.098838 4.273330 -2.035557
v -0.098838 4.349288 -2.067566
v 0.029839 4.281051 -2.112238
v -0.069978 4.331810 -2.054602
v 0.029839 4.331810 -2.054602
v -0.069978 4.281051 -2.112238
v 0.029839 3.096904 -1.069359
v 0.029839 3.147664 -1.011723
v -0.069978 3.096904 -1.069359
v -0.069978 3.147664 -1.011723
v 0.029838 4.831772 -2.112238
v -0.069979 4.882532 -2.054602
v 0.029838 4.882532 -2.054602
v -0.069979 4.831772 -2.112238
v 0.029837 3.647625 -1.069359
v 0.029837 3.698385 -1.011723
v -0.069979 3.647625 -1.069359
v -0.069979 3.698385 -1.011723
v -1.387584 4.281050 -2.112239
v -1.487401 4.331810 -2.054603
v -1.387584 4.331810 -2.054603
v -1.487401 4.281050 -2.112239
v -1.387584 3.096904 -1.069360
v -1.387584 3.147664 -1.011724
v -1.487401 3.096904 -1.069360
v -1.487401 3.147664 -1.011724
v -1.387585 4.831771 -2.112239
v -1.487402 4.882532 -2.054603
v -1.387585 4.882532 -2.054603
v -1.487402 4.831771 -2.112239
v -1.387585 3.647625 -1.069360
v -1.387585 3.698385 -1.011724
v -1.487402 3.647625 -1.069360
v -1.487402 3.698385 -1.011724
v -1.394351 3.126729 -1.002580
v -1.494168 3.203530 -1.002580
v -1.394351 3.203530 -1.002580
v -1.494168 3.126729 -1.002580
v -1.394351 3.126729 0.577504
v -1.394351 3.203530 0.577504
v -1.494168 3.126729 0.577504
v -1.494168 3.203530 0.577504
v -1.394351 3.549139 -1.002580
v -1.494168 3.625940 -1.002581
v -1.394351 3.625940 -1.002580
v -1.494168 3.549139 -1.002581
v -1.394351 3.549139 0.577504
v -1.394351 3.625940 0.577504
v -1.494168 3.549139 0.577504
v -1.494168 3.625940 0.577504
v -1.495108 3.126729 0.577628
v -1.495108 3.203530 0.677445
v -1.495108 3.203530 0.577628
v -1.495108 3.126729 0.677445
v 0.011090 3.126729 0.577628
v 0.011090 3.203530 0.577628
v 0.011090 3.126728 0.677445
v 0.011090 3.203530 0.677445
v -1.495108 3.549140 0.577628
v -1.495108 3.625941 0.677445
v -1.495108 3.625942 0.577628
v -1.495108 3.549140 0.677445
v 0.011090 3.549140 0.577628
v 0.011090 3.625941 0.577628
v 0.011090 3.549139 0.677445
v 0.011090 3.625941 0.677445
vn -0.0000 -0.0000 1.0000
vn -0.0000 -1.0000 -0.0000
vn -1.0000 -0.0000 -0.0000
vn -0.0000 -0.0000 -1.0000
vn -1.0000 -0.0004 -0.0003
vn -1.0000 -0.0011 0.0001
vn -1.0000 0.0070 0.0015
vn -1.0000 0.0045 -0.0004
vn -1.0000 0.0073 -0.0053
vn -0.6165 -0.1541 0.7721
vn -0.6210 0.1299 0.7730
vn 0.0045 0.1392 0.9903
vn 0.0034 0.1356 0.9908
vn 0.0038 0.1364 0.9906
vn -0.9998 0.0184 -0.0004
vn -0.9998 0.0204 -0.0003
vn -0.9760 0.2177 -0.0001
vn -0.9951 0.0985 0.0098
vn -0.9941 0.1083 -0.0061
vn 0.0038 0.1387 0.9903
vn 0.4583 0.3739 0.8063
vn 0.4900 0.0063 0.8717
vn 0.4819 0.0251 0.8759
vn 0.4414 0.0354 0.8966
vn -0.0041 -0.1339 0.9910
vn -0.0029 -0.1325 0.9912
vn -0.0036 -0.1324 0.9912
vn 0.4212 0.0463 0.9058
vn 0.4025 0.0552 0.9137
vn 0.9978 0.0658 0.0031
vn 0.9793 0.2019 -0.0144
vn 0.9984 0.0557 0.0069
vn 0.9956 -0.0899 0.0271
vn 0.9984 0.0556 0.0069
vn 0.9986 0.0519 0.0081
vn 0.4146 0.4575 0.7866
vn 0.4152 0.4584 0.7858
vn 0.4112 0.4516 0.7918
vn 0.9969 -0.0787 0.0034
vn 0.9999 -0.0072 -0.0139
vn 0.9968 -0.0799 0.0039
vn 0.4041 0.4390 0.8025
vn 0.4036 0.4401 0.8021
vn 0.3591 0.9332 -0.0135
vn 0.2205 0.9754 0.0044
vn 0.2053 0.9787 0.0084
vn 0.1950 0.9807 0.0120
vn 0.0462 0.9988 0.0185
vn 1.0000 -0.0000 -0.0000
vn 0.2222 0.1957 0.9552
vn 0.2162 0.1835 0.9589
vn 0.2187 0.1902 0.9571
vn 0.0257 0.9983 -0.0513
vn 0.0155 0.9999 -0.0057
vn 0.0067 1.0000 0.0037
vn 0.0139 0.9999 0.0017
vn 0.0283 0.9996 -0.0000
vn 0.0284 0.9996 0.0062
vn 0.0346 0.9994 -0.0025
vn 0.0284 0.9996 -0.0000
vn 0.3871 0.3708 0.8442
vn 0.9984 0.0559 -0.0000
vn 0.3262 0.3769 -0.8669
vn -0.0000 1.0000 -0.0000
vn 0.1171 0.1140 -0.9866
vn 0.1580 0.1217 -0.9799
vn 0.1356 0.1176 -0.9838
vn 0.0134 0.9930 0.1176
vn 0.0224 0.9926 0.1197
vn 0.0146 0.9990 0.0418
vn -0.0548 0.7667 -0.6397
vn 0.0122 0.9999 -0.0031
vn 0.0115 0.9999 -0.0048
vn -0.6970 0.7050 -0.1310
vn 0.0122 0.9999 -0.0007
vn -1.0000 -0.0005 0.0036
vn -0.9999 0.0169 0.0007
vn -1.0000 0.0003 0.0004
vn -0.9999 0.0131 -0.0003
vn -0.9999 0.0148 -0.0031
vn -0.9999 0.0142 0.0003
vn -0.9997 0.0253 0.0015
vn -0.9999 0.0138 -0.0026
vn -0.9998 0.0205 0.0002
vn -0.9997 0.0233 -0.0007
vn -0.9997 0.0260 0.0023
vn -1.0000 -0.0009 -0.0035
vn -1.0000 0.0023 0.0016
vn -1.0000 -0.0001 -0.0000
vn -0.5934 0.7089 -0.3813
vn -0.6124 0.7648 0.2004
vn 0.0251 0.9997 -0.0000
vn -0.6249 0.7226 0.2957
vn 0.0061 1.0000 0.0009
vn -0.0437 0.5989 0.7997
vn -0.9964 -0.0775 -0.0337
vn -0.9916 -0.1291 -0.0059
vn -0.9911 -0.1330 -0.0040
vn -0.0036 -0.1337 0.9910
vn -0.9900 -0.1402 -0.0161
vn -0.9916 -0.1284 -0.0129
vn -0.9905 -0.1367 0.0168
vn -0.9903 -0.1388 -0.0079
vn -0.9853 -0.1707 0.0017
vn -0.9769 -0.2132 0.0143
vn -0.9988 0.0494 0.0053
vn -0.9988 0.0481 0.0002
vn -0.9987 0.0519 0.0001
vn -0.9994 0.0359 -0.0010
vn -0.9910 -0.1338 -0.0056
vn -0.9921 -0.1240 0.0179
vn -0.9912 -0.1307 0.0195
vn -0.9923 -0.1239 0.0074
vn -0.9970 -0.0729 0.0277
vn -0.9915 -0.1304 0.0048
vn -0.9783 -0.2071 -0.0066
vn -0.9860 -0.1666 0.0005
vn -0.9903 -0.1387 0.0083
vn -0.6103 -0.1033 -0.7854
vn -0.6056 -0.0997 -0.7895
vn -0.6229 -0.1178 -0.7734
vn -0.5023 0.2430 -0.8298
vn -0.5262 0.2242 -0.8202
vn -0.5020 0.2436 -0.8298
vn -0.5475 0.2067 -0.8109
vn -0.5472 0.2070 -0.8110
vn -0.5263 0.2242 -0.8202
vn -0.6432 -0.1390 -0.7530
vn -0.6367 -0.1210 -0.7616
vn -0.6391 -0.1339 -0.7574
vn -0.0057 -0.1627 -0.9867
vn -0.0047 -0.1654 -0.9862
vn -0.0035 -0.1668 -0.9860
vn 0.0049 0.1669 -0.9860
vn 0.0042 0.1716 -0.9852
vn 0.0045 0.1682 -0.9857
vn 0.0048 0.1703 -0.9854
vn 0.2454 0.3049 -0.9202
vn 0.2188 -0.0850 -0.9721
vn 0.1952 -0.1035 -0.9753
vn 0.2271 -0.0778 -0.9708
vn -0.0046 -0.1645 -0.9864
vn 0.1987 0.1957 -0.9603
vn 0.2027 0.1969 -0.9592
vn 0.2070 0.2024 -0.9572
vn 0.1709 -0.1167 -0.9783
vn 0.1817 -0.1148 -0.9766
vn 0.9942 0.1078 0.0057
vn 0.9892 0.1467 0.0006
vn 0.9893 0.1460 0.0010
vn 0.9891 0.1476 0.0003
vn 0.9831 0.1825 -0.0119
vn 0.9880 -0.1531 0.0186
vn 0.9968 -0.0800 0.0039
vn 0.9966 -0.0817 0.0047
vn -0.6472 -0.1567 -0.7461
vn -0.6351 -0.1591 -0.7559
vn -0.6464 -0.1620 -0.7456
vn 0.8401 0.4160 -0.3482
vn 0.2722 0.1482 -0.9508
vn 0.2897 0.1437 -0.9463
vn 0.5691 0.7771 0.2688
vn 0.5454 0.8053 -0.2325
vn 0.6588 0.5102 0.5529
vn 0.2096 0.1665 0.9635
vn 0.2071 0.1619 0.9648
vn 0.2027 0.1968 -0.9593
vn -0.5650 0.0919 -0.8200
vn -0.0503 0.9914 -0.1210
vn -0.0937 0.9956 0.0011
vn -0.0989 0.9950 0.0123
vn -0.1093 0.9940 0.0018
vn -0.0290 0.9996 0.0013
vn -0.0405 0.9991 0.0085
vn -0.0864 0.9963 -0.0050
vn -0.0108 0.9999 0.0101
vn -0.0017 0.9999 0.0123
vn -0.0043 0.9976 0.0687
vn 0.1231 0.9924 -0.0000
vn 0.7682 0.3974 0.5019
vn 0.5182 0.8470 -0.1185
vn 0.4344 0.8882 0.1497
vn 0.6322 0.7744 -0.0259
vn 0.1336 0.9910 -0.0034
vn 0.1271 0.9919 0.0015
vn 0.0201 0.9996 -0.0172
vn 0.0076 0.9998 -0.0180
vn 0.0085 0.9998 -0.0169
vn 0.0012 0.9998 -0.0208
vn 0.4168 0.8994 0.1321
vn -0.0644 0.9979 -0.0076
vn -0.0639 0.9979 0.0079
vn -0.0685 0.9976 0.0023
vn 0.4339 0.8906 -0.1364
vn 0.1454 0.1435 -0.9789
vn 0.3663 0.3203 0.8736
vn 0.3664 0.3204 -0.8736
vn 0.1748 0.1568 -0.9720
vn 0.1748 0.1567 -0.9720
vn 0.0487 0.9985 0.0243
vn -0.0099 0.9984 0.0551
vn 0.1285 0.9917 -0.0036
vn 0.1695 0.9847 0.0408
vn 0.1128 0.9936 -0.0004
vn 0.0593 0.9982 0.0077
vn 0.1173 0.9925 0.0355
vn 0.0595 0.9979 0.0241
vn 0.0563 0.9970 0.0527
vn -0.0023 0.9984 0.0561
vn 0.6585 0.6421 -0.3926
vn 0.4915 0.8708 0.0151
vn 0.5033 0.8641 0.0052
vn 0.5087 0.8609 0.0059
vn 0.5106 0.8598 0.0056
vn 0.5088 0.8609 0.0059
vn 0.5309 0.8474 0.0039
vn 0.3999 0.9109 0.1020
vn 0.3867 0.9160 -0.1066
vn 0.1332 0.9905 -0.0346
vn 0.1720 0.9844 -0.0360
vn 0.0241 0.9994 -0.0268
vn 0.2025 0.1815 0.9623
vn -0.0294 0.9993 -0.0209
vn 0.0240 0.9994 -0.0268
vn 0.0123 0.9996 -0.0268
vn 0.1366 0.9906 -0.0080
vn 0.1359 0.9907 0.0013
vn 0.1233 0.9924 0.0005
vn 0.1749 0.1568 -0.9720
vn 0.0003 -0.0004 -1.0000
vn -0.0001 -0.0009 -1.0000
vn -0.0013 0.0070 -1.0000
vn 0.0002 0.0045 -1.0000
vn 0.0057 0.0077 -1.0000
vn -0.8055 -0.1437 -0.5749
vn -0.8063 0.1211 -0.5790
vn -0.9922 0.1247 0.0040
vn -0.9926 0.1215 0.0031
vn -0.9925 0.1223 0.0034
vn 0.0005 0.0184 -0.9998
vn 0.0004 0.0204 -0.9998
vn 0.0001 0.2176 -0.9760
vn -0.0090 0.0984 -0.9951
vn 0.0068 0.1083 -0.9941
vn -0.9923 0.1237 0.0034
vn -0.8932 0.0056 0.4497
vn -0.8975 0.0249 0.4404
vn -0.9161 0.0348 0.3994
vn -0.8363 0.3466 0.4248
vn -0.9928 -0.1199 -0.0037
vn -0.9929 -0.1187 -0.0027
vn -0.9929 -0.1185 -0.0032
vn -0.9224 0.0416 0.3840
vn -0.9142 0.0310 0.4042
vn -0.9299 0.0507 0.3642
vn -0.0271 -0.0892 0.9956
vn -0.0062 0.0557 0.9984
vn -0.0088 0.0514 0.9986
vn -0.0029 0.0667 0.9978
vn 0.0120 0.2018 0.9793
vn -0.0050 0.0559 0.9984
vn -0.8182 0.4261 0.3859
vn -0.8177 0.4267 0.3865
vn -0.8234 0.4194 0.3822
vn -0.0038 -0.0786 0.9969
vn 0.0133 -0.0073 0.9999
vn -0.0043 -0.0799 0.9968
vn -0.8326 0.4075 0.3751
vn -0.8229 0.4201 0.3825
vn -0.8323 0.4087 0.3744
vn -0.0129 0.9810 0.1936
vn -0.0069 0.9786 0.2054
vn -0.0172 0.9987 0.0472
vn 0.0095 0.9334 0.3587
vn -0.0047 0.9750 0.2221
vn -0.0082 0.9786 0.2056
vn -0.9634 0.1772 0.2009
vn -0.9670 0.1646 0.1946
vn -0.9653 0.1711 0.1970
vn 0.0057 0.9999 0.0149
vn -0.0036 1.0000 0.0065
vn 0.0005 0.9999 0.0131
vn 0.0574 0.9980 0.0257
vn -0.0000 0.9996 0.0283
vn -0.0063 0.9996 0.0285
vn 0.0028 0.9994 0.0343
vn -0.0000 0.9996 0.0284
vn -0.8697 0.3415 0.3564
vn -0.0000 0.0559 0.9984
vn 0.8894 0.3456 0.2991
vn 0.9835 0.1096 0.1441
vn 0.9835 0.1095 0.1441
vn -0.1225 0.9924 0.0128
vn -0.1247 0.9920 0.0220
vn -0.0467 0.9988 0.0146
vn 0.6814 0.7300 -0.0522
vn 0.0035 0.9999 0.0122
vn 0.0052 0.9999 0.0116
vn 0.1462 0.7035 -0.6955
vn 0.0009 0.9999 0.0123
vn -0.0040 -0.0004 -1.0000
vn -0.0009 0.0169 -0.9999
vn -0.0004 0.0004 -1.0000
vn -0.0013 0.0257 -0.9997
vn -0.0000 0.0139 -0.9999
vn 0.0025 0.0143 -0.9999
vn 0.0007 0.0128 -0.9999
vn 0.0029 0.0138 -0.9999
vn -0.0003 0.0206 -0.9998
vn 0.0002 0.0238 -0.9997
vn -0.0028 0.0262 -0.9997
vn 0.0038 -0.0013 -1.0000
vn -0.0020 0.0022 -1.0000
vn -0.0000 -0.0001 -1.0000
vn 0.4190 0.6962 -0.5828
vn -0.2231 0.7609 -0.6093
vn -0.0000 0.9997 0.0251
vn -0.0000 0.9997 0.0256
vn -0.3273 0.7147 -0.6181
vn -0.0010 1.0000 0.0061
vn -0.8303 0.5558 -0.0406
vn 0.0332 -0.0780 -0.9964
vn 0.0064 -0.1286 -0.9917
vn 0.0034 -0.1331 -0.9911
vn -0.9928 -0.1201 -0.0032
vn 0.0180 -0.1408 -0.9899
vn 0.0142 -0.1272 -0.9918
vn -0.0142 -0.1359 -0.9906
vn 0.0093 -0.1394 -0.9902
vn -0.0023 -0.1703 -0.9854
vn -0.0127 -0.2131 -0.9769
vn -0.0002 0.0481 -0.9988
vn -0.0055 0.0497 -0.9988
vn 0.0013 0.0360 -0.9994
vn -0.0001 0.0519 -0.9987
vn 0.0020 -0.1331 -0.9911
vn -0.0200 -0.1227 -0.9922
vn -0.0217 -0.1310 -0.9911
vn -0.0080 -0.1230 -0.9924
vn -0.0268 -0.0732 -0.9970
vn -0.0044 -0.1304 -0.9915
vn 0.0045 -0.2068 -0.9784
vn -0.0002 -0.1662 -0.9861
vn -0.0098 -0.1395 -0.9902
vn 0.8571 0.2227 -0.4645
vn 0.8481 0.2058 -0.4882
vn 0.8571 0.2249 -0.4635
vn 0.8173 -0.0966 -0.5680
vn 0.8210 -0.0927 -0.5634
vn 0.8062 -0.1107 -0.5812
vn -0.0109 0.0985 -0.9951
vn 0.8396 0.1905 -0.5087
vn 0.8405 0.1917 -0.5068
vn 0.8489 0.2088 -0.4855
vn 0.9893 -0.1458 -0.0052
vn 0.9889 -0.1487 -0.0043
vn 0.9887 -0.1496 -0.0030
vn 0.7881 -0.1306 -0.6016
vn 0.7961 -0.1123 -0.5946
vn 0.7919 -0.1249 -0.5978
vn 0.9888 0.1494 0.0044
vn 0.9881 0.1540 0.0037
vn 0.9886 0.1505 0.0041
vn 0.9882 0.1529 0.0043
vn 0.9347 0.2768 0.2228
vn 0.9776 -0.0775 0.1957
vn 0.9804 -0.0956 0.1724
vn 0.9762 -0.0698 0.2054
vn 0.9891 -0.1472 -0.0041
vn 0.9680 0.1759 0.1792
vn 0.9673 0.1767 0.1821
vn 0.9654 0.1823 0.1865
vn 0.9828 -0.1049 0.1520
vn 0.9811 -0.1021 0.1641
vn 0.9800 -0.0917 0.1769
vn -0.0057 0.1079 0.9941
vn 0.0001 0.1467 0.9892
vn -0.0010 0.1459 0.9893
vn -0.0002 0.1477 0.9890
vn 0.0116 0.1826 0.9831
vn -0.0002 0.1468 0.9892
vn -0.0188 -0.1531 0.9880
vn -0.0047 -0.0800 0.9968
vn -0.0054 -0.0818 0.9966
vn 0.7817 -0.1467 -0.6061
vn 0.7908 -0.1492 -0.5936
vn 0.7814 -0.1523 -0.6052
vn 0.3837 0.4098 0.8276
vn 0.9858 0.1070 0.1292
vn 0.9858 0.1071 0.1292
vn -0.2980 0.7701 0.5640
vn 0.2583 0.7999 0.5418
vn -0.5961 0.4916 0.6348
vn -0.9703 0.1509 0.1889
vn -0.9716 0.1459 0.1861
vn -0.9663 0.1675 0.1956
vn 0.9670 0.1775 0.1827
vn 0.8484 0.0850 -0.5225
vn 0.1351 0.9896 -0.0502
vn -0.0011 0.9956 -0.0942
vn -0.0135 0.9950 -0.0986
vn -0.0013 0.9941 -0.1085
vn -0.0027 0.9996 -0.0290
vn -0.0088 0.9992 -0.0398
vn 0.0052 0.9963 -0.0863
vn -0.0113 0.9999 -0.0099
vn -0.0137 0.9999 -0.0017
vn -0.0704 0.9975 -0.0047
vn -0.0000 0.9924 0.1231
vn -0.5446 0.3853 0.7450
vn 0.1323 0.8455 0.5173
vn -0.1670 0.8857 0.4332
vn 0.0289 0.7743 0.6321
vn 0.0205 0.9998 0.0061
vn 0.0195 0.9998 0.0100
vn 0.0274 0.9996 -0.0013
vn 0.0025 0.9912 0.1324
vn 0.0031 0.9921 0.1258
vn 0.0195 0.9996 0.0205
vn -0.1475 0.8974 0.4159
vn 0.0087 0.9977 -0.0674
vn -0.0086 0.9980 -0.0632
vn -0.0013 0.9976 -0.0686
vn 0.1522 0.8885 0.4329
vn 0.9830 0.1288 0.1305
vn -0.8952 0.2934 0.3355
vn 0.8951 0.2935 0.3356
vn 0.9775 0.1409 0.1572
vn 0.9775 0.1409 0.1571
vn -0.0296 0.9986 0.0445
vn -0.0617 0.9980 -0.0099
vn 0.0036 0.9916 0.1295
vn -0.0364 0.9849 0.1690
vn 0.0005 0.9936 0.1129
vn -0.0088 0.9981 0.0605
vn -0.0316 0.9928 0.1158
vn -0.0270 0.9979 0.0592
vn -0.0544 0.9971 0.0528
vn -0.0640 0.9980 -0.0013
vn 0.4309 0.6300 0.6461
vn -0.0065 0.8597 0.5108
vn -0.0070 0.8609 0.5087
vn -0.0052 0.8475 0.5308
vn -0.0152 0.8708 0.4913
vn -0.0061 0.8643 0.5030
vn -0.0066 0.8609 0.5087
vn -0.1139 0.9097 0.3994
vn 0.1191 0.9147 0.3861
vn 0.0385 0.9902 0.1340
vn 0.0422 0.9844 0.1709
vn 0.0300 0.9993 0.0243
vn -0.9695 0.1635 0.1823
vn 0.0230 0.9993 -0.0290
vn 0.0289 0.9993 0.0241
vn 0.0298 0.9995 0.0108
vn 0.0090 0.9905 0.1370
vn -0.0015 0.9907 0.1360
vn -0.0006 0.9924 0.1233
vn 0.7547 -0.6561 -0.0031
vn 0.7472 -0.6646 0.0044
vn 0.7512 -0.6601 0.0010
vn 0.0003 -0.6639 0.7478
vn 0.0001 -0.6676 0.7445
vn 0.0001 -0.6658 0.7461
vn 0.9180 0.3965 0.0023
vn 0.9186 0.3952 0.0021
vn 0.9180 0.3965 0.0028
vn 0.0001 0.3989 0.9170
vn 0.0001 0.3995 0.9167
vn 0.0003 0.3998 0.9166
vn 0.0001 0.3995 0.9168
vn 0.0414 0.2145 0.9759
vn 0.9651 0.2298 0.1253
vn -0.0012 0.0005 1.0000
vn -0.0006 0.0003 1.0000
vn -0.0000 0.0002 1.0000
vn -0.0001 0.0003 1.0000
vn 1.0000 0.0004 -0.0003
vn 1.0000 0.0059 -0.0003
vn 1.0000 0.0082 -0.0039
vn 0.9999 0.0105 -0.0000
vn 0.9278 0.3731 -0.0001
vn 0.9279 0.3727 0.0010
vn 0.9276 0.3736 -0.0000
vn 0.9155 0.4022 -0.0018
vn 0.9155 0.4022 -0.0014
vn -0.0000 0.3985 -0.9171
vn -0.0002 0.4019 -0.9157
vn -0.0003 0.4003 -0.9164
vn -0.0003 0.4001 -0.9165
vn -0.0004 0.0023 -1.0000
vn 0.0017 0.0030 -1.0000
vn -0.0009 0.0009 -1.0000
vn -0.0000 0.0012 -1.0000
vn 1.0000 0.0013 -0.0003
vn 1.0000 0.0012 -0.0000
vn 0.0488 0.9985 0.0243
vn 0.1695 0.9847 0.0409
vn 0.0563 0.9970 0.0528
vn 0.5032 0.8641 0.0052
vn 0.5087 0.8609 0.0058
vn 0.5308 0.8475 0.0039
vn 0.1360 0.9907 0.0013
vn 0.0013 0.9998 -0.0208
vn -0.0936 0.9956 0.0011
vn -0.1092 0.9940 0.0018
vn 0.5183 0.8470 -0.1185
vn 0.0062 0.1385 0.9903
vn 0.0058 0.1372 0.9905
vn 0.0060 0.1373 0.9905
vn 0.9831 0.1825 -0.0120
vn 0.9892 0.1468 0.0006
vn 0.2272 -0.0778 -0.9707
vn 0.9880 -0.1532 0.0186
vn 0.1709 -0.1167 -0.9784
vn 0.1818 -0.1148 -0.9766
vn 0.2026 0.1968 -0.9593
vn 0.2027 0.1969 -0.9593
vn 0.4152 0.4585 0.7857
vn 0.4035 0.4403 0.8021
vn 0.4211 0.0464 0.9058
vn -0.0060 -0.1341 0.9909
vn -0.0057 -0.1343 0.9909
vn -0.0053 -0.1333 0.9911
vn -0.0057 -0.1332 0.9911
vn 0.0060 0.1385 0.9904
vn -0.9900 -0.1402 -0.0163
vn -0.9912 -0.1306 0.0195
vn -0.5477 0.2066 -0.8108
vn -0.9999 0.0102 -0.0031
vn -0.9999 0.0133 -0.0007
vn -0.9998 0.0204 -0.0000
vn -0.9998 0.0198 -0.0025
vn -1.0000 0.0045 -0.0005
vn -0.6056 -0.0996 -0.7895
vn -0.9923 -0.1238 0.0074
vn -0.0086 -0.1628 -0.9866
vn -0.0061 -0.1678 -0.9858
vn -0.0075 -0.1656 -0.9862
vn -0.0075 -0.1655 -0.9862
vn 0.1355 0.1176 -0.9838
vn 0.0236 0.9966 -0.0795
vn 0.0109 0.9969 -0.0776
vn 0.0146 0.9969 -0.0779
vn -0.2331 0.8042 -0.5468
vn 0.0254 0.9997 -0.0000
vn 0.0242 0.9997 0.0038
vn 0.0262 0.9996 0.0092
vn 0.0253 0.9997 -0.0000
vn -1.0000 -0.0005 0.0035
vn -1.0000 0.0003 0.0005
vn -0.9999 0.0130 -0.0003
vn -0.9999 0.0147 -0.0032
vn -0.9999 0.0140 0.0003
vn -0.9997 0.0253 0.0014
vn -0.9998 0.0207 0.0002
vn -0.9997 0.0260 0.0022
vn -1.0000 -0.0009 -0.0034
vn 0.0250 0.9997 -0.0000
vn 0.0268 0.9996 -0.0015
vn -0.1631 0.6542 0.7385
vn 0.2899 0.1438 -0.9462
vn 0.2096 0.1666 0.9635
vn 0.2072 0.1619 0.9648
vn 0.2222 0.1958 0.9551
vn 0.2187 0.1903 0.9571
vn 0.0076 0.1665 -0.9860
vn 0.0069 0.1732 -0.9849
vn 0.0074 0.1700 -0.9854
vn 0.0074 0.1698 -0.9855
vn 0.3594 -0.8576 0.3679
vn -0.6649 -0.7185 -0.2043
vn -1.0000 0.0007 -0.0000
vn -1.0000 0.0004 0.0001
vn -1.0000 0.0005 0.0001
vn -1.0000 -0.0014 0.0001
vn 0.0016 0.0007 -1.0000
vn 0.0005 0.0006 -1.0000
vn -0.0527 0.2020 -0.9780
vn -0.9765 0.2047 -0.0678
vn -0.9999 0.0143 0.0016
vn -0.9999 0.0142 -0.0004
vn -0.9171 0.3986 -0.0003
vn -0.9164 0.4003 -0.0004
vn -0.9158 0.4015 -0.0011
vn -0.0000 0.0003 1.0000
vn -0.0001 0.0005 1.0000
vn -0.0000 0.0008 1.0000
vn 0.0001 0.0009 1.0000
vn 0.1668 -0.6913 0.7031
vn -0.1786 -0.7282 0.6617
vn -0.7452 -0.6669 0.0027
vn -0.7405 -0.6720 -0.0027
vn -0.7430 -0.6693 -0.0002
vn -0.0000 -0.6740 -0.7387
vn -0.0001 -0.6715 -0.7410
vn -0.0004 -0.6690 -0.7433
vn -0.9165 0.4000 -0.0004
vn -0.3821 0.8056 -0.4528
vn -1.0000 0.0001 -0.0000
vn -0.5996 0.7964 0.0785
vn -0.5871 0.8075 0.0566
vn -0.5853 0.8065 0.0831
vn -0.5520 0.8337 0.0167
vn -0.5602 0.8279 0.0276
vn -0.5787 0.8151 0.0259
vn -0.6060 0.7955 0.0019
vn -0.5925 0.8048 0.0343
vn -0.6254 0.7801 0.0174
vn -0.1223 0.9412 0.3149
vn -0.0912 -0.4222 0.9019
vn -0.9089 -0.4125 0.0613
vn -0.2864 0.7908 0.5409
vn 0.1470 0.8491 0.5073
vn 0.3290 0.9261 0.1848
vn 0.1767 0.9339 0.3109
vn 0.8806 -0.4663 -0.0838
vn 0.8908 -0.4436 0.0979
vn 0.9210 -0.3825 -0.0738
vn 0.2050 -0.4189 -0.8846
vn 0.6483 0.4472 -0.6162
vn 0.2512 0.9454 -0.2077
vn 0.2927 0.9334 -0.2078
vn 0.2923 0.9334 -0.2081
vn 0.1331 0.9218 -0.3640
vn -0.1590 0.8401 -0.5187
vn 0.4381 0.8960 -0.0723
vn 0.7427 -0.6696 -0.0090
vn 0.7484 -0.6633 -0.0005
vn 0.7517 -0.6595 -0.0007
vn 0.7520 -0.6592 -0.0005
vn 0.7632 -0.6461 -0.0005
vn 0.3665 0.7788 -0.5091
vn -0.0016 -0.5039 -0.8637
vn 0.0042 -0.5127 -0.8586
vn 0.0003 -0.5070 -0.8619
vn 0.0031 -0.5089 -0.8608
vn 0.9315 -0.3637 -0.0002
vn 0.9302 -0.3671 -0.0001
vn 0.9310 -0.3650 0.0001
vn 0.0037 0.2785 -0.9604
vn 0.0047 0.2828 -0.9592
vn 0.0116 0.2776 -0.9606
vn 0.9821 0.1881 -0.0001
vn 0.9822 0.1880 -0.0001
vn 0.9821 0.1884 -0.0001
vn 0.9821 0.1885 -0.0001
vn 0.9950 0.0962 -0.0277
vn 0.1919 0.1549 -0.9691
vn 1.0000 0.0002 0.0006
vn 1.0000 0.0002 0.0005
vn 1.0000 -0.0001 -0.0001
vn 1.0000 0.0001 0.0001
vn -0.0004 0.0003 -1.0000
vn 0.0033 0.0017 -1.0000
vn -0.0067 0.0003 -1.0000
vn -0.0001 0.0070 -1.0000
vn -0.0008 0.2533 -0.9674
vn -0.0047 0.2617 -0.9651
vn 0.0060 0.2633 -0.9647
vn -0.0101 0.2825 -0.9592
vn -0.0025 0.2891 -0.9573
vn -0.0022 0.2828 -0.9592
vn -0.9822 0.1876 0.0001
vn -0.9818 0.1899 0.0001
vn -0.9822 0.1880 0.0003
vn -0.9819 0.1895 0.0001
vn -1.0000 0.0007 0.0001
vn -1.0000 0.0020 -0.0006
vn -1.0000 0.0002 0.0009
vn -1.0000 0.0005 -0.0000
vn -0.0002 0.0008 -1.0000
vn -0.0000 0.0008 -1.0000
vn 0.6373 -0.6536 -0.4081
vn -0.3548 -0.5489 0.7568
vn -0.0013 -0.0020 1.0000
vn 0.0001 0.0003 1.0000
vn -0.0000 0.0005 1.0000
vn 0.0009 -0.0050 1.0000
vn -1.0000 -0.0005 -0.0011
vn -1.0000 0.0002 -0.0003
vn -0.9953 0.0905 0.0351
vn -0.1044 0.1385 0.9848
vn 0.0048 0.0102 0.9999
vn -0.0033 0.0090 1.0000
vn -0.0006 0.0095 1.0000
vn -0.0007 0.2799 0.9600
vn -0.0009 0.2809 0.9597
vn -0.0010 0.2823 0.9593
vn 1.0000 0.0003 -0.0000
vn 1.0000 0.0003 0.0001
vn 1.0000 0.0005 0.0001
vn 1.0000 0.0004 -0.0000
vn 1.0000 0.0004 -0.0001
vn 0.9086 -0.3931 -0.1413
vn 0.8888 -0.4304 0.1573
vn 0.0024 -0.5149 0.8572
vn -0.0026 -0.5202 0.8541
vn 0.0002 -0.5169 0.8561
vn -0.0007 -0.5178 0.8555
vn -0.9279 -0.3727 -0.0000
vn -0.9292 -0.3696 -0.0001
vn -0.9298 -0.3681 0.0002
vn -0.0006 0.2814 0.9596
vn -0.9285 -0.3712 0.0003
vn -0.7219 0.5651 0.3994
vn -0.0000 -0.0001 1.0000
vn -0.0000 0.0001 1.0000
vn 0.1475 0.6582 0.7383
vn 0.1114 0.6786 0.7260
vn 0.1146 0.6735 0.7303
vn 0.0904 0.7208 0.6872
vn 0.0551 0.7080 0.7040
vn 0.0514 0.6898 0.7221
vn 0.0627 0.6526 0.7551
vn 0.0594 0.6775 0.7331
vn 0.0308 0.6447 0.7638
vn 0.5982 0.7867 0.1523
vn 0.9774 -0.2013 0.0648
vn 0.0979 -0.2900 0.9520
vn 0.9306 -0.3661 -0.0001
vn 0.8073 0.5193 0.2802
vn 0.7960 0.5861 -0.1512
vn 0.3721 0.8203 -0.4343
vn 0.5886 0.7781 -0.2194
vn -0.1356 -0.3318 -0.9336
vn 0.1571 -0.3131 -0.9367
vn -0.1169 -0.2667 -0.9567
vn -0.9683 -0.2017 -0.1471
vn -0.7962 0.2542 -0.5491
vn -0.4280 0.8396 -0.3347
vn -0.4166 0.8474 -0.3292
vn -0.4212 0.8433 -0.3338
vn -0.4194 0.8195 -0.3905
vn -0.4173 0.8236 -0.3842
vn -0.4104 0.8267 -0.3849
vn -0.6595 0.7349 -0.1581
vn -0.8037 0.5727 0.1615
vn -0.1467 0.7995 -0.5824
vn -0.0075 -0.5179 -0.8554
vn -0.0018 -0.5113 -0.8594
vn -0.0019 -0.5062 -0.8624
vn -0.0017 -0.5067 -0.8621
vn -0.0006 -0.5093 -0.8606
vn -0.0018 -0.4938 -0.8696
vn -0.7725 0.5199 -0.3645
vn 0.9975 0.0703 -0.0066
vn 0.9983 0.0577 -0.0035
vn 0.9981 0.0619 -0.0000
vn 0.9968 0.0279 -0.0748
vn 0.9966 0.0234 -0.0794
vn 0.9972 0.0325 -0.0668
vn -0.0059 0.0651 -0.9979
vn -0.0031 0.0546 -0.9985
vn -0.0000 0.0619 -0.9981
vn 1.0000 0.0039 0.0043
vn 0.9999 -0.0105 0.0019
vn 0.6332 0.1954 -0.7489
vn 0.0723 0.0303 -0.9969
vn 0.0699 0.0240 -0.9973
vn 0.0761 0.0016 -0.9971
vn 0.0041 0.0331 -0.9994
vn 0.0189 0.0374 -0.9991
vn -0.0027 0.0082 -1.0000
vn -0.0104 -0.0144 -0.9998
vn -0.0052 0.0115 -0.9999
vn -0.0036 -0.0074 -1.0000
vn 0.0343 -0.0084 -0.9994
vn 0.0331 -0.0100 -0.9994
vn 0.0496 0.0136 -0.9987
vn 0.8068 -0.2021 -0.5553
vn 1.0000 -0.0052 0.0038
vn 0.9997 -0.0189 0.0171
vn 0.9998 -0.0113 0.0166
vn 0.9998 -0.0154 0.0116
vn -0.0003 -0.0140 -0.9999
vn -0.0008 -0.0160 -0.9999
vn -0.0000 -0.0160 -0.9999
vn 0.9997 -0.0245 -0.0010
vn 0.9998 -0.0187 -0.0007
vn 0.9998 -0.0188 -0.0000
vn -0.0003 -0.0189 0.9998
vn 0.0095 0.0052 0.9999
vn -0.0000 -0.0188 0.9998
vn -0.9996 -0.0263 -0.0029
vn -0.9997 -0.0224 -0.0009
vn -0.9997 -0.0260 -0.0000
vn -0.0693 -0.0181 0.9974
vn -0.0341 -0.0263 0.9991
vn -0.0666 -0.0277 0.9974
vn -0.0080 -0.0221 0.9997
vn 0.0174 -0.0171 0.9997
vn -0.0075 -0.0156 0.9999
vn 0.0172 0.0265 0.9995
vn 0.0194 0.0316 0.9993
vn 0.0219 0.0170 0.9996
vn -0.0670 0.0340 0.9972
vn -0.0696 0.0232 0.9973
vn -0.0673 0.0328 0.9972
vn -0.6258 0.3052 0.7178
vn -0.4376 -0.1818 0.8806
vn -0.9994 -0.0178 0.0308
vn -0.9996 -0.0128 0.0244
vn -0.9997 0.0152 -0.0205
vn -0.9989 -0.0088 0.0451
vn -0.9990 -0.0132 0.0436
vn -0.9989 -0.0126 0.0452
vn -0.9984 0.0476 -0.0289
vn -0.9998 0.0151 -0.0158
vn -1.0000 0.0035 0.0040
vn -0.9982 0.0440 -0.0407
vn -0.9991 0.0273 -0.0330
vn -0.9989 0.0338 -0.0310
vn -0.9997 0.0203 0.0128
vn -0.9995 0.0303 0.0031
vn -0.9995 0.0308 -0.0000
vn -0.0056 0.0331 0.9994
vn 0.0012 0.0292 0.9996
vn -0.0000 0.0294 0.9996
vn -0.6329 0.7743 -0.0000
vn -0.7743 -0.6329 -0.0000
vn 0.6329 -0.7743 -0.0000
vn 0.7743 0.6329 -0.0000
vn 0.9999 -0.0105 0.0020
vn 0.0345 -0.0085 -0.9994
vn 0.0332 -0.0100 -0.9994
vn 1.0000 -0.0052 0.0037
vn 0.9998 -0.0155 0.0117
vn -0.0003 -0.0139 -0.9999
vn -0.0006 -0.0160 -0.9999
vn -0.9998 -0.0223 -0.0010
vn 0.0173 -0.0171 0.9997
vn 0.0171 0.0263 0.9995
vn -0.0670 0.0338 0.9972
vn -0.9995 0.0303 0.0030
vn 0.0011 0.0292 0.9996
vn 0.9975 0.0702 -0.0066
vn 0.9966 0.0234 -0.0793
vn -0.0103 -0.0145 -0.9998
vn 0.0332 -0.0099 -0.9994
vn 0.9998 -0.0156 0.0118
vn -0.0007 -0.0160 -0.9999
vn 0.9998 -0.0188 -0.0003
vn 0.0172 0.0264 0.9995
vn -0.0670 0.0339 0.9972
vn -0.9989 -0.0127 0.0452
vn -0.0058 0.0651 -0.9979
vn 0.9998 -0.0155 0.0116
vn -0.0005 -0.0160 -0.9999
vn 0.9998 -0.0187 -0.0005
vn -0.0005 -0.0189 0.9998
vn -0.9996 -0.0263 -0.0028
vn -0.9996 -0.0128 0.0243
vn 0.0700 0.0240 -0.9973
vn -0.9990 -0.0133 0.0436
vn 0.0190 0.0374 -0.9991
vn 0.9980 0.0627 -0.0050
vn 0.9986 0.0524 -0.0045
vn 0.9985 0.0556 -0.0000
vn 0.9969 0.0268 -0.0744
vn 0.9967 0.0217 -0.0776
vn 0.9974 0.0278 -0.0672
vn -0.0049 0.0582 -0.9983
vn -0.0023 0.0488 -0.9988
vn -0.0000 0.0556 -0.9985
vn 1.0000 0.0024 0.0033
vn 1.0000 -0.0086 0.0014
vn 0.6356 0.1762 -0.7517
vn 0.0716 0.0265 -0.9971
vn 0.0711 0.0214 -0.9972
vn 0.0770 0.0119 -0.9970
vn 0.0172 0.0304 -0.9994
vn 0.0201 0.0337 -0.9992
vn 0.0188 0.0366 -0.9992
vn -0.0104 -0.0130 -0.9999
vn -0.0150 -0.0055 -0.9999
vn -0.0129 -0.0197 -0.9997
vn 0.0344 -0.0076 -0.9994
vn 0.0331 -0.0088 -0.9994
vn 0.0352 0.0015 -0.9994
vn 0.8099 -0.1823 -0.5575
vn 1.0000 -0.0051 0.0038
vn 0.9997 -0.0166 0.0153
vn 0.9998 -0.0095 0.0163
vn 0.9998 -0.0140 0.0118
vn -0.0003 -0.0123 -0.9999
vn -0.0007 -0.0145 -0.9999
vn -0.0000 -0.0144 -0.9999
vn 0.9998 -0.0207 -0.0013
vn 0.9999 -0.0168 -0.0003
vn 0.9999 -0.0169 -0.0000
vn 0.0033 -0.0167 0.9999
vn 0.0052 -0.0179 0.9998
vn -0.0000 -0.0169 0.9999
vn -0.9997 -0.0236 -0.0022
vn -0.9998 -0.0199 -0.0007
vn -0.9997 -0.0234 -0.0000
vn -0.0687 -0.0166 0.9975
vn -0.0660 -0.0281 0.9974
vn -0.0666 -0.0249 0.9975
vn -0.0095 -0.0192 0.9998
vn -0.0137 -0.0233 0.9996
vn -0.0084 -0.0144 0.9999
vn 0.0171 0.0239 0.9996
vn 0.0183 0.0279 0.9994
vn 0.0210 0.0155 0.9997
vn -0.0671 0.0305 0.9973
vn -0.0691 0.0212 0.9974
vn -0.0673 0.0295 0.9973
vn -0.6315 0.2768 0.7243
vn -0.4390 -0.1639 0.8834
vn -0.9994 -0.0160 0.0301
vn -0.9996 -0.0117 0.0249
vn -0.9994 -0.0128 0.0315
vn -0.9989 -0.0080 0.0457
vn -0.9990 -0.0115 0.0439
vn -0.9989 -0.0110 0.0449
vn -1.0000 -0.0014 0.0045
vn -0.9999 0.0122 -0.0075
vn -1.0000 0.0027 0.0037
vn -0.9984 0.0394 -0.0410
vn -0.9984 0.0259 -0.0510
vn -0.9984 0.0336 -0.0453
vn -0.9999 0.0137 -0.0028
vn -0.9996 0.0273 0.0025
vn -0.9996 0.0277 -0.0000
vn -0.0049 0.0284 0.9996
vn 0.0010 0.0263 0.9997
vn -0.0000 0.0264 0.9997
vn 0.9974 0.0279 -0.0672
vn -0.0102 -0.0131 -0.9999
vn -0.0129 -0.0196 -0.9997
vn 0.0329 -0.0089 -0.9994
vn 0.8099 -0.1823 -0.5574
vn -0.0003 -0.0122 -0.9999
vn -0.0005 -0.0145 -0.9999
vn -0.0671 0.0306 0.9973
vn -0.9994 -0.0159 0.0301
vn -0.9990 -0.0114 0.0440
vn 0.0011 0.0263 0.9997
vn 0.9976 0.0696 -0.0064
vn 0.9984 0.0573 -0.0036
vn 0.9981 0.0613 -0.0000
vn 0.9968 0.0279 -0.0747
vn 0.9966 0.0233 -0.0792
vn 0.9972 0.0321 -0.0669
vn -0.0058 0.0645 -0.9979
vn -0.0030 0.0541 -0.9985
vn -0.0000 0.0613 -0.9981
vn 1.0000 0.0038 0.0042
vn 0.9999 -0.0103 0.0019
vn 0.6334 0.1937 -0.7492
vn 0.0722 0.0299 -0.9969
vn 0.0700 0.0237 -0.9973
vn 0.0762 0.0014 -0.9971
vn 0.0042 0.0326 -0.9995
vn 0.0190 0.0370 -0.9991
vn -0.0028 0.0078 -1.0000
vn -0.0105 -0.0142 -0.9998
vn -0.0050 0.0116 -0.9999
vn -0.0036 -0.0073 -1.0000
vn 0.0344 -0.0083 -0.9994
vn 0.0497 0.0136 -0.9987
vn 0.8071 -0.2003 -0.5555
vn 0.9997 -0.0187 0.0169
vn 0.9998 -0.0112 0.0165
vn 0.9998 -0.0155 0.0118
vn -0.0003 -0.0137 -0.9999
vn -0.0008 -0.0159 -0.9999
vn -0.0000 -0.0159 -0.9999
vn 0.9997 -0.0242 -0.0010
vn 0.9998 -0.0186 -0.0003
vn 0.9998 -0.0186 -0.0000
vn -0.0000 -0.0186 0.9998
vn 0.0095 0.0053 0.9999
vn -0.9997 -0.0261 -0.0028
vn -0.9998 -0.0221 -0.0009
vn -0.9997 -0.0258 -0.0000
vn -0.0692 -0.0180 0.9974
vn -0.0341 -0.0261 0.9991
vn -0.0666 -0.0274 0.9974
vn -0.0081 -0.0220 0.9997
vn 0.0174 -0.0169 0.9997
vn -0.0076 -0.0155 0.9999
vn 0.0172 0.0262 0.9995
vn 0.0194 0.0312 0.9993
vn 0.0218 0.0169 0.9996
vn -0.0670 0.0336 0.9972
vn -0.0696 0.0230 0.9973
vn -0.0673 0.0325 0.9972
vn -0.6263 0.3027 0.7184
vn -0.4377 -0.1802 0.8809
vn -0.9994 -0.0176 0.0307
vn -0.9996 -0.0127 0.0244
vn -0.9997 0.0153 -0.0205
vn -0.9989 -0.0087 0.0451
vn -0.9990 -0.0131 0.0436
vn -0.9989 -0.0125 0.0452
vn -0.9985 0.0474 -0.0291
vn -0.9998 0.0152 -0.0157
vn -1.0000 0.0034 0.0040
vn -0.9982 0.0436 -0.0407
vn -0.9991 0.0269 -0.0329
vn -0.9990 0.0334 -0.0310
vn -0.9997 0.0201 0.0129
vn -0.9995 0.0301 0.0030
vn -0.9995 0.0305 -0.0000
vn -0.0054 0.0328 0.9994
vn 0.0011 0.0289 0.9996
vn -0.0000 0.0291 0.9996
vn 0.0701 0.0237 -0.9973
vn 0.0191 0.0370 -0.9991
vn -0.0102 -0.0144 -0.9998
vn 0.0345 -0.0084 -0.9994
vn 0.9998 -0.0111 0.0166
vn -0.0005 -0.0159 -0.9999
vn 0.9998 -0.0186 -0.0006
vn -0.0082 -0.0220 0.9997
vn 0.0172 0.0263 0.9995
vn -0.9995 0.0301 0.0029
vn -0.0104 -0.0142 -0.9998
vn 0.0332 -0.0098 -0.9994
vn 0.9998 -0.0154 0.0117
vn -0.0007 -0.0159 -0.9999
vn 0.9998 -0.0186 -0.0005
vn -0.9996 -0.0126 0.0244
vn -0.9990 -0.0131 0.0437
vn -0.0030 0.0540 -0.9985
vn 0.0722 0.0300 -0.9969
vn 0.0347 -0.0085 -0.9994
vn -0.0003 -0.0138 -0.9999
vn 0.0171 0.0262 0.9995
vn -0.9989 -0.0087 0.0452
vn -0.0000 0.7505 -0.6609
vn -0.0000 -0.6609 -0.7505
vn -0.0000 -0.7505 0.6609
vn -0.0000 0.6609 0.7505
vn -0.0000 0.7504 -0.6609
vt 0.328733 0.946157
vt 0.328768 0.946861
vt 0.328767 0.946773
vt 0.328756 0.947075
vt 0.328739 0.946114
vt 0.327712 0.946096
vt 0.327266 0.946944
vt 0.327292 0.946741
vt 0.327315 0.946544
vt 0.327331 0.946646
vt 0.327339 0.946351
vt 0.327633 0.945839
vt 0.327671 0.945937
vt 0.328741 0.946007
vt 0.328764 0.945925
vt 0.328754 0.946029
vt 0.328779 0.946654
vt 0.328790 0.946451
vt 0.328770 0.945882
vt 0.328792 0.946420
vt 0.327652 0.945826
vt 0.328066 0.945832
vt 0.328722 0.945864
vt 0.328782 0.946429
vt 0.328776 0.946414
vt 0.328794 0.946388
vt 0.327331 0.946261
vt 0.328754 0.946359
vt 0.327336 0.946327
vt 0.328802 0.946251
vt 0.327361 0.946161
vt 0.360173 0.909716
vt 0.359779 0.911049
vt 0.360155 0.909647
vt 0.359962 0.909485
vt 0.360186 0.909580
vt 0.360186 0.909772
vt 0.360129 0.910069
vt 0.359818 0.910165
vt 0.328801 0.946169
vt 0.328822 0.945871
vt 0.328813 0.946054
vt 0.328811 0.945727
vt 0.328799 0.945667
vt 0.328923 0.946293
vt 0.328374 0.946578
vt 0.328571 0.946303
vt 0.328991 0.947837
vt 0.329180 0.947753
vt 0.329063 0.946344
vt 0.328764 0.945943
vt 0.327414 0.945871
vt 0.327383 0.945974
vt 0.327420 0.945786
vt 0.360078 0.909593
vt 0.359216 0.910510
vt 0.360148 0.909634
vt 0.359866 0.910421
vt 0.359691 0.910537
vt 0.359116 0.908849
vt 0.359319 0.908796
vt 0.359317 0.908601
vt 0.327481 0.945707
vt 0.327397 0.946075
vt 0.327614 0.945714
vt 0.327585 0.945599
vt 0.328392 0.947780
vt 0.328557 0.947857
vt 0.327618 0.945600
vt 0.328333 0.947463
vt 0.327862 0.945592
vt 0.328332 0.946704
vt 0.328568 0.945631
vt 0.328457 0.945617
vt 0.328062 0.945807
vt 0.328193 0.945825
vt 0.328720 0.945850
vt 0.328672 0.945627
vt 0.328617 0.945624
vt 0.328564 0.945638
vt 0.328332 0.946456
vt 0.328332 0.946518
vt 0.328385 0.946349
vt 0.328786 0.945642
vt 0.327647 0.945799
vt 0.327970 0.945814
vt 0.327650 0.945813
vt 0.327629 0.945829
vt 0.327626 0.945820
vt 0.327341 0.946327
vt 0.327337 0.946337
vt 0.327344 0.946303
vt 0.359808 0.910737
vt 0.360122 0.909498
vt 0.360189 0.909517
vt 0.360174 0.909561
vt 0.328787 0.946607
vt 0.328793 0.946537
vt 0.328737 0.946564
vt 0.327988 0.946460
vt 0.328187 0.946482
vt 0.328366 0.946537
vt 0.328079 0.946539
vt 0.327630 0.946495
vt 0.327750 0.946492
vt 0.327840 0.946499
vt 0.327639 0.946441
vt 0.327302 0.946460
vt 0.327499 0.946474
vt 0.360169 0.910267
vt 0.360173 0.910421
vt 0.360331 0.910458
vt 0.359763 0.908660
vt 0.360819 0.907967
vt 0.360966 0.908005
vt 0.359402 0.908583
vt 0.360961 0.908140
vt 0.359653 0.909036
vt 0.327269 0.946812
vt 0.327336 0.946872
vt 0.359629 0.911831
vt 0.359262 0.911659
vt 0.359227 0.911397
vt 0.327690 0.946860
vt 0.327464 0.946887
vt 0.327767 0.946929
vt 0.327257 0.946893
vt 0.328224 0.946898
vt 0.328140 0.946962
vt 0.328449 0.946971
vt 0.328737 0.946990
vt 0.325418 0.939788
vt 0.325244 0.939783
vt 0.325415 0.939759
vt 0.325223 0.939810
vt 0.325936 0.939840
vt 0.325380 0.939819
vt 0.325947 0.939858
vt 0.325534 0.939825
vt 0.325414 0.939850
vt 0.325455 0.940232
vt 0.325404 0.940215
vt 0.324979 0.939856
vt 0.324992 0.939837
vt 0.325499 0.939861
vt 0.325454 0.939873
vt 0.325483 0.940052
vt 0.324957 0.940112
vt 0.325364 0.940234
vt 0.325822 0.940127
vt 0.325535 0.940055
vt 0.325958 0.940103
vt 0.325496 0.940034
vt 0.325499 0.939892
vt 0.325532 0.939873
vt 0.325911 0.940115
vt 0.325851 0.940098
vt 0.325784 0.940147
vt 0.325862 0.939831
vt 0.325500 0.939851
vt 0.325809 0.939675
vt 0.325017 0.939824
vt 0.325438 0.939713
vt 0.325502 0.939729
vt 0.325475 0.939707
vt 0.325458 0.939704
vt 0.325523 0.939708
vt 0.325449 0.939698
vt 0.325793 0.939656
vt 0.325687 0.939680
vt 0.325705 0.939544
vt 0.325885 0.939639
vt 0.325946 0.939656
vt 0.325919 0.939822
vt 0.325863 0.939604
vt 0.325952 0.939810
vt 0.325622 0.939536
vt 0.325516 0.939472
vt 0.325577 0.939495
vt 0.325599 0.939522
vt 0.325055 0.939614
vt 0.325107 0.939573
vt 0.325354 0.939467
vt 0.325424 0.939461
vt 0.325423 0.939460
vt 0.325207 0.939775
vt 0.325177 0.939793
vt 0.324976 0.939801
vt 0.325015 0.939816
vt 0.324986 0.939690
vt 0.325004 0.939635
vt 0.325026 0.939645
vt 0.325071 0.939630
vt 0.325136 0.939648
vt 0.325386 0.939691
vt 0.495205 0.156931
vt 0.495261 0.157122
vt 0.495225 0.157170
vt 0.495250 0.156638
vt 0.495177 0.157135
vt 0.495210 0.156780
vt 0.495178 0.156820
vt 0.495126 0.156792
vt 0.495035 0.156182
vt 0.495183 0.156667
vt 0.495143 0.156193
vt 0.495238 0.156178
vt 0.495134 0.156170
vt 0.495160 0.156466
vt 0.495197 0.156617
vt 0.495215 0.157091
vt 0.495181 0.156706
vt 0.495162 0.156646
vt 0.495863 0.156153
vt 0.495891 0.156154
vt 0.495876 0.156118
vt 0.495878 0.156189
vt 0.494895 0.156154
vt 0.494902 0.156190
vt 0.494898 0.156227
vt 0.494891 0.156192
s 1
usemtl Material.190
f 3178/145/737 3179/146/737 3180/147/737
f 3178/145/737 3181/148/737 3179/146/737
f 3180/147/737 3182/149/737 3178/145/737
f 3181/148/738 3178/145/738 3183/150/738
f 3183/150/739 3178/145/739 3182/149/739
f 3181/148/738 3183/150/738 3184/151/738
f 3188/152/740 3184/151/740 3183/150/740
f 3183/150/740 3185/153/740 3186/154/740
f 3183/150/740 3187/155/740 3185/153/740
f 3188/152/740 3183/150/740 3186/154/740
f 3183/150/740 3189/156/740 3187/155/740
f 3183/150/740 3190/157/740 3189/156/740
f 3191/158/741 3190/157/742 3183/150/739
f 3183/150/739 3182/149/739 3191/158/741
f 3190/157/743 3191/158/744 3192/159/745
f 3191/158/746 3193/160/746 3192/159/746
f 3182/149/747 3193/160/747 3191/158/747
f 3182/149/737 3180/147/737 3193/160/737
f 3193/160/737 3180/147/737 3194/161/737
f 3195/162/737 3193/160/737 3194/161/737
f 3196/163/737 3193/160/737 3195/162/737
f 3193/160/737 3196/163/737 3192/159/737
f 3200/164/748 3196/163/749 3195/162/750
f 3197/165/751 3192/159/745 3196/163/752
f 3197/165/753 3196/163/753 3198/166/753
f 3198/166/754 3196/163/755 3199/167/755
f 3200/164/748 3199/167/756 3196/163/749
f 3201/168/757 3200/164/757 3195/162/757
f 3203/169/758 3200/164/759 3201/168/760
f 3202/170/761 3199/167/762 3200/164/763
f 3203/169/764 3202/170/760 3200/164/765
f 3203/169/766 3204/171/767 3205/172/768
f 3203/169/769 3206/173/770 3204/171/771
f 3207/174/772 3203/169/773 3205/172/774
f 3201/168/775 3206/173/776 3203/169/777
f 3207/174/778 3202/170/774 3203/169/779
f 3204/171/780 3207/174/781 3205/172/782
f 3204/171/783 3208/175/782 3207/174/784
f 3207/176/785 3208/177/785 3211/178/785
f 3209/179/786 3207/176/787 3210/180/788
f 3209/181/737 3212/182/737 3207/183/737
f 3211/178/785 3210/180/785 3207/176/785
f 3212/184/737 3202/170/737 3207/174/737
f 3215/185/737 3212/184/737 3209/186/737
f 3212/184/737 3213/187/737 3214/188/737
f 3213/187/737 3212/184/737 3215/185/737
f 3214/188/737 3202/170/737 3212/184/737
f 3215/189/789 3216/190/789 3213/191/789
f 3215/189/790 3217/192/791 3216/190/792
f 3218/193/793 3217/192/794 3215/189/795
f 3218/193/793 3215/189/795 3219/194/796
f 3215/185/797 3209/186/797 3219/195/797
f 3209/186/798 3218/196/798 3219/195/798
f 3220/197/799 3217/198/799 3218/196/799
f 3209/186/798 3220/197/798 3218/196/798
f 3221/199/800 3220/200/800 3209/179/800
f 3222/201/800 3220/200/800 3221/199/800
f 3220/200/800 3222/201/800 3223/202/800
f 3220/200/800 3223/202/800 3224/203/800
f 3208/177/801 3220/200/802 3224/203/803
f 3208/204/740 3226/205/740 3220/206/740
f 3220/197/740 3228/207/740 3217/198/740
f 3226/208/740 3225/209/740 3220/197/740
f 3227/210/740 3220/197/740 3225/209/740
f 3220/197/740 3227/210/740 3228/207/740
f 3229/211/804 3217/192/805 3228/212/806
f 3227/210/807 3229/213/807 3228/207/807
f 3230/214/808 3217/192/791 3229/211/809
f 3230/215/810 3229/213/810 3227/210/810
f 3231/216/811 3217/192/791 3230/214/808
f 3233/217/812 3231/218/813 3230/215/814
f 3225/209/815 3232/219/816 3230/215/817
f 3233/217/818 3230/215/817 3232/219/816
f 3225/209/815 3230/215/817 3227/210/819
f 3233/217/818 3232/219/816 3234/220/820
f 3233/217/818 3234/220/820 3235/221/821
f 3214/188/822 3233/217/818 3235/221/821
f 3233/217/823 3214/188/824 3236/222/739
f 3233/217/823 3236/222/739 3237/223/825
f 3237/223/826 3216/224/826 3233/217/826
f 3233/217/827 3216/224/827 3231/218/827
f 3236/225/828 3216/190/828 3237/226/828
f 3238/227/828 3216/190/828 3236/225/828
f 3236/222/829 3214/188/829 3238/228/829
f 3216/190/830 3238/227/830 3213/191/830
f 3238/228/831 3214/188/831 3213/187/831
f 3234/220/832 3199/167/833 3235/221/834
f 3202/170/737 3214/188/737 3235/221/737
f 3202/170/761 3235/221/835 3199/167/762
f 3232/219/836 3198/166/837 3234/220/838
f 3234/220/839 3198/166/840 3199/167/841
f 3232/219/842 3239/229/843 3240/230/844
f 3239/229/843 3232/219/842 3225/209/845
f 3240/230/846 3198/166/847 3232/219/848
f 3241/231/849 3240/230/850 3239/229/851
f 3241/231/852 3198/166/853 3240/230/854
f 3239/229/855 3242/232/856 3241/231/857
f 3241/231/858 3242/232/859 3189/156/860
f 3197/165/754 3198/166/754 3241/231/754
f 3241/231/861 3189/156/862 3197/165/863
f 3239/229/864 3243/233/865 3242/232/866
f 3244/234/867 3242/232/868 3243/233/869
f 3187/155/870 3242/232/871 3244/234/872
f 3187/155/870 3189/156/873 3242/232/871
f 3187/155/874 3244/234/874 3245/235/874
f 3245/235/875 3244/234/876 3246/236/877
f 3244/234/867 3243/233/869 3246/236/878
f 3246/236/740 3243/233/740 3226/208/740
f 3246/236/740 3226/208/740 3208/175/740
f 3206/173/879 3246/236/880 3208/175/881
f 3245/235/882 3246/236/883 3206/173/876
f 3195/162/884 3187/155/885 3245/235/886
f 3195/162/887 3245/235/888 3201/168/885
f 3201/168/889 3245/235/890 3206/173/891
f 3226/208/740 3243/233/740 3225/209/740
f 3225/209/892 3243/233/893 3239/229/894
f 3217/192/791 3231/216/811 3216/190/792
f 3223/202/895 3247/237/895 3224/203/895
f 3208/177/896 3224/203/897 3247/237/802
f 3247/237/785 3211/178/785 3208/177/785
f 3211/178/785 3247/237/785 3223/202/785
f 3211/178/785 3223/202/785 3222/201/785
f 3221/199/898 3211/178/898 3222/201/898
f 3248/238/800 3221/199/800 3209/179/800
f 3221/199/800 3248/238/800 3249/239/800
f 3221/199/800 3249/239/800 3250/240/800
f 3250/240/899 3211/178/899 3221/199/899
f 3249/239/785 3211/178/785 3250/240/785
f 3248/238/900 3210/180/900 3249/239/900
f 3210/180/785 3211/178/785 3249/239/785
f 3209/179/901 3210/180/902 3248/238/787
f 3206/173/879 3208/175/881 3204/171/903
f 3197/165/904 3189/156/904 3190/157/904
f 3190/157/743 3192/159/745 3197/165/751
f 3195/162/737 3194/161/737 3251/241/737
f 3195/162/737 3251/241/737 3252/242/737
f 3255/243/905 3195/162/905 3252/242/905
f 3253/244/906 3187/155/907 3195/162/908
f 3253/244/909 3195/162/910 3254/245/911
f 3195/162/912 3255/243/913 3254/245/914
f 3254/245/915 3255/243/915 3257/246/915
f 3251/241/785 3256/247/785 3255/243/785
f 3255/243/785 3256/247/785 3257/246/785
f 3251/241/916 3255/243/916 3252/242/916
f 3256/247/917 3254/245/917 3257/246/917
f 3256/247/785 3251/241/785 3194/161/785
f 3194/161/785 3258/248/785 3256/247/785
f 3256/247/785 3258/248/785 3259/249/785
f 3256/247/785 3259/249/785 3260/250/785
f 3260/250/918 3253/244/918 3256/247/918
f 3256/247/919 3253/244/919 3254/245/919
f 3261/251/915 3260/250/915 3259/249/915
f 3261/251/915 3253/244/915 3260/250/915
f 3262/252/920 3261/251/921 3263/253/922
f 3262/252/923 3187/155/924 3261/251/925
f 3263/253/926 3261/251/926 3258/248/926
f 3261/251/927 3187/155/928 3253/244/929
f 3258/248/930 3261/251/930 3259/249/930
f 3258/248/785 3262/252/785 3263/253/785
f 3185/153/931 3187/155/931 3262/252/931
f 3258/248/785 3185/153/785 3262/252/785
f 3194/161/785 3185/153/785 3258/248/785
f 3194/254/737 3180/255/737 3179/256/737
f 3264/257/800 3194/258/800 3265/259/800
f 3264/257/800 3185/260/800 3194/258/800
f 3194/258/932 3179/261/932 3265/259/932
f 3179/261/785 3264/257/785 3265/259/785
f 3188/262/933 3185/260/933 3264/257/933
f 3179/261/785 3188/262/785 3264/257/785
f 3184/151/934 3188/152/935 3266/263/935
f 3188/152/936 3269/264/937 3266/263/937
f 3188/265/740 3186/266/740 3185/267/740
f 3267/268/938 3188/152/939 3179/146/940
f 3268/269/941 3188/152/942 3267/268/943
f 3188/152/944 3268/269/945 3269/264/937
f 3271/270/785 3269/264/785 3268/269/785
f 3269/264/946 3270/271/946 3266/263/946
f 3271/270/785 3270/271/785 3269/264/785
f 3271/270/947 3272/272/948 3273/273/949
f 3271/270/950 3267/268/951 3272/272/952
f 3181/148/785 3271/270/785 3273/273/785
f 3268/269/953 3267/268/953 3271/270/953
f 3270/271/785 3271/270/785 3184/151/785
f 3181/148/785 3184/151/785 3271/270/785
f 3273/273/954 3272/272/954 3274/274/954
f 3181/148/785 3273/273/785 3274/274/785
f 3272/272/955 3275/275/956 3274/274/957
f 3181/148/785 3274/274/785 3275/275/785
f 3179/146/958 3181/148/958 3275/275/958
f 3272/272/959 3179/146/960 3275/275/961
f 3267/268/962 3179/146/963 3272/272/964
f 3184/151/934 3266/263/935 3270/271/965
f 3276/145/739 3279/148/739 3277/146/739
f 3276/145/739 3277/146/739 3278/147/739
f 3278/147/739 3280/149/739 3276/145/739
f 3279/148/738 3276/145/738 3281/150/738
f 3281/150/740 3276/145/740 3280/149/740
f 3279/148/738 3281/150/738 3282/151/738
f 3286/152/785 3282/151/785 3281/150/785
f 3281/150/785 3285/155/785 3283/153/785
f 3281/150/785 3283/153/785 3284/154/785
f 3286/152/785 3281/150/785 3284/154/785
f 3281/150/785 3287/156/785 3285/155/785
f 3281/150/785 3288/157/785 3287/156/785
f 3289/158/966 3288/157/967 3281/150/740
f 3281/150/740 3280/149/740 3289/158/966
f 3288/157/968 3289/158/969 3290/159/970
f 3289/158/971 3291/160/971 3290/159/971
f 3280/149/972 3291/160/972 3289/158/972
f 3291/160/739 3278/147/739 3292/161/739
f 3280/149/739 3278/147/739 3291/160/739
f 3293/162/739 3291/160/739 3292/161/739
f 3294/163/739 3291/160/739 3293/162/739
f 3291/160/739 3294/163/739 3290/159/739
f 3298/164/973 3294/163/974 3293/162/975
f 3295/165/976 3290/159/970 3294/163/977
f 3295/165/978 3294/163/978 3296/166/978
f 3296/166/979 3294/163/980 3297/167/980
f 3298/164/973 3297/167/981 3294/163/974
f 3301/169/982 3298/164/983 3299/168/984
f 3299/168/985 3298/164/985 3293/162/985
f 3300/170/986 3297/167/987 3298/164/988
f 3301/169/989 3300/170/990 3298/164/991
f 3301/169/992 3304/173/993 3302/171/994
f 3301/169/995 3302/171/996 3303/172/997
f 3305/174/998 3301/169/999 3303/172/1000
f 3299/168/1001 3304/173/1002 3301/169/1003
f 3305/174/1004 3300/170/1005 3301/169/1006
f 3302/171/1007 3306/175/1008 3305/174/1009
f 3302/171/1010 3305/174/1011 3303/172/1012
f 3305/176/737 3306/177/737 3309/178/737
f 3307/181/739 3310/182/739 3305/183/739
f 3307/179/1013 3305/176/1014 3308/180/1015
f 3309/178/737 3308/180/737 3305/176/737
f 3310/184/739 3300/170/739 3305/174/739
f 3313/185/739 3310/184/739 3307/186/739
f 3311/187/739 3310/184/739 3313/185/739
f 3310/184/739 3311/187/739 3312/188/739
f 3312/188/739 3300/170/739 3310/184/739
f 3313/189/1016 3315/192/1017 3314/190/1018
f 3313/189/1019 3314/190/1019 3311/191/1019
f 3316/193/1020 3315/192/1021 3313/189/1022
f 3316/193/1020 3313/189/1022 3317/194/1023
f 3313/185/1024 3307/186/1024 3317/195/1024
f 3307/186/1025 3316/196/1025 3317/195/1025
f 3318/197/1026 3315/198/1026 3316/196/1026
f 3307/186/1025 3318/197/1025 3316/196/1025
f 3320/201/800 3318/200/800 3319/199/800
f 3319/199/800 3318/200/800 3307/179/800
f 3318/200/800 3320/201/800 3321/202/800
f 3318/200/800 3321/202/800 3322/203/800
f 3306/177/1027 3318/200/1028 3322/203/1027
f 3306/204/785 3324/205/785 3318/206/785
f 3318/197/785 3326/207/785 3315/198/785
f 3325/210/785 3318/197/785 3323/209/785
f 3324/208/785 3323/209/785 3318/197/785
f 3318/197/785 3325/210/785 3326/207/785
f 3327/211/1029 3315/192/1030 3326/212/1031
f 3325/210/1032 3327/213/1032 3326/207/1032
f 3328/214/1033 3315/192/1017 3327/211/1034
f 3328/215/1035 3327/213/1035 3325/210/1035
f 3329/216/1036 3315/192/1017 3328/214/1033
f 3331/217/1037 3329/218/1038 3328/215/1039
f 3331/217/1040 3328/215/1041 3330/219/1042
f 3323/209/1043 3330/219/1042 3328/215/1041
f 3323/209/1043 3328/215/1041 3325/210/1044
f 3331/217/1040 3330/219/1042 3332/220/1045
f 3331/217/1040 3332/220/1045 3333/221/1046
f 3312/188/1047 3331/217/1040 3333/221/1046
f 3331/217/1048 3312/188/1049 3334/222/740
f 3331/217/1048 3334/222/740 3335/223/1050
f 3335/223/1051 3314/224/1051 3331/217/1051
f 3331/217/1052 3314/224/1052 3329/218/1052
f 3334/225/1053 3314/190/1054 3335/226/1053
f 3336/227/1053 3314/190/1054 3334/225/1053
f 3334/222/1055 3312/188/1055 3336/228/1055
f 3314/190/1056 3336/227/1056 3311/191/1056
f 3336/228/1057 3312/188/1057 3311/187/1057
f 3332/220/1058 3297/167/1059 3333/221/1060
f 3300/170/739 3312/188/739 3333/221/739
f 3300/170/986 3333/221/1061 3297/167/987
f 3330/219/1062 3296/166/1063 3332/220/1064
f 3332/220/1065 3296/166/1066 3297/167/1067
f 3337/229/1068 3330/219/1069 3323/209/1070
f 3330/219/1069 3337/229/1068 3338/230/1071
f 3338/230/1072 3296/166/1073 3330/219/1074
f 3339/231/1075 3338/230/1076 3337/229/1077
f 3339/231/1078 3296/166/1079 3338/230/1080
f 3339/231/1081 3340/232/1082 3287/156/1083
f 3337/229/1084 3340/232/1085 3339/231/1086
f 3295/165/1087 3296/166/1087 3339/231/1087
f 3339/231/1088 3287/156/1089 3295/165/1090
f 3342/234/1091 3340/232/1092 3341/233/1093
f 3337/229/1094 3341/233/1095 3340/232/1096
f 3285/155/1097 3340/232/1098 3342/234/1099
f 3285/155/1097 3287/156/1100 3340/232/1098
f 3285/155/1101 3342/234/1101 3343/235/1101
f 3343/235/1102 3342/234/1103 3344/236/1104
f 3342/234/1091 3341/233/1093 3344/236/1105
f 3344/236/785 3341/233/785 3324/208/785
f 3344/236/785 3324/208/785 3306/175/785
f 3304/173/1106 3344/236/1107 3306/175/1108
f 3343/235/1109 3344/236/1110 3304/173/1111
f 3293/162/1112 3285/155/1113 3343/235/1114
f 3293/162/1115 3343/235/1116 3299/168/1117
f 3299/168/1118 3343/235/1119 3304/173/1120
f 3324/208/785 3341/233/785 3323/209/785
f 3323/209/1121 3341/233/1122 3337/229/1123
f 3315/192/1017 3329/216/1036 3314/190/1018
f 3321/202/1124 3345/237/1124 3322/203/1124
f 3306/177/1125 3322/203/1126 3345/237/1126
f 3345/237/737 3309/178/737 3306/177/737
f 3309/178/737 3345/237/737 3321/202/737
f 3309/178/737 3321/202/737 3320/201/737
f 3319/199/1127 3309/178/1127 3320/201/1127
f 3346/238/800 3319/199/800 3307/179/800
f 3319/199/800 3346/238/800 3347/239/800
f 3319/199/800 3347/239/800 3348/240/800
f 3348/240/1128 3309/178/1128 3319/199/1128
f 3347/239/737 3309/178/737 3348/240/737
f 3346/238/1129 3308/180/1129 3347/239/1129
f 3308/180/737 3309/178/737 3347/239/737
f 3307/179/1130 3308/180/1131 3346/238/1132
f 3304/173/1106 3306/175/1108 3302/171/1133
f 3295/165/1134 3287/156/1134 3288/157/1134
f 3288/157/968 3290/159/970 3295/165/976
f 3293/162/739 3292/161/739 3349/241/739
f 3293/162/739 3349/241/739 3350/242/739
f 3353/243/1135 3293/162/1135 3350/242/1135
f 3351/244/1136 3285/155/1137 3293/162/1138
f 3351/244/1139 3293/162/1140 3352/245/1141
f 3293/162/1142 3353/243/1143 3352/245/1144
f 3352/245/1145 3353/243/1145 3355/246/1145
f 3353/243/737 3354/247/737 3355/246/737
f 3349/241/737 3354/247/737 3353/243/737
f 3349/241/1146 3353/243/1146 3350/242/1146
f 3354/247/1147 3352/245/1147 3355/246/1147
f 3354/247/737 3349/241/737 3292/161/737
f 3292/161/737 3356/248/737 3354/247/737
f 3354/247/737 3356/248/737 3357/249/737
f 3354/247/737 3357/249/737 3358/250/737
f 3358/250/1148 3351/244/1148 3354/247/1148
f 3354/247/1149 3351/244/1149 3352/245/1149
f 3359/251/1145 3358/250/1145 3357/249/1145
f 3359/251/1145 3351/244/1145 3358/250/1145
f 3360/252/1150 3285/155/1151 3359/251/1152
f 3360/252/1153 3359/251/1154 3361/253/1155
f 3361/253/1156 3359/251/1156 3356/248/1156
f 3359/251/1157 3285/155/1158 3351/244/1159
f 3356/248/1160 3359/251/1160 3357/249/1160
f 3356/248/737 3360/252/737 3361/253/737
f 3283/153/1161 3285/155/1161 3360/252/1161
f 3356/248/737 3283/153/737 3360/252/737
f 3292/161/737 3283/153/737 3356/248/737
f 3292/254/739 3278/255/739 3277/256/739
f 3362/257/800 3283/260/800 3292/258/800
f 3362/257/800 3292/258/800 3363/259/800
f 3292/258/1162 3277/261/1162 3363/259/1162
f 3277/261/737 3362/257/737 3363/259/737
f 3286/262/1163 3283/260/1163 3362/257/1163
f 3277/261/737 3286/262/737 3362/257/737
f 3282/151/1164 3286/152/1165 3364/263/1165
f 3286/152/1166 3367/264/1167 3364/263/1167
f 3286/265/785 3284/266/785 3283/267/785
f 3365/268/1168 3286/152/1169 3277/146/1170
f 3366/269/1171 3286/152/1172 3365/268/1173
f 3286/152/1174 3366/269/1175 3367/264/1167
f 3369/270/737 3367/264/737 3366/269/737
f 3367/264/1176 3368/271/1176 3364/263/1176
f 3369/270/737 3368/271/737 3367/264/737
f 3369/270/1177 3365/268/1178 3370/272/1179
f 3369/270/1180 3370/272/1181 3371/273/1182
f 3279/148/737 3369/270/737 3371/273/737
f 3366/269/1183 3365/268/1183 3369/270/1183
f 3368/271/737 3369/270/737 3282/151/737
f 3279/148/737 3282/151/737 3369/270/737
f 3371/273/1184 3370/272/1184 3372/274/1184
f 3279/148/737 3371/273/737 3372/274/737
f 3279/148/737 3372/274/737 3373/275/737
f 3370/272/1185 3373/275/1186 3372/274/1187
f 3277/146/1188 3279/148/1188 3373/275/1188
f 3370/272/1189 3277/146/1190 3373/275/1191
f 3365/268/1192 3277/146/1193 3370/272/1194
f 3282/151/1164 3364/263/1165 3368/271/1164
f 3374/276/1195 3375/277/1196 3376/278/1197
f 3374/276/1195 3377/279/1197 3375/277/1196
f 3376/278/1198 3378/280/1199 3374/276/1200
f 3374/276/1201 3381/281/1202 3377/279/1203
f 3374/276/1204 3378/280/1205 3379/282/1206
f 3374/276/1204 3379/282/1206 3380/283/1207
f 3374/276/1208 3380/283/1208 3382/284/1208
f 3382/284/1209 3381/281/1209 3374/276/1209
f 3383/285/1210 3382/284/1211 3380/283/1212
f 3382/284/1211 3383/285/1210 3384/286/1213
f 3384/286/1214 3385/287/1215 3382/284/1216
f 3382/284/1216 3385/287/1215 3381/281/1217
f 3377/279/1218 3381/281/1219 3385/287/1220
f 3377/279/1221 3385/287/1222 3386/288/1222
f 3385/287/1223 3387/289/1224 3386/288/1225
f 3385/287/1223 3388/290/1226 3387/289/1224
f 3385/287/1227 3389/291/1228 3388/290/1229
f 3389/291/1228 3385/287/1227 3391/292/1230
f 3385/287/1215 3390/293/1231 3391/292/1232
f 3390/293/1231 3385/287/1215 3384/286/1214
f 3390/293/738 3389/291/738 3391/292/738
f 3392/148/738 3391/150/738 3393/151/738
f 3392/148/738 3394/145/738 3391/150/738
f 3402/152/740 3393/151/740 3391/150/740
f 3391/150/739 3394/145/739 3401/149/739
f 3391/150/740 3395/153/740 3396/154/740
f 3391/150/740 3397/155/740 3395/153/740
f 3402/152/740 3391/150/740 3396/154/740
f 3391/150/740 3398/156/740 3397/155/740
f 3391/150/740 3399/157/740 3398/156/740
f 3400/158/741 3399/157/742 3391/150/739
f 3391/150/739 3401/149/739 3400/158/741
f 3393/151/934 3402/152/935 3403/263/935
f 3402/152/1233 3408/264/937 3403/263/937
f 3402/262/933 3395/260/933 3404/257/933
f 3402/265/740 3396/266/740 3395/267/740
f 3405/261/785 3402/262/785 3404/257/785
f 3406/268/938 3402/152/1234 3405/146/940
f 3407/269/941 3402/152/942 3406/268/943
f 3402/152/1235 3407/269/945 3408/264/937
f 3410/270/785 3408/264/785 3407/269/785
f 3408/264/946 3409/271/946 3403/263/946
f 3410/270/785 3409/271/785 3408/264/785
f 3410/270/947 3411/272/1236 3412/273/1237
f 3410/270/950 3406/268/951 3411/272/1238
f 3392/148/785 3410/270/785 3412/273/785
f 3407/269/953 3406/268/953 3410/270/953
f 3409/271/785 3410/270/785 3393/151/785
f 3392/148/785 3393/151/785 3410/270/785
f 3412/273/954 3411/272/954 3413/274/954
f 3392/148/785 3412/273/785 3413/274/785
f 3411/272/955 3414/275/956 3413/274/957
f 3392/148/785 3413/274/785 3414/275/785
f 3405/146/958 3392/148/958 3414/275/958
f 3411/272/959 3405/146/960 3414/275/961
f 3406/268/962 3405/146/1239 3411/272/964
f 3393/151/934 3403/263/935 3409/271/965
f 3394/145/737 3405/146/737 3415/147/737
f 3394/145/737 3392/148/737 3405/146/737
f 3416/254/737 3415/255/737 3405/256/737
f 3416/258/932 3405/261/932 3417/259/932
f 3405/261/785 3404/257/785 3417/259/785
f 3404/257/800 3416/258/800 3417/259/800
f 3418/160/737 3415/147/737 3416/161/737
f 3419/162/737 3418/160/737 3416/161/737
f 3419/162/737 3416/161/737 3420/241/737
f 3421/247/785 3420/241/785 3416/161/785
f 3404/257/800 3395/260/800 3416/258/800
f 3416/161/785 3395/153/785 3422/248/785
f 3416/161/785 3422/248/785 3421/247/785
f 3421/247/785 3422/248/785 3423/249/785
f 3422/248/930 3426/251/930 3423/249/930
f 3422/248/785 3395/153/785 3424/252/785
f 3422/248/785 3424/252/785 3425/253/785
f 3425/253/926 3426/251/926 3422/248/926
f 3424/252/920 3426/251/921 3425/253/922
f 3424/252/923 3397/155/924 3426/251/1240
f 3426/251/927 3397/155/928 3427/244/929
f 3426/251/915 3427/244/915 3428/250/915
f 3426/251/915 3428/250/915 3423/249/915
f 3421/247/785 3423/249/785 3428/250/785
f 3428/250/918 3427/244/918 3421/247/918
f 3427/244/1241 3397/155/907 3419/162/1242
f 3427/244/909 3419/162/910 3429/245/911
f 3421/247/919 3427/244/919 3429/245/919
f 3419/162/912 3430/243/913 3429/245/914
f 3429/245/915 3430/243/915 3431/246/915
f 3421/247/1243 3429/245/1243 3431/246/1243
f 3430/243/785 3421/247/785 3431/246/785
f 3430/243/905 3419/162/905 3432/242/905
f 3420/241/785 3421/247/785 3430/243/785
f 3420/241/916 3430/243/916 3432/242/916
f 3419/162/737 3420/241/737 3432/242/737
f 3395/153/931 3397/155/931 3424/252/931
f 3433/163/737 3418/160/737 3419/162/737
f 3434/164/1244 3433/163/1245 3419/162/1246
f 3419/162/884 3397/155/885 3436/235/886
f 3435/168/757 3434/164/757 3419/162/757
f 3419/162/887 3436/235/1247 3435/168/1248
f 3397/155/874 3437/234/874 3436/235/874
f 3436/235/875 3437/234/876 3438/236/1249
f 3435/168/1250 3436/235/890 3439/173/891
f 3436/235/1251 3438/236/1252 3439/173/876
f 3439/173/879 3440/175/881 3441/171/1253
f 3439/173/879 3438/236/1254 3440/175/881
f 3442/169/769 3439/173/770 3441/171/771
f 3435/168/775 3439/173/776 3442/169/890
f 3442/169/766 3441/171/767 3443/172/770
f 3444/174/772 3442/169/1255 3443/172/774
f 3444/174/778 3445/170/774 3442/169/1256
f 3442/169/1257 3445/170/760 3434/164/765
f 3442/169/758 3434/164/759 3435/168/760
f 3446/188/737 3445/170/737 3447/184/737
f 3445/170/737 3446/188/737 3448/221/737
f 3447/184/737 3445/170/737 3444/174/737
f 3445/170/1258 3448/221/1259 3449/167/1260
f 3445/170/1258 3449/167/1260 3434/164/1261
f 3434/164/1244 3449/167/1262 3433/163/1245
f 3450/220/832 3449/167/833 3448/221/834
f 3450/220/839 3451/166/840 3449/167/841
f 3451/166/754 3433/163/755 3449/167/755
f 3452/219/1263 3451/166/837 3450/220/838
f 3453/230/846 3451/166/847 3452/219/1264
f 3454/231/852 3451/166/853 3453/230/854
f 3455/165/754 3451/166/754 3454/231/754
f 3455/165/753 3433/163/753 3451/166/753
f 3455/165/904 3398/156/904 3399/157/904
f 3454/231/1265 3398/156/862 3455/165/863
f 3399/157/743 3456/159/1266 3455/165/1267
f 3455/165/1268 3456/159/1269 3433/163/752
f 3418/160/737 3433/163/737 3456/159/737
f 3400/158/746 3418/160/746 3456/159/746
f 3399/157/743 3400/158/1270 3456/159/1266
f 3458/229/855 3457/232/1271 3454/231/857
f 3454/231/858 3457/232/859 3398/156/860
f 3454/231/1272 3453/230/850 3458/229/851
f 3452/219/842 3458/229/843 3453/230/844
f 3458/229/843 3452/219/842 3459/209/845
f 3459/209/892 3460/233/893 3458/229/894
f 3458/229/864 3460/233/865 3457/232/866
f 3461/208/740 3460/233/740 3459/209/740
f 3438/236/740 3460/233/740 3461/208/740
f 3437/234/1273 3460/233/1274 3438/236/1275
f 3437/234/1273 3457/232/1276 3460/233/1274
f 3461/208/740 3459/209/740 3462/197/740
f 3440/204/740 3461/205/740 3462/206/740
f 3438/236/740 3461/208/740 3440/175/740
f 3463/199/800 3462/200/800 3464/179/800
f 3465/201/800 3462/200/800 3463/199/800
f 3464/186/798 3462/197/798 3469/196/798
f 3462/200/800 3465/201/800 3466/202/800
f 3462/200/800 3466/202/800 3467/203/800
f 3440/177/801 3462/200/802 3467/203/1277
f 3462/197/799 3468/198/799 3469/196/799
f 3462/197/740 3471/207/740 3468/198/740
f 3470/210/740 3462/197/740 3459/209/740
f 3462/197/740 3470/210/740 3471/207/740
f 3472/211/1278 3468/192/1279 3471/212/1280
f 3470/210/1281 3472/213/1281 3471/207/1281
f 3473/214/1282 3468/192/1283 3472/211/1284
f 3473/215/810 3472/213/810 3470/210/810
f 3474/216/1285 3468/192/1283 3473/214/1282
f 3475/217/1286 3474/218/813 3473/215/1287
f 3459/209/1288 3452/219/1289 3473/215/1290
f 3475/217/1291 3473/215/1290 3452/219/1289
f 3459/209/1288 3473/215/1290 3470/210/819
f 3475/217/1291 3452/219/1289 3450/220/1292
f 3475/217/1291 3450/220/1292 3448/221/821
f 3446/188/1293 3475/217/1291 3448/221/821
f 3475/217/1294 3446/188/824 3476/222/739
f 3475/217/1294 3476/222/739 3477/223/825
f 3477/223/826 3478/224/826 3475/217/826
f 3475/217/827 3478/224/827 3474/218/827
f 3478/190/1282 3479/227/828 3480/191/1295
f 3479/227/828 3478/190/1282 3476/225/828
f 3481/189/1296 3478/190/1282 3480/191/1295
f 3476/225/828 3478/190/1282 3477/226/828
f 3481/189/1296 3468/192/1283 3478/190/1282
f 3468/192/1283 3474/216/1285 3478/190/1282
f 3480/187/737 3447/184/737 3481/185/737
f 3469/193/793 3468/192/1283 3481/189/1296
f 3469/193/793 3481/189/1296 3482/194/796
f 3481/185/797 3464/186/797 3482/195/797
f 3481/185/737 3447/184/737 3464/186/737
f 3464/186/798 3469/196/798 3482/195/798
f 3479/228/1297 3446/188/1297 3480/187/1297
f 3447/184/737 3480/187/737 3446/188/737
f 3476/222/829 3446/188/829 3479/228/829
f 3466/202/895 3483/237/895 3467/203/895
f 3440/177/896 3467/203/1298 3483/237/802
f 3483/237/785 3484/178/785 3440/177/785
f 3484/178/785 3483/237/785 3466/202/785
f 3444/176/785 3440/177/785 3484/178/785
f 3484/178/785 3485/180/785 3444/176/785
f 3484/178/785 3466/202/785 3465/201/785
f 3463/199/898 3484/178/898 3465/201/898
f 3485/180/785 3484/178/785 3486/239/785
f 3486/239/785 3484/178/785 3487/240/785
f 3487/240/899 3484/178/899 3463/199/899
f 3463/199/800 3486/239/800 3487/240/800
f 3463/199/800 3488/238/800 3486/239/800
f 3488/238/900 3485/180/900 3486/239/900
f 3488/238/800 3463/199/800 3464/179/800
f 3464/179/1299 3485/180/1300 3488/238/787
f 3464/179/1301 3444/176/787 3485/180/1302
f 3464/181/737 3447/182/737 3444/183/737
f 3397/155/1303 3457/232/1304 3437/234/1305
f 3397/155/1303 3398/156/1306 3457/232/1304
f 3441/171/780 3444/174/781 3443/172/782
f 3441/171/783 3440/175/782 3444/174/784
f 3401/149/737 3415/147/737 3418/160/737
f 3401/149/747 3418/160/747 3400/158/747
f 3415/147/737 3401/149/737 3394/145/737
f 3383/285/738 3489/294/738 3390/293/738
f 3490/295/738 3390/293/738 3489/294/738
f 3383/285/1307 3390/293/1307 3384/286/1307
f 3389/291/738 3390/293/738 3490/295/738
f 3490/295/738 3489/294/738 3491/296/738
f 3389/291/1308 3490/295/1308 3492/297/1308
f 3379/282/1309 3490/295/1310 3491/296/1309
f 3490/295/1310 3379/282/1309 3492/297/1311
f 3492/297/1311 3379/282/1309 3493/298/1312
f 3493/298/1313 3389/291/1228 3492/297/1314
f 3387/289/1315 3388/290/1315 3493/298/1315
f 3388/290/1229 3389/291/1228 3493/298/1313
f 3493/298/1316 3494/299/1316 3387/289/1316
f 3493/298/1317 3379/282/1318 3494/299/1318
f 3387/289/1319 3494/299/1320 3379/282/1321
f 3491/296/738 3489/294/738 3495/300/738
f 3496/301/1322 3491/296/1212 3495/300/1323
f 3496/301/1322 3379/282/1324 3491/296/1212
f 3496/301/1322 3380/283/1212 3379/282/1324
f 3497/302/1325 3380/283/1212 3496/301/1322
f 3495/300/1326 3489/294/1326 3496/301/1326
f 3496/301/1327 3489/294/1327 3497/302/1327
f 3489/294/738 3383/285/738 3497/302/738
f 3383/285/1210 3380/283/1212 3497/302/1325
f 3387/289/1328 3498/303/1329 3499/304/1330
f 3387/289/1328 3378/280/1330 3498/303/1329
f 3386/288/1331 3387/289/1332 3499/304/1333
f 3387/289/1319 3379/282/1321 3378/280/1334
f 3501/305/739 3499/304/739 3498/303/739
f 3386/288/1331 3499/304/1333 3500/306/1332
f 3503/307/740 3500/306/740 3499/304/740
f 3499/304/739 3501/305/739 3502/308/739
f 3505/309/740 3499/304/740 3502/308/740
f 3499/304/740 3504/310/740 3503/307/740
f 3504/310/740 3499/304/740 3505/309/740
f 3506/311/800 3504/310/800 3505/309/800
f 3505/309/1335 3502/308/1335 3506/311/1335
f 3507/312/800 3506/311/800 3508/313/800
f 3504/310/800 3506/311/800 3507/312/800
f 3508/313/800 3506/311/800 3509/314/800
f 3506/311/825 3501/305/739 3509/314/1336
f 3502/308/739 3501/305/739 3506/311/825
f 3509/314/1337 3501/305/1338 3508/313/1339
f 3507/312/800 3508/313/800 3510/315/800
f 3510/315/800 3508/313/800 3511/316/800
f 3508/313/1340 3512/317/1341 3511/316/1342
f 3508/313/1343 3501/305/1344 3512/317/1345
f 3514/318/737 3513/319/737 3512/317/737
f 3511/316/1346 3512/317/1346 3513/319/1346
f 3514/318/737 3512/317/737 3515/320/737
f 3501/305/739 3515/320/739 3512/317/739
f 3378/280/1347 3514/318/1347 3515/320/1347
f 3501/305/739 3498/303/739 3515/320/739
f 3498/303/1348 3378/280/1348 3515/320/1348
f 3516/321/737 3514/318/737 3376/278/737
f 3510/315/737 3514/318/737 3516/321/737
f 3376/278/1198 3514/318/1200 3378/280/1199
f 3514/318/737 3510/315/737 3513/319/737
f 3376/278/737 3517/322/737 3516/321/737
f 3516/321/737 3517/322/737 3518/323/737
f 3519/324/1349 3516/321/1349 3518/323/1349
f 3510/315/1350 3516/321/1350 3519/324/1350
f 3507/312/800 3510/315/800 3519/324/800
f 3507/312/800 3519/324/800 3520/325/800
f 3519/324/800 3521/326/800 3520/325/800
f 3521/326/800 3519/324/800 3522/327/800
f 3522/327/800 3519/324/800 3523/328/800
f 3523/328/800 3519/324/800 3517/322/800
f 3517/322/800 3519/324/800 3518/323/800
f 3524/329/1351 3522/327/1351 3523/328/1351
f 3517/322/1352 3524/329/1352 3523/328/1352
f 3517/322/737 3376/278/737 3524/329/737
f 3376/278/785 3525/330/785 3524/329/785
f 3524/329/785 3525/330/785 3522/327/785
f 3375/277/1353 3377/279/1353 3525/330/1353
f 3525/330/1354 3377/279/1354 3526/331/1354
f 3525/330/785 3376/278/785 3375/277/785
f 3526/331/785 3527/332/785 3525/330/785
f 3522/327/785 3525/330/785 3521/326/785
f 3525/330/785 3527/332/785 3521/326/785
f 3527/332/1355 3528/333/1355 3386/288/1355
f 3527/332/785 3526/331/785 3528/333/785
f 3386/288/1356 3500/306/1356 3527/332/1356
f 3500/306/740 3529/334/740 3527/332/740
f 3521/326/785 3527/332/785 3529/334/785
f 3530/335/1357 3529/334/1357 3531/336/1357
f 3521/326/785 3529/334/785 3530/335/785
f 3529/334/740 3500/306/740 3531/336/740
f 3531/336/1358 3520/325/1358 3530/335/1358
f 3531/336/1359 3532/337/1360 3520/325/1360
f 3533/338/1361 3532/337/1361 3531/336/1361
f 3531/336/740 3500/306/740 3533/338/740
f 3533/338/800 3507/312/800 3532/337/800
f 3507/312/800 3533/338/800 3534/339/800
f 3533/338/740 3503/307/740 3534/339/740
f 3533/338/740 3500/306/740 3503/307/740
f 3534/339/1362 3503/307/1362 3507/312/1362
f 3532/337/800 3507/312/800 3520/325/800
f 3530/335/1363 3520/325/1363 3521/326/1363
f 3526/331/1364 3386/288/1365 3528/333/1366
f 3526/331/1367 3377/279/1197 3386/288/1368
f 3510/315/800 3511/316/800 3513/319/800
f 3507/312/1369 3503/307/1369 3504/310/1369
f 3535/276/1370 3536/277/1371 3537/278/1372
f 3535/276/1370 3538/279/1373 3536/277/1371
f 3537/278/1374 3539/280/1375 3535/276/1376
f 3535/276/1377 3542/281/1378 3538/279/1379
f 3535/276/1380 3539/280/1381 3540/282/1382
f 3535/276/1380 3540/282/1382 3541/283/1383
f 3535/276/1384 3541/283/1384 3543/284/1384
f 3543/284/1385 3542/281/1385 3535/276/1385
f 3544/285/1386 3543/284/1387 3541/283/1388
f 3543/284/1387 3544/285/1386 3545/286/1389
f 3545/286/1390 3546/287/1391 3543/284/1392
f 3543/284/1392 3546/287/1391 3542/281/1393
f 3538/279/1394 3542/281/1395 3546/287/1396
f 3538/279/1397 3546/287/1398 3547/288/1399
f 3546/287/1400 3548/289/1401 3547/288/1402
f 3546/287/1400 3549/290/1403 3548/289/1401
f 3546/287/1404 3550/291/1405 3549/290/1406
f 3550/291/1405 3546/287/1404 3551/292/1407
f 3546/287/1391 3552/293/1408 3551/292/1409
f 3552/293/1408 3546/287/1391 3545/286/1390
f 3544/285/738 3553/294/738 3552/293/738
f 3554/295/738 3552/293/738 3553/294/738
f 3544/285/1410 3552/293/1410 3545/286/1410
f 3550/291/738 3552/293/738 3554/295/738
f 3552/293/738 3550/291/738 3551/292/738
f 3554/295/738 3553/294/738 3555/296/738
f 3550/291/1411 3554/295/1411 3556/297/1411
f 3540/282/1412 3554/295/1413 3555/296/1414
f 3554/295/1413 3540/282/1412 3556/297/1413
f 3556/297/1413 3540/282/1412 3557/298/1415
f 3557/298/1416 3550/291/1405 3556/297/1417
f 3548/289/1418 3549/290/1418 3557/298/1418
f 3549/290/1406 3550/291/1405 3557/298/1416
f 3557/298/1419 3558/299/1419 3548/289/1419
f 3557/298/1420 3540/282/1421 3558/299/1422
f 3548/289/1423 3558/299/1424 3540/282/1425
f 3555/296/738 3553/294/738 3559/300/738
f 3560/301/1426 3555/296/1427 3559/300/1428
f 3560/301/1426 3540/282/1429 3555/296/1427
f 3560/301/1426 3541/283/1388 3540/282/1429
f 3561/302/1430 3541/283/1388 3560/301/1426
f 3559/300/1431 3553/294/1431 3560/301/1431
f 3560/301/1432 3553/294/1432 3561/302/1432
f 3553/294/738 3544/285/738 3561/302/738
f 3544/285/1386 3541/283/1388 3561/302/1430
f 3548/289/1433 3562/303/1434 3563/304/1435
f 3548/289/1433 3539/280/1436 3562/303/1434
f 3547/288/1437 3548/289/1438 3563/304/1439
f 3548/289/1423 3540/282/1425 3539/280/1440
f 3565/305/737 3563/304/737 3562/303/737
f 3547/288/1437 3563/304/1439 3564/306/1441
f 3567/307/739 3564/306/739 3563/304/739
f 3563/304/737 3565/305/737 3566/308/737
f 3569/309/739 3563/304/739 3566/308/739
f 3563/304/739 3568/310/739 3567/307/739
f 3568/310/739 3563/304/739 3569/309/739
f 3570/311/800 3568/310/800 3569/309/800
f 3569/309/1442 3566/308/1442 3570/311/1442
f 3571/312/800 3570/311/800 3572/313/800
f 3568/310/800 3570/311/800 3571/312/800
f 3572/313/800 3570/311/800 3573/314/800
f 3570/311/1443 3565/305/737 3573/314/1444
f 3566/308/737 3565/305/737 3570/311/1443
f 3573/314/1445 3565/305/1446 3572/313/1447
f 3571/312/800 3572/313/800 3574/315/800
f 3574/315/800 3572/313/800 3575/316/800
f 3572/313/1448 3576/317/1449 3575/316/1450
f 3572/313/1451 3565/305/1452 3576/317/1453
f 3578/318/785 3577/319/785 3576/317/785
f 3575/316/1454 3576/317/1454 3577/319/1454
f 3578/318/785 3576/317/785 3579/320/785
f 3565/305/737 3579/320/737 3576/317/737
f 3539/280/1455 3578/318/1455 3579/320/1455
f 3565/305/737 3562/303/737 3579/320/737
f 3562/303/1456 3539/280/1456 3579/320/1456
f 3580/321/785 3578/318/785 3537/278/785
f 3574/315/785 3578/318/785 3580/321/785
f 3537/278/1374 3578/318/1457 3539/280/1375
f 3578/318/785 3574/315/785 3577/319/785
f 3537/278/785 3581/322/785 3580/321/785
f 3580/321/785 3581/322/785 3582/323/785
f 3583/324/1458 3580/321/1458 3582/323/1458
f 3574/315/1459 3580/321/1459 3583/324/1459
f 3571/312/800 3574/315/800 3583/324/800
f 3571/312/800 3583/324/800 3584/325/800
f 3583/324/800 3585/326/800 3584/325/800
f 3585/326/800 3583/324/800 3586/327/800
f 3586/327/800 3583/324/800 3587/328/800
f 3587/328/800 3583/324/800 3581/322/800
f 3581/322/800 3583/324/800 3582/323/800
f 3588/329/1460 3586/327/1460 3587/328/1460
f 3581/322/1461 3588/329/1461 3587/328/1461
f 3581/322/785 3537/278/785 3588/329/785
f 3537/278/740 3589/330/740 3588/329/740
f 3588/329/740 3589/330/740 3586/327/740
f 3536/277/1462 3538/279/1462 3589/330/1462
f 3589/330/1463 3538/279/1463 3590/331/1463
f 3589/330/740 3537/278/740 3536/277/740
f 3590/331/740 3591/332/740 3589/330/740
f 3586/327/740 3589/330/740 3585/326/740
f 3589/330/740 3591/332/740 3585/326/740
f 3591/332/1464 3592/333/1464 3547/288/1464
f 3591/332/740 3590/331/740 3592/333/740
f 3547/288/1465 3564/306/1465 3591/332/1465
f 3564/306/739 3593/334/739 3591/332/739
f 3585/326/740 3591/332/740 3593/334/740
f 3594/335/1466 3593/334/1466 3595/336/1466
f 3585/326/740 3593/334/740 3594/335/740
f 3593/334/739 3564/306/739 3595/336/739
f 3595/336/1467 3584/325/1468 3594/335/1469
f 3595/336/1470 3596/337/1471 3584/325/1472
f 3597/338/1473 3596/337/1473 3595/336/1473
f 3595/336/739 3564/306/739 3597/338/739
f 3597/338/800 3571/312/800 3596/337/800
f 3571/312/800 3597/338/800 3598/339/800
f 3597/338/739 3567/307/739 3598/339/739
f 3597/338/739 3564/306/739 3567/307/739
f 3598/339/1474 3567/307/1474 3571/312/1474
f 3596/337/800 3571/312/800 3584/325/800
f 3594/335/1475 3584/325/1475 3585/326/1475
f 3590/331/1476 3547/288/1477 3592/333/1478
f 3590/331/1479 3538/279/1480 3547/288/1481
f 3574/315/800 3575/316/800 3577/319/800
f 3571/312/1482 3567/307/1482 3568/310/1482
usemtl Material.191
f 3599/340/1483 3600/341/1484 3601/342/1485
f 3600/341/1486 3599/340/1487 3602/343/1488
f 3604/344/1489 3599/340/1490 3601/342/1491
f 3602/343/1492 3599/340/1493 3603/345/785
f 3603/345/1494 3599/340/1494 3605/346/1494
f 3599/340/1495 3604/344/1496 3605/346/1497
f 3605/346/1498 3604/344/1499 3606/347/1500
f 3607/348/1501 3605/346/1502 3606/347/1503
f 3607/348/1504 3608/349/1505 3605/346/1506
f 3608/349/1507 3603/345/1507 3605/346/1507
f 3608/349/1508 3602/343/1492 3603/345/785
f 3602/343/1509 3608/349/1510 3609/350/1511
f 3608/349/1512 3607/348/1513 3609/350/1514
f 3602/343/1515 3609/350/1516 3610/351/1517
f 3610/351/800 3609/350/800 3607/348/800
f 3611/352/1518 3602/343/1519 3610/351/1520
f 3610/351/800 3607/348/800 3611/352/800
f 3607/348/1521 3612/353/1522 3611/352/1523
f 3613/354/1524 3611/352/1525 3612/353/1526
f 3602/343/1527 3611/352/1528 3613/354/1529
f 3614/355/1530 3602/343/1531 3613/354/1532
f 3614/355/1533 3613/354/1534 3615/356/1535
f 3615/356/1536 3613/354/1536 3616/357/1536
f 3616/357/1537 3613/354/1537 3612/353/1537
f 3616/357/1538 3607/348/1539 3606/347/1540
f 3607/348/1541 3616/357/1542 3612/353/1543
f 3606/347/1544 3615/356/1545 3616/357/1546
f 3604/344/1547 3615/356/1548 3606/347/1549
f 3615/356/1550 3604/344/1551 3614/355/1552
f 3614/355/738 3604/344/738 3601/342/738
f 3614/355/738 3601/342/738 3600/341/738
f 3602/343/1553 3614/355/1554 3600/341/1555
f 3617/358/1556 3618/359/1556 3619/360/1556
f 3617/358/1556 3620/361/1556 3618/359/1556
f 3617/358/740 3619/360/740 3622/362/740
f 3621/363/1557 3620/361/1557 3617/358/1557
f 3617/358/740 3622/362/740 3621/363/740
f 3622/362/1558 3623/364/1558 3621/363/1558
f 3622/362/1558 3624/365/1558 3623/364/1558
f 3619/360/1559 3624/365/1559 3622/362/1559
f 3623/364/737 3624/365/737 3618/359/737
f 3619/360/1559 3618/359/1559 3624/365/1559
f 3621/363/1557 3623/364/1557 3620/361/1557
f 3623/364/737 3618/359/737 3620/361/737
f 3625/358/1556 3626/359/1556 3627/360/1556
f 3625/358/1556 3628/361/1556 3626/359/1556
f 3625/358/740 3627/360/740 3630/362/740
f 3629/363/1557 3628/361/1557 3625/358/1557
f 3625/358/740 3630/362/740 3629/363/740
f 3630/362/1558 3631/364/1558 3629/363/1558
f 3630/362/1558 3632/365/1558 3631/364/1558
f 3627/360/1559 3632/365/1559 3630/362/1559
f 3631/364/737 3632/365/737 3626/359/737
f 3627/360/1559 3626/359/1559 3632/365/1559
f 3629/363/1557 3631/364/1557 3628/361/1557
f 3631/364/737 3626/359/737 3628/361/737
f 3633/358/1556 3634/359/1556 3635/360/1556
f 3633/358/1556 3636/361/1556 3634/359/1556
f 3633/358/740 3635/360/740 3638/362/740
f 3637/363/1557 3636/361/1557 3633/358/1557
f 3633/358/740 3638/362/740 3637/363/740
f 3638/362/1558 3639/364/1558 3637/363/1558
f 3638/362/1558 3640/365/1558 3639/364/1558
f 3635/360/1559 3640/365/1559 3638/362/1559
f 3639/364/737 3640/365/737 3634/359/737
f 3635/360/1559 3634/359/1559 3640/365/1559
f 3637/363/1557 3639/364/1557 3636/361/1557
f 3639/364/737 3634/359/737 3636/361/737
f 3641/358/1556 3642/359/1556 3643/360/1556
f 3641/358/1556 3644/361/1556 3642/359/1556
f 3641/358/740 3643/360/740 3646/362/740
f 3645/363/1557 3644/361/1557 3641/358/1557
f 3641/358/740 3646/362/740 3645/363/740
f 3646/362/1558 3647/364/1558 3645/363/1558
f 3646/362/1558 3648/365/1558 3647/364/1558
f 3643/360/1559 3648/365/1559 3646/362/1559
f 3647/364/737 3648/365/737 3642/359/737
f 3643/360/1559 3642/359/1559 3648/365/1559
f 3645/363/1557 3647/364/1557 3644/361/1557
f 3647/364/737 3642/359/737 3644/361/737
f 3649/340/1483 3650/341/1484 3651/342/1485
f 3650/341/1486 3649/340/1487 3652/343/1488
f 3654/344/1489 3649/340/1490 3651/342/1491
f 3652/343/1492 3649/340/1560 3653/345/785
f 3653/345/1494 3649/340/1494 3655/346/1494
f 3649/340/1495 3654/344/1496 3655/346/1497
f 3655/346/1498 3654/344/1499 3656/347/1500
f 3657/348/1501 3655/346/1502 3656/347/1503
f 3657/348/1561 3658/349/1562 3655/346/1506
f 3658/349/1507 3653/345/1507 3655/346/1507
f 3658/349/1563 3652/343/1492 3653/345/785
f 3652/343/1509 3658/349/1510 3659/350/1564
f 3658/349/1565 3657/348/1566 3659/350/1514
f 3652/343/1515 3659/350/1516 3660/351/1517
f 3660/351/800 3659/350/800 3657/348/800
f 3661/352/1518 3652/343/1519 3660/351/1520
f 3660/351/800 3657/348/800 3661/352/800
f 3657/348/1521 3662/353/1567 3661/352/1523
f 3663/354/1524 3661/352/1525 3662/353/1526
f 3652/343/1527 3661/352/1568 3663/354/1529
f 3664/355/1569 3652/343/1531 3663/354/1532
f 3664/355/1570 3663/354/1534 3665/356/1535
f 3665/356/1536 3663/354/1536 3666/357/1536
f 3666/357/1537 3663/354/1537 3662/353/1537
f 3666/357/1538 3657/348/1539 3656/347/1540
f 3657/348/1541 3666/357/1542 3662/353/1543
f 3656/347/1544 3665/356/1545 3666/357/1546
f 3654/344/1547 3665/356/1548 3656/347/1549
f 3665/356/1550 3654/344/1571 3664/355/1552
f 3664/355/738 3654/344/738 3651/342/738
f 3664/355/738 3651/342/738 3650/341/738
f 3652/343/1553 3664/355/1572 3650/341/1555
f 3667/340/1573 3668/341/1484 3669/342/1485
f 3668/341/1486 3667/340/1574 3670/343/1488
f 3672/344/1489 3667/340/1490 3669/342/1491
f 3670/343/1492 3667/340/1560 3671/345/785
f 3671/345/1494 3667/340/1494 3673/346/1494
f 3667/340/1495 3672/344/1496 3673/346/1497
f 3673/346/1498 3672/344/1499 3674/347/1500
f 3675/348/1575 3673/346/1502 3674/347/1503
f 3675/348/1561 3676/349/1576 3673/346/1506
f 3676/349/1507 3671/345/1507 3673/346/1507
f 3676/349/1563 3670/343/1492 3671/345/785
f 3670/343/1509 3676/349/1510 3677/350/1577
f 3676/349/1565 3675/348/1578 3677/350/1514
f 3670/343/1515 3677/350/1579 3678/351/1517
f 3678/351/800 3677/350/800 3675/348/800
f 3679/352/1518 3670/343/1519 3678/351/1520
f 3678/351/800 3675/348/800 3679/352/800
f 3675/348/1521 3680/353/1567 3679/352/1523
f 3681/354/1524 3679/352/1525 3680/353/1526
f 3670/343/1527 3679/352/1528 3681/354/1529
f 3682/355/1580 3670/343/1531 3681/354/1532
f 3682/355/1581 3681/354/1534 3683/356/1535
f 3683/356/1536 3681/354/1536 3684/357/1536
f 3684/357/1537 3681/354/1537 3680/353/1537
f 3684/357/1538 3675/348/1539 3674/347/1540
f 3675/348/1541 3684/357/1542 3680/353/1582
f 3674/347/1544 3683/356/1545 3684/357/1546
f 3672/344/1547 3683/356/1548 3674/347/1549
f 3683/356/1550 3672/344/1571 3682/355/1552
f 3682/355/738 3672/344/738 3669/342/738
f 3682/355/738 3669/342/738 3668/341/738
f 3670/343/1553 3682/355/1572 3668/341/1555
f 3685/340/1483 3686/341/1484 3687/342/1485
f 3686/341/1486 3685/340/1487 3688/343/1488
f 3690/344/1583 3685/340/1490 3687/342/1491
f 3688/343/1492 3685/340/1493 3689/345/785
f 3689/345/1494 3685/340/1494 3691/346/1494
f 3685/340/1495 3690/344/1496 3691/346/1497
f 3691/346/1498 3690/344/1499 3692/347/1500
f 3693/348/1501 3691/346/1502 3692/347/1503
f 3693/348/1561 3694/349/1576 3691/346/1506
f 3694/349/1507 3689/345/1507 3691/346/1507
f 3694/349/1563 3688/343/1492 3689/345/785
f 3688/343/1509 3694/349/1510 3695/350/1584
f 3694/349/1512 3693/348/1585 3695/350/1514
f 3688/343/1515 3695/350/1586 3696/351/1517
f 3696/351/800 3695/350/800 3693/348/800
f 3697/352/1587 3688/343/1519 3696/351/1520
f 3696/351/800 3693/348/800 3697/352/800
f 3693/348/1588 3698/353/1567 3697/352/1523
f 3699/354/1524 3697/352/1525 3698/353/1526
f 3688/343/1527 3697/352/1528 3699/354/1529
f 3700/355/1530 3688/343/1531 3699/354/1532
f 3700/355/1581 3699/354/1534 3701/356/1535
f 3701/356/1536 3699/354/1536 3702/357/1536
f 3702/357/1537 3699/354/1537 3698/353/1537
f 3702/357/1538 3693/348/1589 3692/347/1540
f 3693/348/1541 3702/357/1542 3698/353/1582
f 3692/347/1544 3701/356/1545 3702/357/1546
f 3690/344/1547 3701/356/1548 3692/347/1549
f 3701/356/1550 3690/344/1571 3700/355/1552
f 3700/355/738 3690/344/738 3687/342/738
f 3700/355/738 3687/342/738 3686/341/738
f 3688/343/1553 3700/355/1554 3686/341/1555
f 3703/358/1556 3704/359/1556 3705/360/1556
f 3703/358/1556 3706/361/1556 3704/359/1556
f 3703/358/740 3705/360/740 3708/362/740
f 3707/363/1557 3706/361/1557 3703/358/1557
f 3703/358/740 3708/362/740 3707/363/740
f 3708/362/1558 3709/364/1558 3707/363/1558
f 3708/362/1558 3710/365/1558 3709/364/1558
f 3705/360/1559 3710/365/1559 3708/362/1559
f 3709/364/737 3710/365/737 3704/359/737
f 3705/360/1559 3704/359/1559 3710/365/1559
f 3707/363/1557 3709/364/1557 3706/361/1557
f 3709/364/737 3704/359/737 3706/361/737
f 3711/358/1556 3712/359/1556 3713/360/1556
f 3711/358/1556 3714/361/1556 3712/359/1556
f 3711/358/740 3713/360/740 3716/362/740
f 3715/363/1557 3714/361/1557 3711/358/1557
f 3711/358/740 3716/362/740 3715/363/740
f 3716/362/1558 3717/364/1558 3715/363/1558
f 3716/362/1558 3718/365/1558 3717/364/1558
f 3713/360/1559 3718/365/1559 3716/362/1559
f 3717/364/737 3718/365/737 3712/359/737
f 3713/360/1559 3712/359/1559 3718/365/1559
f 3715/363/1557 3717/364/1557 3714/361/1557
f 3717/364/737 3712/359/737 3714/361/737
f 3719/358/1556 3720/359/1556 3721/360/1556
f 3719/358/1556 3722/361/1556 3720/359/1556
f 3719/358/740 3721/360/740 3724/362/740
f 3723/363/1557 3722/361/1557 3719/358/1557
f 3719/358/740 3724/362/740 3723/363/740
f 3724/362/1558 3725/364/1558 3723/363/1558
f 3724/362/1558 3726/365/1558 3725/364/1558
f 3721/360/1559 3726/365/1559 3724/362/1559
f 3725/364/737 3726/365/737 3720/359/737
f 3721/360/1559 3720/359/1559 3726/365/1559
f 3723/363/1557 3725/364/1557 3722/361/1557
f 3725/364/737 3720/359/737 3722/361/737
f 3727/358/1556 3728/359/1556 3729/360/1556
f 3727/358/1556 3730/361/1556 3728/359/1556
f 3727/358/740 3729/360/740 3732/362/740
f 3731/363/1557 3730/361/1557 3727/358/1557
f 3727/358/740 3732/362/740 3731/363/740
f 3732/362/1558 3733/364/1558 3731/363/1558
f 3732/362/1558 3734/365/1558 3733/364/1558
f 3729/360/1559 3734/365/1559 3732/362/1559
f 3733/364/737 3734/365/737 3728/359/737
f 3729/360/1559 3728/359/1559 3734/365/1559
f 3731/363/1557 3733/364/1557 3730/361/1557
f 3733/364/737 3728/359/737 3730/361/737
f 3735/340/1483 3736/341/1484 3737/342/1485
f 3736/341/1486 3735/340/1487 3738/343/1488
f 3740/344/1489 3735/340/1490 3737/342/1491
f 3738/343/1492 3735/340/1560 3739/345/785
f 3739/345/1494 3735/340/1494 3741/346/1494
f 3735/340/1495 3740/344/1590 3741/346/1497
f 3741/346/1498 3740/344/1499 3742/347/1500
f 3743/348/1501 3741/346/1502 3742/347/1503
f 3743/348/1504 3744/349/1576 3741/346/1506
f 3744/349/1507 3739/345/1507 3741/346/1507
f 3744/349/1508 3738/343/1492 3739/345/785
f 3738/343/1509 3744/349/1510 3745/350/1564
f 3744/349/1512 3743/348/1578 3745/350/1514
f 3738/343/1515 3745/350/1516 3746/351/1517
f 3746/351/800 3745/350/800 3743/348/800
f 3747/352/1587 3738/343/1519 3746/351/1520
f 3746/351/800 3743/348/800 3747/352/800
f 3743/348/1588 3748/353/1522 3747/352/1523
f 3749/354/1524 3747/352/1525 3748/353/1526
f 3738/343/1527 3747/352/1528 3749/354/1529
f 3750/355/1530 3738/343/1531 3749/354/1532
f 3750/355/1581 3749/354/1534 3751/356/1535
f 3751/356/1536 3749/354/1536 3752/357/1536
f 3752/357/1537 3749/354/1537 3748/353/1537
f 3752/357/1538 3743/348/1589 3742/347/1540
f 3743/348/1541 3752/357/1591 3748/353/1543
f 3742/347/1544 3751/356/1545 3752/357/1546
f 3740/344/1547 3751/356/1548 3742/347/1549
f 3751/356/1550 3740/344/1551 3750/355/1552
f 3750/355/738 3740/344/738 3737/342/738
f 3750/355/738 3737/342/738 3736/341/738
f 3738/343/1553 3750/355/1572 3736/341/1555
f 3753/340/1573 3754/341/1484 3755/342/1485
f 3754/341/1486 3753/340/1574 3756/343/1488
f 3758/344/1583 3753/340/1490 3755/342/1491
f 3756/343/1492 3753/340/1560 3757/345/785
f 3757/345/1494 3753/340/1494 3759/346/1494
f 3753/340/1495 3758/344/1590 3759/346/1497
f 3759/346/1498 3758/344/1592 3760/347/1500
f 3761/348/1501 3759/346/1502 3760/347/1503
f 3761/348/1561 3762/349/1562 3759/346/1506
f 3762/349/1507 3757/345/1507 3759/346/1507
f 3762/349/1508 3756/343/1492 3757/345/785
f 3756/343/1509 3762/349/1510 3763/350/1577
f 3762/349/1565 3761/348/1513 3763/350/1514
f 3756/343/1515 3763/350/1586 3764/351/1517
f 3764/351/800 3763/350/800 3761/348/800
f 3765/352/1518 3756/343/1519 3764/351/1520
f 3764/351/800 3761/348/800 3765/352/800
f 3761/348/1521 3766/353/1522 3765/352/1523
f 3767/354/1524 3765/352/1525 3766/353/1526
f 3756/343/1527 3765/352/1528 3767/354/1529
f 3768/355/1580 3756/343/1531 3767/354/1532
f 3768/355/1533 3767/354/1534 3769/356/1535
f 3769/356/1536 3767/354/1536 3770/357/1536
f 3770/357/1537 3767/354/1537 3766/353/1537
f 3770/357/1538 3761/348/1589 3760/347/1540
f 3761/348/1541 3770/357/1542 3766/353/1543
f 3760/347/1544 3769/356/1545 3770/357/1546
f 3758/344/1547 3769/356/1548 3760/347/1549
f 3769/356/1550 3758/344/1571 3768/355/1552
f 3768/355/738 3758/344/738 3755/342/738
f 3768/355/738 3755/342/738 3754/341/738
f 3756/343/1553 3768/355/1572 3754/341/1555
f 3771/358/740 3772/359/740 3773/360/740
f 3771/358/740 3774/361/740 3772/359/740
f 3771/358/785 3773/360/785 3776/362/785
f 3775/363/738 3774/361/738 3771/358/738
f 3771/358/785 3776/362/785 3775/363/785
f 3776/362/737 3777/364/737 3775/363/737
f 3776/362/737 3778/365/737 3777/364/737
f 3773/360/800 3778/365/800 3776/362/800
f 3777/364/739 3778/365/739 3772/359/739
f 3773/360/800 3772/359/800 3778/365/800
f 3775/363/738 3777/364/738 3774/361/738
f 3777/364/739 3772/359/739 3774/361/739
f 3779/358/740 3780/359/740 3781/360/740
f 3779/358/740 3782/361/740 3780/359/740
f 3779/358/785 3781/360/785 3784/362/785
f 3783/363/738 3782/361/738 3779/358/738
f 3779/358/785 3784/362/785 3783/363/785
f 3784/362/737 3785/364/737 3783/363/737
f 3784/362/737 3786/365/737 3785/364/737
f 3781/360/800 3786/365/800 3784/362/800
f 3785/364/739 3786/365/739 3780/359/739
f 3781/360/800 3780/359/800 3786/365/800
f 3783/363/738 3785/364/738 3782/361/738
f 3785/364/739 3780/359/739 3782/361/739
f 3787/358/740 3788/359/740 3789/360/740
f 3787/358/740 3790/361/740 3788/359/740
f 3787/358/785 3789/360/785 3792/362/785
f 3791/363/738 3790/361/738 3787/358/738
f 3787/358/785 3792/362/785 3791/363/785
f 3792/362/737 3793/364/737 3791/363/737
f 3792/362/737 3794/365/737 3793/364/737
f 3789/360/800 3794/365/800 3792/362/800
f 3793/364/739 3794/365/739 3788/359/739
f 3789/360/800 3788/359/800 3794/365/800
f 3791/363/738 3793/364/738 3790/361/738
f 3793/364/739 3788/359/739 3790/361/739
f 3795/358/740 3796/359/740 3797/360/740
f 3795/358/740 3798/361/740 3796/359/740
f 3795/358/785 3797/360/785 3800/362/785
f 3799/363/738 3798/361/738 3795/358/738
f 3795/358/785 3800/362/785 3799/363/785
f 3800/362/737 3801/364/737 3799/363/737
f 3800/362/737 3802/365/737 3801/364/737
f 3797/360/800 3802/365/800 3800/362/800
f 3801/364/739 3802/365/739 3796/359/739
f 3797/360/800 3796/359/800 3802/365/800
f 3799/363/738 3801/364/738 3798/361/738
f 3801/364/739 3796/359/739 3798/361/739
f 3803/340/1593 3804/341/1594 3805/342/1595
f 3804/341/1596 3803/340/1597 3806/343/1598
f 3808/344/1599 3803/340/1600 3805/342/1601
f 3806/343/1602 3803/340/1603 3807/345/785
f 3807/345/1604 3803/340/1604 3809/346/1604
f 3803/340/1605 3808/344/1606 3809/346/1607
f 3809/346/1608 3808/344/1609 3810/347/1610
f 3811/348/1611 3809/346/1612 3810/347/1613
f 3811/348/1614 3812/349/1615 3809/346/1616
f 3812/349/1617 3807/345/1617 3809/346/1617
f 3812/349/1618 3806/343/1602 3807/345/785
f 3806/343/1619 3812/349/1620 3813/350/1621
f 3812/349/1622 3811/348/1623 3813/350/1624
f 3806/343/1625 3813/350/1626 3814/351/1627
f 3814/351/800 3813/350/800 3811/348/800
f 3815/352/1628 3806/343/1629 3814/351/1630
f 3814/351/800 3811/348/800 3815/352/800
f 3811/348/1631 3816/353/1632 3815/352/1633
f 3817/354/1634 3815/352/1635 3816/353/1636
f 3806/343/1637 3815/352/1638 3817/354/1639
f 3818/355/1640 3806/343/1641 3817/354/1642
f 3818/355/1643 3817/354/1644 3819/356/1645
f 3819/356/1646 3817/354/1646 3820/357/1646
f 3820/357/1647 3817/354/1647 3816/353/1647
f 3820/357/1648 3811/348/1649 3810/347/1650
f 3811/348/1651 3820/357/1652 3816/353/1653
f 3810/347/1654 3819/356/1655 3820/357/1656
f 3808/344/1657 3819/356/1658 3810/347/1659
f 3819/356/1660 3808/344/1661 3818/355/1662
f 3818/355/738 3808/344/738 3805/342/738
f 3818/355/738 3805/342/738 3804/341/738
f 3806/343/1663 3818/355/1664 3804/341/1665
f 3821/340/1593 3822/341/1594 3823/342/1595
f 3822/341/1596 3821/340/1597 3824/343/1666
f 3826/344/1599 3821/340/1600 3823/342/1601
f 3824/343/1602 3821/340/1603 3825/345/785
f 3825/345/1604 3821/340/1604 3827/346/1604
f 3821/340/1605 3826/344/1606 3827/346/1607
f 3827/346/1608 3826/344/1609 3828/347/1610
f 3829/348/1667 3827/346/1612 3828/347/1668
f 3829/348/1614 3830/349/1669 3827/346/1616
f 3830/349/1670 3825/345/1670 3827/346/1670
f 3830/349/1618 3824/343/1602 3825/345/785
f 3824/343/1619 3830/349/1620 3831/350/1621
f 3830/349/1671 3829/348/1672 3831/350/1624
f 3824/343/1625 3831/350/1626 3832/351/1627
f 3832/351/800 3831/350/800 3829/348/800
f 3833/352/1628 3824/343/1629 3832/351/1630
f 3832/351/800 3829/348/800 3833/352/800
f 3829/348/1631 3834/353/1632 3833/352/1633
f 3835/354/1634 3833/352/1635 3834/353/1636
f 3824/343/1637 3833/352/1638 3835/354/1639
f 3836/355/1640 3824/343/1641 3835/354/1642
f 3836/355/1673 3835/354/1644 3837/356/1645
f 3837/356/1646 3835/354/1646 3838/357/1646
f 3838/357/1647 3835/354/1647 3834/353/1647
f 3838/357/1674 3829/348/1649 3828/347/1650
f 3829/348/1651 3838/357/1675 3834/353/1653
f 3828/347/1654 3837/356/1655 3838/357/1656
f 3826/344/1657 3837/356/1658 3828/347/1659
f 3837/356/1660 3826/344/1661 3836/355/1662
f 3836/355/738 3826/344/738 3823/342/738
f 3836/355/738 3823/342/738 3822/341/738
f 3824/343/1663 3836/355/1676 3822/341/1665
f 3839/340/1677 3840/341/1678 3841/342/1679
f 3840/341/1680 3839/340/1681 3842/343/1682
f 3844/344/1683 3839/340/1684 3841/342/1685
f 3842/343/1686 3839/340/1687 3843/345/785
f 3843/345/1688 3839/340/1688 3845/346/1688
f 3839/340/1689 3844/344/1690 3845/346/1691
f 3845/346/1692 3844/344/1693 3846/347/1694
f 3847/348/1695 3845/346/1696 3846/347/1697
f 3847/348/1698 3848/349/1576 3845/346/1699
f 3848/349/1700 3843/345/1700 3845/346/1700
f 3848/349/1563 3842/343/1686 3843/345/785
f 3842/343/1701 3848/349/1702 3849/350/1703
f 3848/349/1704 3847/348/1705 3849/350/1706
f 3842/343/1707 3849/350/1708 3850/351/1709
f 3850/351/800 3849/350/800 3847/348/800
f 3851/352/1710 3842/343/1711 3850/351/1710
f 3850/351/800 3847/348/800 3851/352/800
f 3847/348/1712 3852/353/1713 3851/352/1714
f 3853/354/1715 3851/352/1716 3852/353/1717
f 3842/343/1718 3851/352/1719 3853/354/1720
f 3854/355/1721 3842/343/1722 3853/354/1723
f 3854/355/1724 3853/354/1725 3855/356/1726
f 3855/356/1727 3853/354/1727 3856/357/1727
f 3856/357/1728 3853/354/1728 3852/353/1728
f 3856/357/1729 3847/348/1730 3846/347/1731
f 3847/348/1732 3856/357/1733 3852/353/1734
f 3846/347/1735 3855/356/1736 3856/357/1737
f 3844/344/1738 3855/356/1739 3846/347/1740
f 3855/356/1741 3844/344/1742 3854/355/1743
f 3854/355/738 3844/344/738 3841/342/738
f 3854/355/738 3841/342/738 3840/341/738
f 3842/343/1744 3854/355/1745 3840/341/1746
f 3857/340/1677 3858/341/1678 3859/342/1679
f 3858/341/1680 3857/340/1681 3860/343/1682
f 3862/344/1683 3857/340/1684 3859/342/1685
f 3860/343/1686 3857/340/1687 3861/345/785
f 3861/345/1688 3857/340/1688 3863/346/1688
f 3857/340/1689 3862/344/1747 3863/346/1691
f 3863/346/1692 3862/344/1748 3864/347/1694
f 3865/348/1749 3863/346/1696 3864/347/1697
f 3865/348/1750 3866/349/1576 3863/346/1699
f 3866/349/1700 3861/345/1700 3863/346/1700
f 3866/349/1508 3860/343/1686 3861/345/785
f 3860/343/1701 3866/349/1751 3867/350/1703
f 3866/349/1704 3865/348/1752 3867/350/1706
f 3860/343/1707 3867/350/1753 3868/351/1709
f 3868/351/800 3867/350/800 3865/348/800
f 3869/352/1710 3860/343/1711 3868/351/1710
f 3868/351/800 3865/348/800 3869/352/800
f 3865/348/1712 3870/353/1713 3869/352/1714
f 3871/354/1715 3869/352/1716 3870/353/1717
f 3860/343/1754 3869/352/1719 3871/354/1720
f 3872/355/1755 3860/343/1722 3871/354/1723
f 3872/355/1724 3871/354/1725 3873/356/1726
f 3873/356/1727 3871/354/1727 3874/357/1727
f 3874/357/1728 3871/354/1728 3870/353/1728
f 3874/357/1729 3865/348/1730 3864/347/1731
f 3865/348/1732 3874/357/1733 3870/353/1734
f 3864/347/1735 3873/356/1736 3874/357/1737
f 3862/344/1738 3873/356/1739 3864/347/1740
f 3873/356/1741 3862/344/1756 3872/355/1743
f 3872/355/738 3862/344/738 3859/342/738
f 3872/355/738 3859/342/738 3858/341/738
f 3860/343/1744 3872/355/1745 3858/341/1746
f 3875/340/1677 3876/341/1678 3877/342/1679
f 3876/341/1680 3875/340/1681 3878/343/1682
f 3880/344/1683 3875/340/1684 3877/342/1685
f 3878/343/1686 3875/340/1687 3879/345/785
f 3879/345/1688 3875/340/1688 3881/346/1688
f 3875/340/1689 3880/344/1690 3881/346/1691
f 3881/346/1692 3880/344/1693 3882/347/1694
f 3883/348/1757 3881/346/1696 3882/347/1697
f 3883/348/1750 3884/349/1758 3881/346/1699
f 3884/349/1700 3879/345/1700 3881/346/1700
f 3884/349/1508 3878/343/1686 3879/345/785
f 3878/343/1701 3884/349/1751 3885/350/1759
f 3884/349/1565 3883/348/1760 3885/350/1706
f 3878/343/1707 3885/350/1761 3886/351/1709
f 3886/351/800 3885/350/800 3883/348/800
f 3887/352/1710 3878/343/1711 3886/351/1710
f 3886/351/800 3883/348/800 3887/352/800
f 3883/348/1712 3888/353/1713 3887/352/1714
f 3889/354/1715 3887/352/1716 3888/353/1717
f 3878/343/1718 3887/352/1719 3889/354/1720
f 3890/355/1721 3878/343/1722 3889/354/1723
f 3890/355/1724 3889/354/1725 3891/356/1726
f 3891/356/1727 3889/354/1727 3892/357/1727
f 3892/357/1728 3889/354/1728 3888/353/1728
f 3892/357/1729 3883/348/1762 3882/347/1731
f 3883/348/1732 3892/357/1763 3888/353/1734
f 3882/347/1735 3891/356/1736 3892/357/1737
f 3880/344/1738 3891/356/1739 3882/347/1740
f 3891/356/1741 3880/344/1742 3890/355/1743
f 3890/355/738 3880/344/738 3877/342/738
f 3890/355/738 3877/342/738 3876/341/738
f 3878/343/1744 3890/355/1745 3876/341/1746
f 3893/340/1677 3894/341/1678 3895/342/1679
f 3894/341/1680 3893/340/1681 3896/343/1682
f 3898/344/1683 3893/340/1764 3895/342/1685
f 3896/343/1686 3893/340/1687 3897/345/785
f 3897/345/1688 3893/340/1688 3899/346/1688
f 3893/340/1765 3898/344/1690 3899/346/1691
f 3899/346/1692 3898/344/1693 3900/347/1694
f 3901/348/1749 3899/346/1696 3900/347/1697
f 3901/348/1766 3902/349/1758 3899/346/1699
f 3902/349/1700 3897/345/1700 3899/346/1700
f 3902/349/1563 3896/343/1686 3897/345/785
f 3896/343/1701 3902/349/1702 3903/350/1759
f 3902/349/1767 3901/348/1752 3903/350/1706
f 3896/343/1707 3903/350/1708 3904/351/1709
f 3904/351/800 3903/350/800 3901/348/800
f 3905/352/1710 3896/343/1711 3904/351/1710
f 3904/351/800 3901/348/800 3905/352/800
f 3901/348/1712 3906/353/1713 3905/352/1714
f 3907/354/1715 3905/352/1716 3906/353/1717
f 3896/343/1754 3905/352/1719 3907/354/1720
f 3908/355/1768 3896/343/1722 3907/354/1723
f 3908/355/1724 3907/354/1725 3909/356/1726
f 3909/356/1727 3907/354/1727 3910/357/1727
f 3910/357/1728 3907/354/1728 3906/353/1728
f 3910/357/1729 3901/348/1762 3900/347/1731
f 3901/348/1769 3910/357/1763 3906/353/1734
f 3900/347/1735 3909/356/1736 3910/357/1737
f 3898/344/1738 3909/356/1739 3900/347/1740
f 3909/356/1741 3898/344/1756 3908/355/1743
f 3908/355/738 3898/344/738 3895/342/738
f 3908/355/738 3895/342/738 3894/341/738
f 3896/343/1744 3908/355/1745 3894/341/1746
f 3911/358/1770 3912/359/1770 3913/360/1770
f 3911/358/1770 3914/361/1770 3912/359/1770
f 3911/358/785 3913/360/785 3916/362/785
f 3915/363/1771 3914/361/1771 3911/358/1771
f 3911/358/785 3916/362/785 3915/363/785
f 3916/362/1772 3917/364/1772 3915/363/1772
f 3916/362/1772 3918/365/1772 3917/364/1772
f 3913/360/1773 3918/365/1773 3916/362/1773
f 3917/364/739 3918/365/739 3912/359/739
f 3913/360/1773 3912/359/1773 3918/365/1773
f 3915/363/1771 3917/364/1771 3914/361/1771
f 3917/364/739 3912/359/739 3914/361/739
f 3919/358/1770 3920/359/1770 3921/360/1770
f 3919/358/1770 3922/361/1770 3920/359/1770
f 3919/358/785 3921/360/785 3924/362/785
f 3923/363/1771 3922/361/1771 3919/358/1771
f 3919/358/785 3924/362/785 3923/363/785
f 3924/362/1772 3925/364/1772 3923/363/1772
f 3924/362/1772 3926/365/1772 3925/364/1772
f 3921/360/1773 3926/365/1773 3924/362/1773
f 3925/364/739 3926/365/739 3920/359/739
f 3921/360/1773 3920/359/1773 3926/365/1773
f 3923/363/1771 3925/364/1771 3922/361/1771
f 3925/364/739 3920/359/739 3922/361/739
f 3927/358/1770 3928/359/1770 3929/360/1770
f 3927/358/1770 3930/361/1774 3928/359/1770
f 3927/358/785 3929/360/785 3932/362/785
f 3931/363/1771 3930/361/1771 3927/358/1771
f 3927/358/785 3932/362/785 3931/363/785
f 3932/362/1772 3933/364/1772 3931/363/1772
f 3932/362/1772 3934/365/1772 3933/364/1772
f 3929/360/1773 3934/365/1773 3932/362/1773
f 3933/364/739 3934/365/739 3928/359/739
f 3929/360/1773 3928/359/1773 3934/365/1773
f 3931/363/1771 3933/364/1771 3930/361/1771
f 3933/364/739 3928/359/739 3930/361/739
f 3935/358/1770 3936/359/1770 3937/360/1770
f 3935/358/1770 3938/361/1770 3936/359/1770
f 3935/358/785 3937/360/785 3940/362/785
f 3939/363/1771 3938/361/1771 3935/358/1771
f 3935/358/785 3940/362/785 3939/363/785
f 3940/362/1772 3941/364/1772 3939/363/1772
f 3940/362/1772 3942/365/1772 3941/364/1772
f 3937/360/1773 3942/365/1773 3940/362/1773
f 3941/364/739 3942/365/739 3936/359/739
f 3937/360/1773 3936/359/1773 3942/365/1773
f 3939/363/1771 3941/364/1771 3938/361/1771
f 3941/364/739 3936/359/739 3938/361/739
f 3943/358/740 3944/359/740 3945/360/740
f 3943/358/740 3946/361/740 3944/359/740
f 3943/358/785 3945/360/785 3948/362/785
f 3947/363/738 3946/361/738 3943/358/738
f 3943/358/785 3948/362/785 3947/363/785
f 3948/362/737 3949/364/737 3947/363/737
f 3948/362/737 3950/365/737 3949/364/737
f 3945/360/800 3950/365/800 3948/362/800
f 3949/364/739 3950/365/739 3944/359/739
f 3945/360/800 3944/359/800 3950/365/800
f 3947/363/738 3949/364/738 3946/361/738
f 3949/364/739 3944/359/739 3946/361/739
f 3951/358/740 3952/359/740 3953/360/740
f 3951/358/740 3954/361/740 3952/359/740
f 3951/358/785 3953/360/785 3956/362/785
f 3955/363/738 3954/361/738 3951/358/738
f 3951/358/785 3956/362/785 3955/363/785
f 3956/362/737 3957/364/737 3955/363/737
f 3956/362/737 3958/365/737 3957/364/737
f 3953/360/800 3958/365/800 3956/362/800
f 3957/364/739 3958/365/739 3952/359/739
f 3953/360/800 3952/359/800 3958/365/800
f 3955/363/738 3957/364/738 3954/361/738
f 3957/364/739 3952/359/739 3954/361/739
f 3959/358/739 3960/359/739 3961/360/739
f 3959/358/739 3962/361/739 3960/359/739
f 3959/358/740 3961/360/740 3964/362/740
f 3963/363/738 3962/361/738 3959/358/738
f 3959/358/740 3964/362/740 3963/363/740
f 3964/362/785 3965/364/785 3963/363/785
f 3964/362/785 3966/365/785 3965/364/785
f 3961/360/800 3966/365/800 3964/362/800
f 3965/364/737 3966/365/737 3960/359/737
f 3961/360/800 3960/359/800 3966/365/800
f 3963/363/738 3965/364/738 3962/361/738
f 3965/364/737 3960/359/737 3962/361/737
f 3967/358/739 3968/359/739 3969/360/739
f 3967/358/739 3970/361/739 3968/359/739
f 3967/358/740 3969/360/740 3972/362/740
f 3971/363/738 3970/361/738 3967/358/738
f 3967/358/740 3972/362/740 3971/363/740
f 3972/362/785 3973/364/785 3971/363/785
f 3972/362/785 3974/365/785 3973/364/785
f 3969/360/800 3974/365/800 3972/362/800
f 3973/364/737 3974/365/737 3968/359/737
f 3969/360/800 3968/359/800 3974/365/800
f 3971/363/738 3973/364/738 3970/361/738
f 3973/364/737 3968/359/737 3970/361/737
