# Blender 5.2.0 LTS
# www.blender.org
mtllib chest_base.mtl
o chest
v -0.218146 0.130254 0.075847
v -0.225503 0.057380 0.081710
v -0.226407 0.215351 0.082579
v -0.218146 0.130402 -0.089726
v -0.225503 0.057538 -0.095719
v -0.226407 0.215510 -0.096306
v 0.223897 0.130255 0.075847
v 0.231255 0.057380 0.081710
v 0.232159 0.215351 0.082579
v 0.231255 0.057539 -0.095719
v 0.223897 0.130402 -0.089726
v 0.232158 0.215510 -0.096306
v -0.236122 0.002473 0.135183
v -0.226025 0.130212 0.123264
v 0.191246 0.002472 0.136731
v -0.180734 0.002472 0.136735
v -0.170825 0.130219 0.115469
v -0.218146 0.130254 0.075847
v -0.239830 0.002517 0.086399
v -0.225504 0.057382 0.081704
v -0.233263 0.056037 0.131672
v -0.175137 0.057255 0.123926
v -0.239067 0.245218 0.138408
v -0.174098 0.130209 0.126553
v -0.180734 0.002516 0.086952
v -0.236539 0.055688 -0.097852
v -0.236536 0.055526 0.083804
v -0.229230 0.130252 0.077943
v -0.034528 0.211031 0.125111
v -0.175667 0.211031 0.125111
v -0.235540 0.214119 0.134313
v -0.226409 0.215374 0.082584
v -0.180734 0.245604 0.138408
v -0.034528 0.214502 0.134834
v -0.178939 0.214400 0.135203
v -0.240506 0.245967 -0.101977
v -0.240502 0.245817 0.087169
v -0.237477 0.214410 0.084675
v -0.034528 0.178902 0.118265
v -0.180734 0.178902 0.118265
v -0.217482 0.178902 0.118265
v -0.217482 0.179013 -0.006896
v -0.098785 0.205930 0.058461
v 0.241873 0.002473 0.135183
v 0.245581 0.002516 0.086952
v 0.239014 0.056037 0.131672
v 0.244822 0.245428 0.138399
v -0.007365 0.246047 0.138368
v 0.040279 0.214502 0.134834
v 0.184691 0.214400 0.135203
v 0.184161 0.055648 0.134940
v -0.178413 0.055648 0.134943
v 0.186485 0.178902 0.118265
v 0.223234 0.178902 0.118265
v 0.179849 0.130209 0.126553
v 0.231777 0.130212 0.123264
v 0.241292 0.214119 0.134313
v 0.104536 0.205930 0.058461
v 0.223234 0.179014 -0.006896
v 0.140324 0.207093 -0.006871
v 0.246257 0.245797 0.088304
v 0.243205 0.214567 0.084674
v 0.243228 0.214573 -0.098403
v 0.186485 0.013601 0.086961
v -0.180734 0.013601 0.086961
v 0.186485 0.002516 0.086952
v 0.242290 0.055526 0.083840
v 0.040279 0.178902 0.118265
v 0.002876 0.205193 0.080143
v 0.002876 0.178902 0.118265
v 0.234981 0.130253 0.077943
v 0.176577 0.130219 0.115469
v 0.180888 0.057255 0.123926
v 0.231255 0.057380 0.081710
v 0.223897 0.130255 0.075848
v 0.232158 0.215351 0.082580
v 0.228429 0.246824 0.121900
v 0.002876 0.214502 0.134834
v 0.181418 0.211031 0.125111
v -0.222679 0.246820 0.121898
v 0.002876 0.211031 0.125111
v 0.040279 0.211031 0.125111
v 0.232161 0.215534 -0.096310
v 0.002876 0.221494 -0.006858
v -0.236122 0.002727 -0.149289
v -0.239830 0.002684 -0.101058
v -0.233263 0.056285 -0.145683
v -0.239071 0.245687 -0.152071
v 0.013122 0.246307 -0.152039
v -0.178939 0.214654 -0.148931
v -0.178410 0.055902 -0.148951
v 0.184164 0.055902 -0.148955
v -0.180734 0.179125 -0.132056
v -0.217482 0.179125 -0.132056
v -0.174098 0.130447 -0.140431
v -0.226025 0.130445 -0.137143
v -0.235540 0.214371 -0.148042
v -0.098785 0.206046 -0.072205
v -0.134572 0.207092 -0.006871
v -0.237454 0.214731 -0.098402
v -0.180734 0.013768 -0.101048
v -0.180734 0.002684 -0.101058
v -0.034528 0.179125 -0.132056
v 0.002876 0.205348 -0.093888
v 0.002876 0.179125 -0.132056
v -0.229230 0.130404 -0.091821
v -0.170825 0.130438 -0.129347
v -0.175137 0.057489 -0.137935
v 0.180888 0.057489 -0.137935
v -0.225503 0.057538 -0.095719
v -0.218146 0.130402 -0.089726
v -0.226407 0.215510 -0.096306
v -0.222678 0.247059 -0.135570
v 0.228430 0.247050 -0.135568
v -0.175668 0.211264 -0.138845
v 0.241873 0.002727 -0.149289
v 0.239014 0.056285 -0.145683
v 0.242287 0.055689 -0.097816
v 0.245582 0.002684 -0.100506
v 0.186485 0.245863 -0.152081
v 0.184691 0.214654 -0.148931
v 0.002891 0.214757 -0.148537
v 0.186485 0.002729 -0.150842
v -0.185495 0.002728 -0.150838
v 0.186485 0.179125 -0.132056
v 0.223234 0.179125 -0.132056
v 0.179849 0.130448 -0.140431
v 0.241292 0.214371 -0.148042
v 0.231777 0.130445 -0.137143
v 0.104536 0.206047 -0.072205
v 0.246253 0.245985 -0.100841
v 0.186485 0.013769 -0.101048
v 0.186485 0.002684 -0.101058
v 0.040279 0.179125 -0.132056
v 0.244818 0.245477 -0.152081
v 0.234981 0.130404 -0.091821
v 0.176577 0.130438 -0.129347
v 0.231255 0.057541 -0.095713
v 0.223897 0.130402 -0.089726
v 0.181418 0.211264 -0.138846
v -0.170825 0.130219 0.115469
v -0.175137 0.057255 0.123926
v 0.180888 0.057255 0.123926
v -0.175667 0.211031 0.125111
v 0.176577 0.130219 0.115469
v 0.181418 0.211031 0.125111
v -0.170825 0.130438 -0.129347
v -0.175667 0.211267 -0.138845
v 0.176577 0.130438 -0.129347
v 0.180888 0.057489 -0.137935
v -0.175137 0.057489 -0.137935
v 0.181418 0.211267 -0.138845
v -0.130708 0.244303 -0.157791
v -0.083263 0.244303 -0.157791
v -0.129408 0.221206 -0.155791
v -0.083402 0.222206 -0.155878
v -0.130708 0.244913 -0.150749
v -0.083263 0.244913 -0.150749
v -0.129408 0.221816 -0.148749
v -0.083402 0.222816 -0.148836
v 0.135160 0.221207 -0.155791
v 0.089153 0.222206 -0.155878
v 0.089014 0.244304 -0.157791
v 0.136459 0.244304 -0.157791
v 0.089153 0.222816 -0.148836
v 0.089014 0.244913 -0.150749
v 0.136459 0.244913 -0.150749
v 0.135160 0.221816 -0.148749
v -0.034528 0.178319 0.120717
v 0.002876 0.174211 0.120717
v -0.029774 0.185018 0.133653
v 0.002876 0.181463 0.130660
v 0.035525 0.185018 0.133653
v 0.040279 0.178319 0.120717
v -0.011004 0.185897 0.130788
v -0.031045 0.205938 0.130788
v 0.036796 0.205938 0.130788
v 0.016755 0.185897 0.130788
v -0.011004 0.253738 0.130788
v -0.031045 0.233697 0.130788
v 0.016755 0.253738 0.130788
v 0.036796 0.233697 0.130788
v -0.009629 0.250337 0.150720
v 0.015190 0.229755 0.150720
v 0.007266 0.214070 0.144881
v 0.013888 0.220692 0.144881
v -0.001515 0.214070 0.144881
v -0.008137 0.220692 0.144881
v -0.008137 0.229473 0.144881
v 0.013888 0.229473 0.144881
v 0.007266 0.236095 0.144881
v -0.001515 0.236095 0.144881
v 0.012011 0.197655 0.144881
v -0.006259 0.197655 0.144881
v 0.015027 0.189903 0.150720
v 0.016755 0.185544 0.146971
v 0.036796 0.205938 0.146971
v 0.033283 0.208629 0.150720
v -0.009276 0.189903 0.150720
v -0.011004 0.185544 0.146971
v -0.027532 0.208629 0.150720
v -0.031045 0.205938 0.146971
v -0.027444 0.233129 0.150720
v -0.031045 0.233697 0.146971
v 0.036796 0.233697 0.146971
v 0.033195 0.233129 0.150720
v 0.016755 0.253204 0.146972
v 0.015305 0.250337 0.150720
v -0.011004 0.253204 0.146972
v 0.007266 0.214070 0.149473
v 0.008711 0.213560 0.150720
v 0.015182 0.220023 0.150720
v 0.013888 0.220692 0.149473
v -0.008137 0.220692 0.149473
v -0.009426 0.220021 0.150720
v -0.002960 0.213560 0.150720
v -0.001515 0.214070 0.149473
v -0.002109 0.237098 0.150720
v -0.001515 0.236095 0.149473
v -0.008137 0.229473 0.149473
v -0.009440 0.229748 0.150720
v 0.007860 0.237098 0.150720
v 0.007266 0.236095 0.149473
v 0.013888 0.229473 0.149473
v 0.012011 0.197655 0.149473
v 0.013668 0.196408 0.150720
v -0.007917 0.196408 0.150720
v -0.006259 0.197655 0.149473
v -0.088092 -0.000936 0.138965
v -0.088074 0.000392 0.140244
v -0.091556 -0.000001 0.143445
v -0.091687 -0.004115 0.139709
v -0.087244 0.056186 0.140869
v -0.090417 0.056558 0.144017
v -0.088092 -0.003476 0.086938
v -0.091222 -0.006619 0.086943
v -0.092479 0.245490 -0.158051
v -0.088051 0.242970 -0.156241
v -0.088004 0.241101 -0.157897
v -0.091660 0.241474 -0.160666
v -0.089937 0.207299 -0.151071
v -0.091476 0.207957 -0.152782
v -0.091036 0.212637 -0.156407
v -0.087315 0.211168 -0.152500
v -0.090887 0.058440 -0.155839
v -0.090494 0.062671 -0.151897
v -0.087146 0.059083 -0.151893
v -0.091726 0.000102 -0.157373
v -0.088076 0.000712 -0.154245
v -0.088092 -0.000618 -0.153018
v -0.091712 -0.003874 -0.153824
v -0.091220 -0.006437 -0.100833
v -0.088092 -0.003298 -0.101168
v -0.086042 0.060952 -0.141727
v -0.089663 0.063134 -0.148969
v -0.090790 0.063321 -0.147699
v -0.089826 0.066835 -0.144322
v -0.088531 0.068072 -0.144228
v -0.091012 0.206637 -0.149037
v -0.086233 0.208006 -0.143149
v -0.089817 0.203416 -0.145941
v -0.084462 0.130438 -0.135337
v -0.087330 0.130427 -0.138537
v -0.113953 -0.004179 0.139410
v -0.113790 -0.000303 0.143382
v -0.117429 0.000345 0.140200
v -0.117457 -0.000980 0.138919
v -0.113007 0.056433 0.144041
v -0.116141 0.056134 0.140887
v -0.111459 0.208122 -0.153169
v -0.116427 0.211601 -0.152626
v -0.113146 0.213260 -0.156709
v -0.114328 -0.006427 -0.101212
v -0.117457 -0.003307 -0.100962
v -0.111471 0.068491 -0.143845
v -0.110252 0.067208 -0.143976
v -0.110977 0.063632 -0.146653
v -0.114282 0.061294 -0.141493
v -0.117457 -0.003465 0.087147
v -0.114318 -0.006616 0.086782
v -0.114409 0.245575 -0.156640
v -0.113052 0.245429 -0.158051
v -0.113507 0.241585 -0.160757
v -0.117324 0.241062 -0.157441
v -0.111798 0.062539 -0.152483
v -0.112725 0.057893 -0.156128
v -0.116150 0.058828 -0.152308
v -0.113967 -0.003902 -0.153592
v -0.117457 -0.000672 -0.152983
v -0.117431 0.000656 -0.154222
v -0.113541 -0.000122 -0.157386
v -0.112493 0.207412 -0.151496
v -0.110665 0.206479 -0.148704
v -0.110069 0.202230 -0.145494
v -0.111288 0.200950 -0.145354
v -0.114580 0.207687 -0.142958
v -0.111837 0.130438 -0.135339
v -0.109203 0.130439 -0.138482
v -0.116248 0.189401 0.137472
v -0.113112 0.188281 0.140495
v -0.087309 0.189409 0.137444
v -0.090437 0.188322 0.140419
v -0.113049 0.108273 0.136789
v -0.116180 0.108047 0.133661
v -0.087267 0.108051 0.133650
v -0.090383 0.108372 0.136793
v -0.111852 0.202904 0.144814
v -0.116249 0.200882 0.142081
v -0.116248 0.199042 0.142717
v -0.112389 0.198264 0.145971
v -0.090364 0.203586 0.143535
v -0.091705 0.202910 0.144794
v -0.091010 0.198158 0.145817
v -0.087309 0.199049 0.142690
v -0.090407 0.169516 0.136486
v -0.087299 0.169683 0.133311
v -0.113099 0.169356 0.136465
v -0.116231 0.169675 0.133336
v -0.091222 0.002476 0.132339
v -0.092488 0.002475 0.133605
v -0.091902 0.005600 0.136630
v -0.090616 0.006865 0.136587
v -0.088092 -0.000644 0.139990
v -0.090110 0.055526 0.134921
v -0.087240 0.055919 0.138063
v -0.091171 0.245650 -0.156625
v -0.092483 0.245795 -0.155193
v -0.091745 0.242518 -0.151641
v -0.087997 0.241497 -0.154176
v -0.087431 0.212738 -0.151057
v -0.090657 0.219086 -0.149175
v -0.091896 0.217827 -0.149043
v -0.091492 0.213680 -0.145753
v -0.091205 0.052851 -0.149054
v -0.087241 0.058721 -0.151897
v -0.090708 0.056165 -0.146490
v -0.091152 0.007122 -0.150686
v -0.092438 0.005857 -0.150731
v -0.092488 0.002726 -0.147712
v -0.091222 0.002725 -0.146446
v -0.088092 -0.000382 -0.154102
v -0.088093 -0.000575 0.036634
v -0.089392 0.061387 -0.137407
v -0.090186 0.056910 -0.141460
v -0.086012 0.060451 -0.141516
v -0.089938 0.212907 -0.143335
v -0.091012 0.212302 -0.141799
v -0.089019 0.207267 -0.138308
v -0.086231 0.208850 -0.142394
v -0.087375 0.130727 -0.129370
v -0.084475 0.130231 -0.132568
v -0.113061 0.002475 0.133605
v -0.117457 -0.000688 0.139947
v -0.114697 0.006865 0.136587
v -0.113463 0.005600 0.136630
v -0.116138 0.055917 0.138063
v -0.113507 0.055648 0.134940
v -0.112300 0.212934 -0.143428
v -0.111440 0.213678 -0.145800
v -0.112849 0.217015 -0.148930
v -0.116434 0.212526 -0.151769
v -0.114325 0.002476 0.132341
v -0.110644 0.061154 -0.137432
v -0.114404 0.060676 -0.141233
v -0.112001 0.056664 -0.143007
v -0.110365 0.057042 -0.141033
v -0.117457 -0.000566 0.043234
v -0.113056 0.245734 -0.155193
v -0.117358 0.242494 -0.156252
v -0.117310 0.241351 -0.154732
v -0.113544 0.242585 -0.151638
v -0.111177 0.056348 -0.145853
v -0.116138 0.058456 -0.152118
v -0.112326 0.053233 -0.148990
v -0.114326 0.002725 -0.146446
v -0.113061 0.002726 -0.147712
v -0.112982 0.005857 -0.150731
v -0.114216 0.007121 -0.150686
v -0.117457 -0.000425 -0.154059
v -0.110691 0.212289 -0.141803
v -0.114735 0.208799 -0.142335
v -0.111410 0.207502 -0.138335
v -0.109204 0.130438 -0.129347
v -0.111843 0.130322 -0.132509
v -0.113360 0.191434 0.131912
v -0.116250 0.189949 0.134770
v -0.089947 0.191458 0.131839
v -0.087315 0.190118 0.134744
v -0.116182 0.108111 0.130841
v -0.113052 0.107617 0.127678
v -0.090390 0.107744 0.127716
v -0.087267 0.107921 0.130845
v -0.113206 0.203568 0.143581
v -0.111855 0.204262 0.142281
v -0.113260 0.202352 0.137579
v -0.116251 0.200387 0.140208
v -0.091708 0.204268 0.142261
v -0.087309 0.200896 0.142077
v -0.087312 0.200395 0.140180
v -0.089966 0.201873 0.137423
v -0.091231 0.202989 0.138023
v -0.087300 0.168945 0.130504
v -0.090464 0.170306 0.127392
v -0.116233 0.169752 0.130547
v -0.113106 0.170285 0.127377
v 0.091676 -0.004117 0.139735
v 0.091011 0.000042 0.143449
v 0.088074 0.000392 0.140244
v 0.088092 -0.000936 0.138965
v 0.090131 0.056141 0.144017
v 0.087242 0.056565 0.140844
v 0.091219 -0.006603 0.086754
v 0.088091 -0.003463 0.087159
v 0.091127 0.245644 -0.156638
v 0.092479 0.245490 -0.158051
v 0.091727 0.241498 -0.160660
v 0.088005 0.241155 -0.157394
v 0.087339 0.211387 -0.152277
v 0.091014 0.212695 -0.156426
v 0.091476 0.207957 -0.152782
v 0.090886 0.058441 -0.155838
v 0.087145 0.059064 -0.151914
v 0.090512 0.062677 -0.151903
v 0.091734 0.000110 -0.157386
v 0.091710 -0.003872 -0.153825
v 0.088092 -0.000618 -0.153018
v 0.088076 0.000712 -0.154245
v 0.088092 -0.003309 -0.100962
v 0.091222 -0.006451 -0.101066
v 0.089068 0.068081 -0.144218
v 0.090363 0.066845 -0.144312
v 0.090790 0.063321 -0.147699
v 0.089663 0.063134 -0.148969
v 0.086042 0.060952 -0.141727
v 0.089944 0.207314 -0.151110
v 0.091012 0.206637 -0.149037
v 0.090017 0.202571 -0.145756
v 0.088722 0.201334 -0.145646
v 0.086233 0.208006 -0.143149
v 0.087327 0.130534 -0.138533
v 0.084462 0.130438 -0.135337
v 0.113968 -0.004162 0.139454
v 0.117457 -0.000980 0.138919
v 0.117429 0.000345 0.140200
v 0.114710 0.000469 0.143313
v 0.113472 -0.000792 0.143300
v 0.116136 0.056508 0.140885
v 0.113506 0.056433 0.144041
v 0.112103 0.207882 -0.152708
v 0.113128 0.213186 -0.156700
v 0.116426 0.211428 -0.152875
v 0.117455 -0.003311 -0.100958
v 0.114326 -0.006451 -0.101066
v 0.109772 0.067199 -0.143985
v 0.110991 0.068482 -0.143854
v 0.114282 0.061294 -0.141493
v 0.110946 0.063634 -0.146646
v 0.114331 -0.006600 0.086928
v 0.117457 -0.003465 0.087147
v 0.113052 0.245429 -0.158051
v 0.117352 0.242830 -0.156321
v 0.117323 0.241010 -0.157930
v 0.113532 0.241555 -0.160759
v 0.111804 0.062529 -0.152489
v 0.116153 0.058828 -0.152291
v 0.112742 0.057895 -0.156116
v 0.113970 -0.003898 -0.153594
v 0.113539 -0.000123 -0.157386
v 0.117431 0.000656 -0.154222
v 0.117457 -0.000672 -0.152983
v 0.110665 0.206479 -0.148704
v 0.112137 0.206911 -0.149850
v 0.114580 0.207687 -0.142957
v 0.111768 0.200942 -0.145348
v 0.110548 0.202222 -0.145487
v 0.109203 0.130439 -0.138482
v 0.111837 0.130438 -0.135338
v 0.113400 0.188343 0.140511
v 0.116248 0.189401 0.137472
v 0.089938 0.188322 0.140418
v 0.087309 0.189409 0.137444
v 0.116180 0.108047 0.133661
v 0.113049 0.108273 0.136789
v 0.090410 0.108328 0.136834
v 0.087267 0.108051 0.133650
v 0.113195 0.203589 0.143541
v 0.111852 0.202904 0.144814
v 0.113049 0.198111 0.145869
v 0.116248 0.199041 0.142718
v 0.091705 0.202910 0.144794
v 0.087309 0.200903 0.142064
v 0.087309 0.199049 0.142689
v 0.090665 0.198247 0.145917
v 0.087299 0.169683 0.133312
v 0.090409 0.169315 0.136473
v 0.116231 0.169675 0.133335
v 0.113099 0.169356 0.136465
v 0.088095 -0.000575 0.139761
v 0.091152 0.006865 0.136587
v 0.092438 0.005600 0.136630
v 0.092488 0.002475 0.133605
v 0.087240 0.055919 0.138063
v 0.090357 0.055849 0.134911
v 0.092483 0.245795 -0.155193
v 0.088024 0.242604 -0.156211
v 0.087996 0.241438 -0.154723
v 0.091730 0.242451 -0.151632
v 0.089884 0.212929 -0.143400
v 0.091492 0.213680 -0.145753
v 0.091211 0.217214 -0.148848
v 0.087430 0.212340 -0.151532
v 0.091205 0.052851 -0.149054
v 0.090708 0.056165 -0.146490
v 0.087241 0.058721 -0.151897
v 0.092438 0.005857 -0.150731
v 0.091152 0.007122 -0.150686
v 0.088092 -0.000382 -0.154102
v 0.091222 0.002725 -0.146446
v 0.092488 0.002726 -0.147712
v 0.091222 0.002476 0.132339
v 0.086035 0.060433 -0.141557
v 0.090179 0.056914 -0.141445
v 0.088877 0.061415 -0.137401
v 0.091012 0.212302 -0.141799
v 0.086209 0.208881 -0.142418
v 0.089556 0.207271 -0.138310
v 0.084465 0.130673 -0.132579
v 0.087343 0.130184 -0.129406
v 0.114325 0.002476 0.132341
v 0.113061 0.002475 0.133605
v 0.112982 0.005600 0.136630
v 0.114217 0.006865 0.136587
v 0.117457 -0.000688 0.139947
v 0.113008 0.055648 0.134940
v 0.116138 0.055917 0.138063
v 0.111440 0.213678 -0.145800
v 0.116435 0.212874 -0.151289
v 0.112858 0.217060 -0.148934
v 0.117457 -0.000564 0.040901
v 0.111115 0.061176 -0.137423
v 0.110365 0.057042 -0.141033
v 0.114383 0.060648 -0.141310
v 0.114366 0.245581 -0.156623
v 0.113056 0.245734 -0.155193
v 0.113461 0.242601 -0.151639
v 0.117311 0.241395 -0.154317
v 0.111965 0.056682 -0.142816
v 0.111177 0.056348 -0.145853
v 0.112326 0.053233 -0.148990
v 0.116138 0.058456 -0.152118
v 0.113061 0.002726 -0.147712
v 0.114326 0.002725 -0.146446
v 0.117457 -0.000425 -0.154059
v 0.114217 0.007121 -0.150686
v 0.112982 0.005857 -0.150731
v 0.112230 0.212909 -0.143358
v 0.110691 0.212289 -0.141803
v 0.110966 0.207503 -0.138315
v 0.114703 0.208667 -0.142233
v 0.111845 0.130610 -0.132511
v 0.109204 0.130438 -0.129347
v 0.116251 0.190541 0.135000
v 0.113092 0.191370 0.131896
v 0.087313 0.190354 0.134859
v 0.090446 0.191458 0.131839
v 0.113052 0.107617 0.127678
v 0.116181 0.107666 0.130857
v 0.087268 0.107632 0.130858
v 0.090430 0.107836 0.127669
v 0.111855 0.204262 0.142281
v 0.116249 0.200871 0.142101
v 0.116251 0.200387 0.140208
v 0.112617 0.202596 0.137693
v 0.090364 0.203594 0.143520
v 0.091708 0.204268 0.142261
v 0.090874 0.202378 0.137574
v 0.087312 0.200395 0.140180
v 0.090482 0.170504 0.127404
v 0.087301 0.169745 0.130537
v 0.113106 0.170285 0.127378
v 0.116233 0.169959 0.130555
v -0.079428 0.241391 -0.151402
v -0.079428 0.245244 -0.149802
v -0.079428 0.249100 -0.151395
v -0.079428 0.250700 -0.155248
v -0.079428 0.249108 -0.159104
v -0.079428 0.245255 -0.160704
v -0.079428 0.241399 -0.159111
v -0.079428 0.239798 -0.155258
v -0.135830 0.241391 -0.151402
v -0.135830 0.245244 -0.149802
v -0.135830 0.249100 -0.151395
v -0.135830 0.250700 -0.155248
v -0.135830 0.249108 -0.159104
v -0.135830 0.245255 -0.160704
v -0.135830 0.241399 -0.159111
v -0.135830 0.239798 -0.155258
v 0.085179 0.245244 -0.149802
v 0.141581 0.245244 -0.149802
v 0.141581 0.249101 -0.151395
v 0.085179 0.249100 -0.151395
v 0.141581 0.250701 -0.155248
v 0.085179 0.250701 -0.155248
v 0.141581 0.249108 -0.159104
v 0.085179 0.249108 -0.159104
v 0.141581 0.245255 -0.160704
v 0.085179 0.245255 -0.160704
v 0.141581 0.241399 -0.159111
v 0.085179 0.241399 -0.159111
v 0.141581 0.239799 -0.155258
v 0.085179 0.239799 -0.155258
v 0.085179 0.241391 -0.151402
v 0.141581 0.241391 -0.151402
v -0.088321 0.163792 0.129855
v -0.086572 0.164301 0.127316
v -0.085058 0.166219 0.128238
v -0.084998 0.164603 0.127740
v -0.085829 0.165405 0.130984
v -0.085098 0.165689 0.130408
v -0.115742 0.163386 0.130043
v -0.117073 0.163416 0.127608
v -0.118525 0.166215 0.128269
v -0.118140 0.165568 0.127503
v -0.117675 0.164582 0.131273
v -0.117411 0.166749 0.130086
v -0.087899 0.137676 0.138254
v -0.088302 0.137410 0.139484
v -0.086649 0.135892 0.136390
v -0.085060 0.134691 0.138362
v -0.085449 0.134773 0.137357
v -0.086014 0.136805 0.140163
v -0.086196 0.135315 0.140172
v -0.115680 0.137658 0.138280
v -0.116758 0.135712 0.136497
v -0.118527 0.134684 0.138394
v -0.118589 0.135718 0.137046
v -0.118485 0.136384 0.139849
v -0.105332 0.132757 0.140710
v -0.106013 0.132253 0.140120
v -0.107708 0.132341 0.140100
v -0.108357 0.132680 0.142411
v -0.106037 0.133184 0.143016
v -0.105357 0.132728 0.142416
v -0.105357 0.161257 0.135441
v -0.107656 0.160737 0.134828
v -0.107662 0.161675 0.137700
v -0.108366 0.161843 0.136935
v -0.105357 0.161991 0.136903
v -0.106050 0.163025 0.136724
v -0.095202 0.132757 0.140710
v -0.095882 0.132253 0.140121
v -0.097567 0.132343 0.140088
v -0.098231 0.132681 0.142408
v -0.095907 0.133184 0.143016
v -0.095227 0.132728 0.142416
v -0.095228 0.161259 0.135440
v -0.097525 0.160734 0.134834
v -0.097533 0.161693 0.137689
v -0.098236 0.161851 0.136927
v -0.095228 0.161992 0.136903
v -0.095920 0.163025 0.136724
v 0.086518 0.163494 0.127576
v 0.088143 0.163708 0.127946
v 0.087280 0.163889 0.131027
v 0.087851 0.163392 0.129999
v 0.086208 0.166769 0.130070
v 0.085826 0.164741 0.131148
v 0.085435 0.165582 0.127484
v 0.085063 0.166215 0.128227
v 0.116065 0.163246 0.128091
v 0.116045 0.164329 0.127323
v 0.116245 0.163731 0.131019
v 0.118652 0.165399 0.130541
v 0.116147 0.166185 0.130723
v 0.118699 0.164449 0.127849
v 0.118520 0.166209 0.128259
v 0.087533 0.136769 0.136690
v 0.087335 0.138249 0.139169
v 0.088291 0.137621 0.138286
v 0.084931 0.136680 0.139733
v 0.087510 0.136113 0.140385
v 0.085443 0.134772 0.137369
v 0.085564 0.134401 0.138443
v 0.115692 0.136598 0.136677
v 0.117003 0.135688 0.136559
v 0.116302 0.138204 0.139302
v 0.115732 0.138011 0.138174
v 0.117142 0.135143 0.140253
v 0.117585 0.136274 0.140291
v 0.117233 0.134326 0.137534
v 0.118823 0.135164 0.138228
v 0.108383 0.132757 0.140710
v 0.107703 0.132253 0.140121
v 0.106008 0.132341 0.140099
v 0.105331 0.133056 0.142322
v 0.106037 0.132362 0.142451
v 0.107677 0.133184 0.143016
v 0.108366 0.132771 0.142392
v 0.107656 0.160736 0.134829
v 0.108358 0.161250 0.135443
v 0.106058 0.160736 0.134828
v 0.106052 0.161675 0.137700
v 0.105348 0.161837 0.136941
v 0.108356 0.162003 0.136889
v 0.107665 0.163025 0.136725
v 0.098231 0.132376 0.140764
v 0.095907 0.132628 0.140016
v 0.095240 0.132414 0.140725
v 0.095202 0.133056 0.142322
v 0.095883 0.132797 0.143054
v 0.097548 0.133184 0.143016
v 0.098234 0.132770 0.142395
v 0.098224 0.161251 0.135444
v 0.095929 0.160735 0.134831
v 0.095923 0.161701 0.137695
v 0.095218 0.161837 0.136941
v 0.098227 0.161991 0.136903
v 0.097535 0.163024 0.136726
v -0.090080 0.137762 0.139211
v -0.089066 0.135751 0.136414
v -0.087972 0.136530 0.136628
v -0.089674 0.133944 0.138579
v -0.089749 0.134107 0.137596
v -0.088708 0.136113 0.140392
v -0.090048 0.137925 0.138228
v -0.113538 0.137918 0.138252
v -0.115236 0.137473 0.139441
v -0.115432 0.136702 0.136611
v -0.113919 0.133937 0.138602
v -0.117190 0.134330 0.137481
v -0.114884 0.136123 0.140403
v -0.117141 0.135147 0.140253
v -0.116201 0.138226 0.139200
v -0.116921 0.138372 0.135598
v -0.116296 0.137032 0.136479
v -0.119304 0.139374 0.136862
v -0.117752 0.136916 0.140161
v -0.115860 0.161675 0.131555
v -0.116029 0.160905 0.128841
v -0.115406 0.139988 0.137589
v -0.115406 0.161432 0.130702
v -0.116328 0.163792 0.131048
v -0.116316 0.163203 0.128101
v -0.119303 0.161532 0.129744
v -0.118850 0.161257 0.128906
v -0.118648 0.165394 0.130544
v -0.087843 0.163391 0.130015
v -0.087386 0.163738 0.130985
v -0.087324 0.163199 0.128066
v -0.084282 0.161519 0.129718
v -0.087722 0.140297 0.138396
v -0.087559 0.139342 0.135740
v -0.088178 0.161442 0.130675
v -0.088178 0.139997 0.137561
v -0.087258 0.138260 0.139212
v -0.087271 0.137043 0.136475
v -0.084282 0.139365 0.136832
v -0.084737 0.139093 0.135993
v -0.084934 0.136684 0.139733
v -0.108195 0.163152 0.130432
v -0.108592 0.164977 0.131579
v -0.108965 0.164003 0.130979
v -0.115993 0.164350 0.127331
v -0.108429 0.163452 0.128139
v -0.109942 0.166133 0.130655
v -0.109831 0.166851 0.129935
v -0.115350 0.164512 0.130696
v -0.115277 0.163688 0.129864
v -0.115571 0.163639 0.127991
v -0.113998 0.166145 0.127392
v -0.115454 0.166257 0.130676
v -0.088235 0.164520 0.130673
v -0.090494 0.163541 0.129901
v -0.088084 0.163654 0.127937
v -0.089227 0.166903 0.128022
v -0.086574 0.166142 0.127298
v -0.088333 0.166236 0.130655
v -0.086184 0.166760 0.130075
v -0.094585 0.163995 0.130958
v -0.095324 0.163181 0.130425
v -0.094323 0.166835 0.129987
v -0.093571 0.166153 0.130643
v -0.098529 0.163338 0.131634
v -0.098095 0.163176 0.130401
v -0.100838 0.164367 0.127425
v -0.099891 0.166106 0.130595
v -0.097681 0.165851 0.131641
v -0.099680 0.164178 0.130609
v -0.101771 0.163539 0.129850
v -0.101711 0.163658 0.128083
v -0.104714 0.164013 0.130942
v -0.105463 0.163183 0.130421
v -0.114578 0.166854 0.128091
v -0.103706 0.166110 0.130612
v -0.101797 0.166813 0.129801
v -0.106058 0.160735 0.134829
v -0.108364 0.161236 0.135459
v -0.106054 0.161716 0.137686
v -0.108383 0.132757 0.140710
v -0.107677 0.133184 0.143016
v -0.107814 0.165783 0.131713
v -0.105008 0.165002 0.131455
v -0.105912 0.165859 0.131646
v -0.107670 0.163013 0.136734
v -0.095928 0.160735 0.134828
v -0.098235 0.161246 0.135452
v -0.095924 0.161716 0.137686
v -0.097548 0.133184 0.143016
v -0.098253 0.132757 0.140710
v -0.094915 0.165047 0.131526
v -0.095816 0.165497 0.132119
v -0.097540 0.163013 0.136734
v -0.098475 0.164967 0.131561
v 0.089444 0.136738 0.136575
v 0.088999 0.135751 0.136414
v 0.088290 0.137388 0.139504
v 0.090199 0.137925 0.138230
v 0.086170 0.135320 0.140160
v 0.089708 0.134107 0.137596
v 0.089649 0.133944 0.138579
v 0.090063 0.137762 0.139213
v 0.115228 0.137473 0.139447
v 0.115303 0.137649 0.138295
v 0.117735 0.134223 0.138553
v 0.116237 0.137007 0.136514
v 0.115860 0.140293 0.138420
v 0.115406 0.140130 0.137545
v 0.118474 0.136387 0.139864
v 0.118801 0.136038 0.136991
v 0.119304 0.139342 0.136872
v 0.116940 0.163213 0.127633
v 0.115673 0.163386 0.130057
v 0.117788 0.164650 0.131246
v 0.119286 0.161733 0.129674
v 0.087376 0.163241 0.128076
v 0.087722 0.161677 0.131528
v 0.088178 0.161301 0.130722
v 0.085077 0.165665 0.130410
v 0.084738 0.161194 0.128894
v 0.084281 0.161547 0.129710
v 0.087556 0.138696 0.135946
v 0.086656 0.135898 0.136391
v 0.087933 0.138053 0.138135
v 0.085793 0.137630 0.139893
v 0.084738 0.139133 0.135979
v 0.084577 0.135403 0.138144
v 0.110428 0.163530 0.128106
v 0.108975 0.163995 0.130967
v 0.108217 0.163166 0.130416
v 0.108640 0.166838 0.129921
v 0.109955 0.166148 0.130656
v 0.114632 0.166855 0.128092
v 0.111780 0.163492 0.129927
v 0.116986 0.166131 0.127322
v 0.115445 0.163686 0.127985
v 0.115356 0.164543 0.130727
v 0.115286 0.163761 0.129912
v 0.117427 0.166729 0.130105
v 0.087606 0.164362 0.127300
v 0.088253 0.164557 0.130694
v 0.088309 0.163727 0.129870
v 0.087359 0.166194 0.130693
v 0.089413 0.166156 0.127367
v 0.089197 0.166905 0.128024
v 0.094583 0.163473 0.128139
v 0.095347 0.163167 0.130441
v 0.094984 0.164973 0.131581
v 0.094596 0.164002 0.130969
v 0.093571 0.166153 0.130643
v 0.093682 0.166856 0.129921
v 0.098869 0.164014 0.130937
v 0.098106 0.163174 0.130398
v 0.101797 0.166813 0.129801
v 0.101864 0.163665 0.128077
v 0.103904 0.164178 0.130613
v 0.101812 0.163542 0.129853
v 0.099889 0.166105 0.130596
v 0.103445 0.164350 0.127433
v 0.105055 0.163337 0.131638
v 0.105475 0.163186 0.130425
v 0.103705 0.166110 0.130612
v 0.105350 0.161246 0.135452
v 0.107661 0.161700 0.137696
v 0.105331 0.132757 0.140710
v 0.106037 0.133184 0.143016
v 0.105903 0.165849 0.131647
v 0.108654 0.165050 0.131530
v 0.107793 0.165763 0.131803
v 0.106045 0.163013 0.136734
v 0.105110 0.164966 0.131566
v 0.097526 0.160733 0.134834
v 0.095220 0.161248 0.135451
v 0.097532 0.161693 0.137689
v 0.097548 0.132628 0.140016
v 0.095767 0.165783 0.131711
v 0.098576 0.165004 0.131450
v 0.097672 0.165860 0.131641
v 0.095914 0.163015 0.136731
vn -0.9953 -0.0966 -0.0001
vn -0.0000 0.0337 0.9994
vn -0.9954 -0.0963 -0.0001
vn -0.9953 -0.0969 -0.0002
vn -0.9954 -0.0959 -0.0001
vn -0.0000 1.0000 0.0009
vn -0.0000 -1.0000 -0.0009
vn -0.0000 0.9895 0.1443
vn -0.0000 0.9895 0.1444
vn 1.0000 -0.0000 -0.0000
vn -0.0000 -0.1113 0.9938
vn -0.0010 -0.1074 0.9942
vn 0.0003 -0.1106 0.9939
vn -0.0321 0.9824 0.1841
vn -0.1039 0.9918 0.0746
vn -0.0000 0.9113 0.4118
vn 0.9954 -0.0963 -0.0000
vn 0.9953 -0.0973 0.0001
vn 0.9953 -0.0968 0.0001
vn 0.9981 0.0620 -0.0000
vn 0.9981 0.0620 0.0001
vn -1.0000 -0.0000 -0.0000
vn 0.1655 0.9862 0.0009
vn 0.1657 0.9862 0.0009
vn 0.0149 -0.1310 0.9913
vn 0.0112 -0.1259 0.9920
vn 0.0150 -0.1374 0.9904
vn -0.0003 -0.1103 0.9939
vn 0.0024 0.9966 0.0819
vn -0.0000 0.9989 0.0470
vn -0.0000 0.0534 -0.9986
vn 0.0321 0.9824 0.1841
vn 0.1039 0.9918 0.0746
vn -0.9953 -0.0973 -0.0003
vn -0.9981 0.0620 0.0001
vn -0.1655 0.9862 0.0009
vn -0.1657 0.9862 0.0009
vn -0.0149 -0.1293 -0.9915
vn -0.0112 -0.1241 -0.9922
vn -0.0150 -0.1356 -0.9907
vn -0.0024 0.9968 -0.0805
vn -0.0594 0.9982 0.0009
vn -0.0582 0.9983 0.0008
vn -0.0590 0.9983 0.0009
vn -0.0000 0.0516 0.9987
vn -0.0000 0.0517 0.9987
vn -0.0321 0.9827 -0.1823
vn -0.1039 0.9919 -0.0728
vn -0.0000 0.9120 -0.4102
vn -0.0000 0.0355 -0.9994
vn 0.9954 -0.0959 -0.0001
vn -0.0000 -0.0009 1.0000
vn -0.0000 -0.9408 -0.3390
vn 0.0321 0.9827 -0.1823
vn 0.1039 0.9919 -0.0728
vn -0.0000 -0.1185 0.9930
vn -0.0000 0.1169 -0.9931
vn 1.0000 -0.0062 0.0005
vn -0.9984 -0.0558 0.0048
vn -1.0000 -0.0062 0.0005
vn 0.9984 -0.0557 0.0048
vn 0.9984 -0.0558 0.0048
vn -0.7071 0.7071 -0.0000
vn -0.7071 -0.7071 -0.0000
vn 0.7071 -0.7071 -0.0000
vn -0.0000 1.0000 -0.0000
vn 0.7071 0.7071 -0.0000
vn -0.0000 -0.0000 1.0000
vn -0.9607 -0.2777 -0.0000
vn -0.0000 -1.0000 -0.0000
vn 0.9607 -0.2777 -0.0000
vn 0.4683 -0.4593 0.7548
vn 0.4659 -0.4552 0.7588
vn 0.4694 -0.4613 0.7529
vn -0.0000 -0.6520 0.7582
vn -0.4683 -0.4593 0.7548
vn -0.4659 -0.4551 0.7588
vn -0.4647 -0.4530 0.7608
vn -0.7276 0.0006 0.6861
vn -0.7232 0.0019 0.6906
vn -0.7210 0.0026 0.6930
vn 0.7276 0.0006 0.6861
vn 0.7232 0.0019 0.6906
vn 0.7297 -0.0000 0.6838
vn 0.5504 0.5654 0.6143
vn -0.0000 0.7943 0.6075
vn -0.5412 0.5603 0.6271
vn -0.4727 0.4731 0.7435
vn -0.4732 0.4733 0.7430
vn -0.4735 0.4735 0.7427
vn 0.4730 0.4732 0.7432
vn 0.4732 0.4734 0.7429
vn 0.4727 0.4731 0.7435
vn 0.6939 0.0007 0.7201
vn 0.6922 0.0003 0.7217
vn 0.6913 -0.0000 0.7226
vn -0.6931 0.0004 0.7208
vn -0.6921 0.0002 0.7218
vn -0.6937 0.0006 0.7203
vn -0.5257 -0.5250 0.6693
vn -0.5247 -0.5244 0.6706
vn -0.5263 -0.5254 0.6686
vn -0.0000 -0.7791 0.6269
vn 0.5265 -0.5255 0.6683
vn 0.5249 -0.5246 0.6703
vn 0.5241 -0.5240 0.6714
vn -0.6793 -0.1963 0.7071
vn 0.6793 -0.1963 0.7071
vn -0.0000 0.7071 0.7071
vn 0.9650 -0.2521 -0.0722
vn 0.0009 -0.9989 0.0468
vn 0.9995 0.0192 -0.0253
vn -1.0000 -0.0007 0.0007
vn -1.0000 -0.0009 0.0005
vn 1.0000 0.0007 0.0013
vn 1.0000 0.0006 0.0004
vn 1.0000 0.0005 0.0004
vn 1.0000 0.0006 -0.0007
vn 1.0000 0.0006 -0.0006
vn 0.0014 -0.1156 0.9933
vn 0.0004 -0.1375 -0.9905
vn 0.9998 0.0216 -0.0012
vn 0.9873 0.1406 -0.0737
vn -0.0008 -0.0109 0.9999
vn -1.0000 -0.0007 0.0002
vn -1.0000 -0.0009 -0.0003
vn -1.0000 -0.0010 -0.0008
vn -0.9838 -0.1257 0.1275
vn -0.9875 -0.0549 -0.1477
vn -0.9993 0.0368 -0.0006
vn -0.9879 0.0439 0.1485
vn -0.0006 0.0052 1.0000
vn 1.0000 0.0008 -0.0015
vn 1.0000 0.0007 -0.0011
vn -0.9998 -0.0154 -0.0111
vn -1.0000 0.0006 -0.0001
vn -1.0000 0.0005 -0.0000
vn -1.0000 0.0005 -0.0004
vn -0.0004 -0.0045 -1.0000
vn -0.0003 -0.9988 -0.0487
vn -0.9600 -0.2718 -0.0670
vn -0.9935 0.0555 -0.0998
vn 1.0000 -0.0001 -0.0000
vn 1.0000 0.0001 -0.0000
vn 0.9742 0.1869 0.1261
vn 0.9923 0.0177 0.1225
vn -0.5891 -0.5551 0.5872
vn -0.5611 -0.5919 0.5787
vn -0.6533 -0.5298 0.5409
vn -0.5330 -0.5478 -0.6448
vn 0.5933 -0.5416 -0.5955
vn 0.5922 -0.5436 -0.5948
vn 0.5923 -0.5434 -0.5949
vn -0.5565 -0.6386 0.5315
vn -0.0017 0.5758 -0.8176
vn -0.0051 0.6179 -0.7862
vn -0.0065 -0.7080 -0.7062
vn -0.0086 -0.6036 -0.7973
vn 0.7386 -0.6081 -0.2911
vn 0.7632 0.6156 -0.1961
vn 0.5934 -0.1050 -0.7980
vn 0.0070 -0.6724 0.7402
vn 0.0102 -0.6128 -0.7901
vn 0.0004 0.6928 -0.7211
vn -0.6423 -0.1165 -0.7576
vn -0.6407 0.7651 -0.0638
vn -0.7006 -0.6979 -0.1487
vn 0.7102 -0.1438 0.6892
vn 0.7086 -0.1436 0.6908
vn 0.7109 -0.1438 0.6884
vn 0.0081 0.2116 0.9773
vn -0.6465 -0.3304 0.6877
vn 0.7077 -0.3377 0.6206
vn -0.7115 -0.1453 0.6875
vn -0.7081 -0.1471 0.6906
vn -0.7130 -0.1445 0.6861
vn -0.0022 0.7487 0.6629
vn -0.0106 -0.7075 0.7066
vn -0.0000 0.6941 0.7199
vn -0.0005 0.5867 0.8098
vn 0.6461 -0.7619 0.0466
vn 0.6448 -0.7628 0.0485
vn 0.6466 -0.7615 0.0457
vn 0.5775 0.1119 0.8087
vn -0.0000 0.6954 -0.7186
vn -0.0019 0.6214 0.7835
vn 0.0065 -0.6717 0.7408
vn -0.6458 0.0630 0.7609
vn 0.7239 0.1359 -0.6764
vn -0.0005 0.9573 -0.2890
vn -0.7348 0.3134 -0.6016
vn 0.7717 0.3017 -0.5599
vn -0.7315 0.1389 -0.6675
vn 0.0017 0.5730 -0.8196
vn 0.0054 0.6170 -0.7870
vn 0.0065 -0.7083 -0.7059
vn 0.0086 -0.6030 -0.7977
vn -0.7604 -0.5735 -0.3046
vn -0.7638 0.6147 -0.1966
vn -0.6517 -0.0945 -0.7526
vn -0.0199 -0.6676 0.7442
vn 0.0029 -0.6034 -0.7974
vn 0.0013 -0.6076 -0.7942
vn 0.0007 -0.6095 -0.7928
vn -0.0005 0.6929 -0.7210
vn 0.5820 -0.1233 -0.8038
vn 0.6381 0.7672 -0.0647
vn 0.6635 -0.7324 -0.1527
vn -0.7137 -0.1432 0.6856
vn -0.0009 0.2343 0.9722
vn 0.7106 -0.3186 0.6274
vn -0.7660 -0.3072 0.5647
vn 0.7461 -0.1373 0.6515
vn 0.0022 0.7503 0.6611
vn 0.0106 -0.7075 0.7066
vn 0.0005 0.5890 0.8081
vn -0.6453 -0.7624 0.0484
vn -0.6467 -0.7614 0.0462
vn -0.6473 -0.7609 0.0452
vn -0.6535 0.0954 0.7509
vn -0.6513 0.0961 0.7527
vn -0.6500 0.0965 0.7537
vn 0.0018 0.6589 0.7522
vn -0.0065 -0.6694 0.7428
vn 0.5845 0.0718 0.8082
vn -0.7121 0.1444 -0.6871
vn -0.7124 0.1442 -0.6868
vn -0.7116 0.1446 -0.6875
vn -0.0073 0.9278 -0.3729
vn 0.6674 0.3482 -0.6583
vn -0.7113 0.3485 -0.6104
vn 0.7125 0.1475 -0.6860
vn 0.7126 0.1475 -0.6859
vn 0.7127 0.1475 -0.6858
vn -0.0014 -0.5808 -0.8140
vn -0.0015 -0.5823 -0.8130
vn -0.0016 -0.5832 -0.8124
vn 0.0032 -0.9841 -0.1778
vn 0.0008 -0.8058 0.5921
vn -0.0008 0.8037 -0.5950
vn -0.9416 0.2120 0.2615
vn 0.9862 -0.1313 0.1004
vn -0.0830 0.5890 0.8038
vn 0.0594 0.1322 0.9894
vn -0.0030 0.9996 0.0288
vn -0.0020 0.9993 0.0361
vn -0.0018 0.9993 0.0375
vn 0.0301 -0.9986 -0.0429
vn 0.0006 0.5810 0.8139
vn 0.0007 0.5820 0.8132
vn 0.0006 0.5804 0.8143
vn -0.2729 -0.3230 -0.9062
vn -0.9812 -0.1108 0.1581
vn -0.1652 -0.9211 0.3524
vn 0.9518 -0.0937 -0.2919
vn -0.9476 0.0977 0.3041
vn 0.3204 0.2891 0.9021
vn 0.3175 0.2886 0.9033
vn 0.3209 0.2879 0.9023
vn -0.3081 -0.2908 -0.9058
vn -0.3102 -0.2969 -0.9031
vn -0.1651 0.9690 -0.1837
vn -0.1293 0.0029 0.9916
vn 0.1682 0.9688 -0.1818
vn 0.3024 -0.2971 -0.9057
vn 0.2996 -0.2909 -0.9086
vn 0.2985 -0.2911 -0.9089
vn 0.9480 0.0973 0.3031
vn -0.9524 -0.0932 -0.2904
vn -0.3352 0.2899 0.8964
vn 0.1643 -0.8962 0.4121
vn 0.0968 0.5942 0.7985
vn 0.0263 -0.5906 -0.8065
vn -0.9450 0.2060 0.2540
vn 0.0045 0.9999 -0.0098
vn 0.0041 0.0112 0.9999
vn -0.9861 0.1658 0.0068
vn 0.9814 0.1817 0.0625
vn -0.0026 0.0102 0.9999
vn -0.0070 0.0076 0.9999
vn -0.9946 0.0376 0.0973
vn 0.0044 0.0076 1.0000
vn 1.0000 -0.0000 -0.0001
vn -1.0000 0.0004 -0.0016
vn 0.0006 -0.1826 -0.9832
vn 0.0011 -0.1826 -0.9832
vn 0.0002 -0.1826 -0.9832
vn 0.0029 0.1836 0.9830
vn 0.0012 0.1835 0.9830
vn -0.0000 0.1834 0.9830
vn 0.0154 -0.9800 0.1985
vn -0.0000 0.1836 0.9830
vn -0.0003 0.1837 0.9830
vn -0.0006 0.1837 0.9830
vn 0.0006 -0.1822 -0.9833
vn 0.0062 -0.1825 -0.9832
vn 0.0098 -0.1827 -0.9831
vn -0.9999 0.0031 0.0132
vn 0.0150 -0.9799 0.1988
vn -0.0080 -0.0778 -0.9969
vn -0.3686 -0.2307 -0.9005
vn -0.3817 -0.3361 -0.8610
vn -0.0136 0.8847 -0.4659
vn -0.0063 -0.7611 0.6486
vn 0.0066 0.8112 -0.5848
vn 0.0028 -0.5820 -0.8132
vn 0.0028 -0.5822 -0.8130
vn 0.0028 -0.5816 -0.8134
vn -0.9217 -0.1240 -0.3676
vn -0.0009 0.5757 0.8177
vn -0.0007 0.5785 0.8157
vn -0.0011 0.5740 0.8189
vn -0.1839 0.3487 0.9190
vn 0.9233 0.1123 0.3672
vn 0.3148 -0.2897 -0.9039
vn 0.9264 -0.1088 -0.3604
vn -0.3052 0.2912 0.9067
vn -0.3065 0.2912 0.9062
vn -0.3060 0.2912 0.9064
vn -0.0406 0.0784 -0.9961
vn -0.9272 0.1189 0.3551
vn -0.2961 -0.2920 -0.9094
vn -0.2968 -0.2920 -0.9092
vn -0.2965 -0.2920 -0.9093
vn 0.3088 0.2903 0.9057
vn 0.9773 -0.0863 -0.1937
vn 0.0238 0.1271 0.9916
vn 0.0260 0.1313 0.9910
vn -0.0077 -0.9866 -0.1629
vn 0.0115 0.9989 0.0463
vn -0.0369 -0.9992 0.0133
vn -0.0549 -0.6200 -0.7827
vn 0.2297 0.2584 0.9383
vn -0.0106 0.9987 0.0508
vn -0.0311 0.1357 0.9903
vn -0.0286 0.1313 0.9909
vn -0.9945 0.0377 0.0976
vn 1.0000 0.0021 0.0072
vn 1.0000 0.0005 0.0010
vn 1.0000 0.0011 0.0034
vn 0.0010 -0.1826 -0.9832
vn 0.0024 -0.1826 -0.9832
vn 0.0035 -0.1827 -0.9832
vn -0.0003 0.1834 0.9830
vn -0.0004 0.1834 0.9830
vn -1.0000 0.0004 -0.0010
vn -1.0000 0.0005 -0.0006
vn -1.0000 0.0004 -0.0013
vn 0.1744 -0.9699 0.1702
vn 0.0012 -0.1814 -0.9834
vn 0.0006 -0.1814 -0.9834
vn 0.0018 -0.1813 -0.9834
vn 1.0000 -0.0001 -0.0018
vn 1.0000 -0.0001 -0.0019
vn 1.0000 -0.0000 -0.0013
vn -0.0202 0.1823 0.9830
vn -1.0000 -0.0008 -0.0008
vn 0.0547 -0.9706 0.2345
vn 0.0054 0.9999 0.0130
vn -0.6766 -0.5315 0.5097
vn -0.1453 -0.4866 -0.8615
vn 0.4970 0.2722 -0.8240
vn 0.3501 0.5832 0.7330
vn 0.6094 -0.5456 0.5753
vn 0.3178 -0.5885 -0.7434
vn -0.1777 0.5310 0.8285
vn 0.3660 -0.0394 0.9298
vn 0.6287 0.7686 -0.1183
vn 0.1288 -0.0584 -0.9900
vn -0.3468 -0.0711 0.9352
vn 0.2727 -0.5848 -0.7640
vn 0.5773 -0.5563 0.5977
vn 0.5798 -0.5559 0.5957
vn 0.5761 -0.5565 0.5987
vn -0.2190 0.4943 0.8412
vn -0.2175 0.4849 0.8471
vn -0.2191 0.4948 0.8409
vn -0.4080 -0.5330 -0.7412
vn -0.6491 -0.5066 0.5674
vn 0.2231 0.5194 0.8249
vn 0.4966 0.2444 -0.8329
vn 0.6911 0.6696 0.2720
vn -0.2345 0.0498 0.9708
vn -0.6760 -0.7169 -0.1707
vn -0.5516 0.8292 0.0901
vn 0.4450 -0.2037 0.8720
vn 0.5516 -0.7579 -0.3483
vn -0.5775 -0.4619 0.6731
vn 0.1500 0.9550 0.2559
vn 0.8740 0.2865 0.3925
vn 0.8770 0.2827 0.3884
vn 0.8734 0.2873 0.3933
vn 0.4905 -0.2108 -0.8455
vn -0.8385 0.0272 0.5443
vn -0.6562 -0.3032 -0.6910
vn -0.2175 0.7081 0.6717
vn -0.0025 -0.6806 -0.7327
vn -0.0522 0.6613 0.7483
vn -0.4379 -0.1943 0.8778
vn 0.4333 -0.1507 0.8885
vn -0.7052 -0.6543 -0.2731
vn 0.6784 0.6336 0.3718
vn -0.7068 -0.6541 -0.2695
vn 0.6027 0.6974 0.3878
vn -0.1736 0.9672 0.1855
vn 0.4345 0.1867 0.8811
vn -0.2039 0.7169 0.6667
vn 0.4355 -0.1834 0.8813
vn -0.4358 -0.1611 0.8855
vn -0.7074 -0.6533 -0.2696
vn 0.6588 0.6500 0.3787
vn -0.7077 -0.6536 -0.2682
vn 0.6786 0.6335 0.3716
vn 0.0785 -0.9961 0.0391
vn -0.0000 -0.9573 -0.2890
vn -0.0877 -0.9937 -0.0700
vn -0.0123 -0.6773 -0.7356
vn -0.0050 -0.6796 -0.7335
vn -0.0098 -0.6757 -0.7371
vn -0.5937 -0.7516 0.2876
vn -0.0033 0.7011 -0.7130
vn 0.1814 -0.7136 0.6766
vn -0.0147 0.8722 0.4889
vn -0.6611 -0.1930 0.7250
vn 0.0037 -0.6425 -0.7663
vn 0.0076 -0.6442 -0.7648
vn 0.0035 -0.6434 -0.7655
vn 0.0300 -0.9974 -0.0662
vn -0.7073 -0.6951 0.1289
vn 0.1467 -0.7419 0.6542
vn 0.0121 0.8769 0.4806
vn 0.5881 -0.8087 0.0125
vn -0.6523 -0.1998 0.7312
vn 0.0040 -0.6610 -0.7503
vn 0.0079 -0.6627 -0.7488
vn 0.0036 -0.6620 -0.7495
vn 0.0257 -0.9973 -0.0682
vn -0.0269 0.2993 -0.9538
vn -0.0000 -0.7960 0.6053
vn 0.0117 0.8770 0.4803
vn 0.5975 -0.8018 -0.0042
vn 0.0801 -0.9936 -0.0799
vn -0.0855 -0.9938 -0.0712
vn -0.0005 0.7282 -0.6854
vn -0.0000 -0.7959 0.6054
vn -0.0117 0.8754 0.4833
vn 0.5966 -0.8025 -0.0042
vn 0.1518 -0.9786 -0.1386
vn -0.0111 0.5760 0.8174
vn 0.0001 -0.9866 -0.1630
vn -0.0031 0.1186 -0.9929
vn -0.0064 -0.9496 -0.3135
vn 0.0004 -0.1531 0.9882
vn 0.3791 0.8262 -0.4168
vn -0.2488 -0.5091 -0.8240
vn -0.0773 0.0252 0.9967
vn -0.6337 -0.4939 0.5954
vn 0.1461 0.4670 0.8721
vn 0.6039 -0.2215 -0.7657
vn -0.9749 -0.1959 -0.1054
vn 0.7898 0.1797 0.5864
vn -0.5304 0.2562 0.8081
vn 0.8899 0.1395 0.4343
vn 0.3708 -0.2802 -0.8854
vn 0.9579 0.0279 -0.2859
vn -0.4156 0.2792 0.8656
vn 0.3192 0.2870 0.9032
vn 0.4978 -0.8655 -0.0556
vn -0.8811 -0.0088 -0.4729
vn -0.6843 0.6969 0.2147
vn 0.3200 0.0293 0.9470
vn -0.6234 -0.7768 -0.0895
vn 0.9747 0.0976 -0.2010
vn -0.7911 0.1947 0.5799
vn -0.4512 -0.2704 -0.8505
vn 0.5320 0.2619 0.8053
vn 0.8888 -0.1401 -0.4364
vn -0.8891 0.1399 0.4357
vn -0.9439 -0.2017 -0.2615
vn 0.3821 0.2802 0.8806
vn -0.3597 0.2754 0.8915
vn 0.8807 -0.2685 -0.3903
vn 0.0024 0.7714 0.6364
vn -0.1469 0.7180 -0.6803
vn 0.1164 -0.9895 0.0860
vn 0.0819 0.5699 0.8176
vn -0.0004 0.7432 0.6691
vn 0.0910 -0.7375 0.6692
vn -0.0127 0.6854 0.7281
vn 0.0630 -0.8423 0.5353
vn 0.0036 0.7513 0.6599
vn -0.0036 0.5885 0.8085
vn -0.0037 0.5884 0.8085
vn 0.0004 0.5918 0.8061
vn 0.7039 0.1315 0.6980
vn -0.7125 0.1291 0.6897
vn -0.7151 0.1288 0.6870
vn -0.7140 0.1289 0.6881
vn 0.7025 -0.1288 -0.6999
vn 0.7040 -0.1286 -0.6984
vn 0.7050 -0.1284 -0.6974
vn 0.7903 -0.5663 -0.2340
vn 0.0066 -0.8750 -0.4842
vn 0.0013 -0.8761 -0.4822
vn 0.0079 -0.8747 -0.4847
vn -0.0036 0.8756 0.4831
vn 0.9977 -0.0607 0.0304
vn -0.0031 0.5890 0.8081
vn -0.0032 0.5890 0.8081
vn -0.7057 -0.1281 -0.6968
vn -0.7025 -0.1285 -0.6999
vn -0.7039 -0.1283 -0.6987
vn -0.7138 0.1291 0.6884
vn -0.7119 0.1295 0.6902
vn -0.7106 0.1298 0.6915
vn 0.7041 -0.1286 -0.6984
vn 0.7050 -0.1285 -0.6975
vn -0.7071 -0.1279 -0.6955
vn 0.7912 -0.5658 -0.2320
vn 0.0046 -0.8748 -0.4845
vn 0.0007 -0.8756 -0.4830
vn 0.0056 -0.8746 -0.4848
vn -0.0036 0.8735 0.4868
vn 0.9981 -0.0544 0.0272
vn -0.0560 0.1853 -0.9811
vn -0.1484 0.8344 -0.5308
vn 0.1805 0.5241 0.8323
vn -0.7013 -0.4714 0.5347
vn -0.0952 -0.9444 -0.3148
vn -0.0044 -0.2664 0.9639
vn 0.0046 0.1350 -0.9908
vn 0.0100 0.9869 0.1610
vn 0.0103 0.9878 0.1551
vn 0.0098 0.9863 0.1649
vn 0.0075 -0.9866 -0.1630
vn -0.6283 0.5661 -0.5336
vn 0.6410 -0.5587 0.5263
vn -0.8918 0.0011 0.4524
vn -0.8886 0.0002 0.4588
vn -0.8926 0.0013 0.4508
vn -0.9645 -0.1999 -0.1725
vn 0.9801 -0.1537 -0.1256
vn -0.4539 -0.2750 -0.8475
vn 0.3873 0.2775 0.8792
vn -0.8888 0.1497 0.4333
vn 0.8403 -0.1653 -0.5163
vn -0.6772 -0.7311 -0.0830
vn -0.2186 0.1083 0.9698
vn -0.2189 0.1082 0.9697
vn -0.2077 0.1090 0.9721
vn 0.1981 -0.1113 -0.9738
vn 0.1982 -0.1109 -0.9739
vn 0.1982 -0.1115 -0.9738
vn 0.5154 -0.8562 -0.0357
vn 0.8910 0.2629 0.3701
vn 0.8878 0.2672 0.3747
vn 0.8918 0.2619 0.3690
vn 0.9675 0.0669 -0.2440
vn 0.2388 0.1313 0.9622
vn -0.6565 0.7304 0.1883
vn -0.8922 0.0060 -0.4517
vn 0.4230 -0.2738 -0.8638
vn 0.4237 -0.2737 -0.8634
vn 0.4243 -0.2737 -0.8632
vn -0.4870 0.2697 0.8308
vn -0.8888 -0.1401 -0.4364
vn 0.8880 0.1312 0.4407
vn -0.7496 -0.3080 -0.5859
vn 0.0903 -0.7792 0.6202
vn 0.0584 -0.7229 0.6885
vn -0.0044 0.7549 0.6558
vn 0.1680 0.9210 -0.3513
vn -0.1143 0.6363 -0.7629
vn -0.0045 -0.7045 -0.7097
vn 0.0049 0.7394 0.6733
vn 0.0105 0.7155 0.6985
vn 0.0618 -0.8426 0.5350
vn -0.0036 0.7513 0.6599
vn -0.0032 0.5881 0.8087
vn -0.0033 0.5881 0.8088
vn 0.0004 0.5911 0.8066
vn 0.7271 0.1273 0.6746
vn 0.7026 -0.1288 -0.6999
vn 0.7042 -0.1286 -0.6983
vn 0.7053 -0.1284 -0.6972
vn -0.7063 -0.1280 -0.6962
vn -0.7059 -0.1281 -0.6967
vn -0.7067 -0.1280 -0.6959
vn -0.7112 0.1294 0.6910
vn -0.7087 0.1300 0.6934
vn -0.7071 0.1303 0.6950
vn 0.7900 -0.5652 -0.2375
vn -0.0067 -0.8746 -0.4848
vn -0.0019 -0.8756 -0.4830
vn -0.0003 -0.8759 -0.4824
vn -0.0013 0.8738 0.4863
vn -0.0061 0.8713 0.4906
vn -0.0036 0.8734 0.4869
vn 0.9984 -0.0498 0.0272
vn 0.0022 0.5888 0.8083
vn 0.0023 0.5888 0.8083
vn 0.0058 0.5860 0.8103
vn 0.7065 -0.1280 -0.6961
vn 0.7088 -0.1274 -0.6938
vn 0.7049 -0.1283 -0.6976
vn 0.7073 0.1307 0.6947
vn -0.7030 -0.1284 -0.6995
vn -0.7043 -0.1283 -0.6982
vn -0.7037 -0.1283 -0.6988
vn -0.7024 -0.1285 -0.7001
vn -0.7015 0.1314 0.7005
vn 0.7897 -0.5669 -0.2344
vn -0.0046 -0.8752 -0.4837
vn -0.0013 -0.8759 -0.4825
vn -0.0002 -0.8761 -0.4821
vn -0.0038 0.8756 0.4830
vn 0.9976 -0.0624 0.0293
vn 0.9953 -0.0966 -0.0001
vn 0.9949 0.1005 0.0001
vn -0.9955 0.0616 0.0716
vn 0.0033 -0.1013 0.9948
vn -0.0047 -0.1057 0.9944
vn -0.0379 -0.1195 0.9921
vn -0.0435 0.0517 0.9977
vn -0.2782 0.9539 0.1123
vn -0.0757 0.8540 0.5147
vn -0.9937 -0.1075 0.0323
vn -0.9923 0.1035 0.0685
vn -0.0605 0.1167 0.9913
vn 0.9590 -0.0238 0.2824
vn -0.0035 0.9966 0.0824
vn -0.0066 0.9959 0.0901
vn -0.0056 0.9961 0.0875
vn -0.1811 -0.0599 -0.9816
vn -0.1879 0.0597 -0.9804
vn -0.0008 -0.1186 0.9929
vn -0.0070 -0.1170 0.9931
vn -0.0088 -0.1231 0.9924
vn -0.0833 0.9964 0.0140
vn -0.9924 -0.1105 0.0533
vn 0.9562 0.0238 0.2918
vn 0.0069 0.1254 -0.9921
vn -0.0000 0.1254 -0.9921
vn -0.0025 0.9968 0.0798
vn 0.0008 -0.9452 0.3264
vn 0.9955 0.0619 0.0721
vn -0.0577 0.9983 0.0008
vn 0.9971 0.0763 0.0001
vn 0.0044 -0.1097 0.9940
vn -0.0012 -0.1003 0.9950
vn 0.0379 -0.1195 0.9921
vn 0.0453 0.0538 0.9975
vn 0.2782 0.9539 0.1123
vn 0.0757 0.8540 0.5147
vn 0.9936 -0.1086 0.0325
vn 0.9923 0.1035 0.0685
vn 0.0604 0.1166 0.9913
vn -0.9590 -0.0238 0.2823
vn -0.0000 0.0009 -1.0000
vn 0.1824 -0.0601 -0.9814
vn 0.1877 0.0596 -0.9804
vn 0.9925 -0.1103 0.0529
vn 0.0754 0.9971 0.0095
vn -0.9562 0.0238 0.2918
vn 0.9647 -0.0957 0.2454
vn -0.0008 -0.9452 0.3264
vn -0.0786 -0.9969 -0.0005
vn 0.0588 0.9983 0.0009
vn 0.0591 0.9982 0.0009
vn 0.0583 0.9983 0.0009
vn -0.9971 0.0763 0.0001
vn -0.9955 0.0621 -0.0720
vn -0.0045 -0.1077 -0.9942
vn 0.0012 -0.0983 -0.9952
vn 0.0009 -0.1047 -0.9945
vn -0.0011 -0.1051 -0.9945
vn -0.0379 -0.1177 -0.9923
vn -0.0453 0.0556 -0.9974
vn -0.2782 0.9541 -0.1106
vn -0.0757 0.8549 -0.5132
vn -0.9936 -0.1085 -0.0327
vn -0.9923 0.1036 -0.0683
vn -0.0604 0.1184 -0.9911
vn 0.9590 -0.0233 -0.2824
vn -0.0000 0.9898 -0.1426
vn -0.1824 -0.0618 0.9813
vn -0.1877 0.0579 0.9805
vn -0.9925 -0.1102 -0.0531
vn -0.0757 0.9971 -0.0077
vn 0.9562 0.0243 -0.2917
vn 0.0786 -0.9969 -0.0013
vn -0.0000 0.9990 -0.0453
vn 0.0012 -0.9478 -0.3189
vn 0.9955 0.0617 -0.0715
vn -0.0032 -0.0990 -0.9951
vn 0.0048 -0.1035 -0.9946
vn 0.0379 -0.1177 -0.9923
vn 0.0435 0.0535 -0.9976
vn 0.2782 0.9541 -0.1106
vn 0.0757 0.8549 -0.5132
vn 0.9937 -0.1075 -0.0325
vn 0.9923 0.1036 -0.0683
vn 0.0605 0.1184 -0.9911
vn -0.9590 -0.0233 -0.2825
vn 0.0035 0.9967 -0.0806
vn 0.0066 0.9961 -0.0883
vn 0.0056 0.9963 -0.0857
vn 0.1811 -0.0617 0.9815
vn 0.1879 0.0579 0.9805
vn 0.0008 -0.1168 -0.9932
vn 0.0070 -0.1152 -0.9933
vn 0.0088 -0.1213 -0.9926
vn 0.0833 0.9964 -0.0122
vn 0.9924 -0.1104 -0.0535
vn -0.9562 0.0243 -0.2917
vn -0.0000 0.1151 0.9933
vn 0.0025 0.9969 -0.0781
vn -0.0012 -0.9478 -0.3190
vn 0.0577 0.9983 0.0010
vn -0.0000 -0.0863 -0.9963
vn -0.0000 -0.1167 -0.9932
vn 0.0218 -0.9960 0.0862
vn -0.0218 -0.9960 0.0862
vn -0.0698 -0.8452 0.5299
vn 0.0698 -0.8452 0.5299
vn 0.0384 -0.0824 0.9959
vn -0.0384 -0.0824 0.9959
vn -0.0069 0.1254 -0.9921
vn -0.9647 -0.0957 0.2454
vn -0.0000 -0.0000 -1.0000
vn 0.7102 -0.7040 -0.0077
vn -0.0000 -0.9998 -0.0218
vn -0.7102 -0.7040 -0.0077
vn 0.7023 0.7118 0.0117
vn -0.0000 0.9995 0.0330
vn -0.7023 0.7118 0.0117
vn 0.0002 -0.0000 1.0000
vn 0.4647 -0.4530 0.7608
vn -0.4694 -0.4613 0.7529
vn -0.7297 -0.0000 0.6838
vn 0.7210 0.0026 0.6930
vn 0.5362 0.5575 0.6338
vn -0.5504 0.5654 0.6143
vn -0.4723 0.4729 0.7439
vn 0.4735 0.4735 0.7427
vn 0.6948 0.0010 0.7192
vn -0.6916 -0.0000 0.7223
vn -0.5241 -0.5240 0.6714
vn 0.5273 -0.5260 0.6673
vn 1.0000 0.0002 -0.0000
vn -0.0092 -0.0992 -0.9950
vn 0.9938 0.0128 -0.1103
vn 0.9999 -0.0145 0.0033
vn 0.1154 -0.0418 0.9924
vn 0.9997 0.0234 0.0116
vn 0.9999 -0.0149 0.0017
vn 0.0065 0.0239 -0.9997
vn 0.9997 0.0235 0.0063
vn 1.0000 0.0005 -0.0001
vn -1.0000 -0.0004 0.0008
vn -0.0002 0.1159 0.9933
vn 0.0008 0.1050 0.9945
vn -0.0016 -0.9895 0.1447
vn -0.0005 0.9445 0.3286
vn -0.0005 -0.0340 -0.9994
vn 0.0012 -0.0050 -1.0000
vn 0.0011 -0.0362 0.9993
vn 0.0004 0.4670 -0.8842
vn -0.0014 0.2077 -0.9782
vn 0.0065 -0.1437 -0.9896
vn -0.9999 -0.0142 0.0007
vn -0.9996 0.0237 0.0125
vn -0.9997 0.0231 -0.0027
vn -0.0090 0.0888 -0.9960
vn 0.0005 -0.9988 -0.0482
vn 0.0015 -0.9405 -0.3397
vn 0.9873 -0.0079 -0.1585
vn 0.9997 -0.0224 0.0029
vn 0.0021 0.9853 -0.1710
vn 0.9931 0.0763 -0.0890
vn -0.0031 0.9944 -0.1060
vn -0.0002 0.1383 0.9904
vn -1.0000 -0.0001 -0.0000
vn -1.0000 -0.0007 0.0006
vn -0.9748 -0.1957 0.1070
vn -0.9994 -0.0358 -0.0036
vn -0.9517 0.0605 -0.3011
vn -0.9995 -0.0289 0.0116
vn 0.0039 -0.4810 0.8767
vn -0.9650 0.2369 0.1127
vn 1.0000 0.0005 -0.0013
vn -0.9986 0.0204 0.0488
vn -0.0003 -1.0000 -0.0010
vn 0.0021 -0.2065 0.9784
vn 0.0002 0.8813 0.4725
vn -1.0000 0.0006 -0.0000
vn -1.0000 0.0012 -0.0000
vn -1.0000 0.0003 -0.0000
vn 0.0067 -0.0986 -0.9951
vn -0.9078 -0.0299 0.4183
vn -1.0000 0.0001 -0.0000
vn -0.0018 0.9852 -0.1713
vn -0.9996 0.0229 0.0149
vn -0.0003 0.1374 0.9905
vn -0.9999 -0.0149 0.0040
vn -0.0059 0.0241 -0.9997
vn -0.9997 0.0227 -0.0008
vn -0.9985 0.0157 -0.0522
vn -1.0000 0.0006 -0.0007
vn -1.0000 0.0007 -0.0011
vn -1.0000 0.0006 -0.0008
vn -1.0000 0.0007 -0.0012
vn -1.0000 0.0006 0.0004
vn 1.0000 -0.0007 0.0007
vn 1.0000 -0.0009 0.0004
vn -0.9949 0.1005 0.0001
vn -0.0025 0.1152 0.9933
vn 0.0021 0.1074 0.9942
vn -0.0008 -0.1157 0.9933
vn 0.0013 -0.9895 0.1449
vn -0.0004 -0.1382 -0.9904
vn 0.0005 0.9445 0.3286
vn 0.0005 -0.0340 -0.9994
vn -0.0011 -0.0362 0.9993
vn 0.0022 0.4619 -0.8870
vn 0.0021 0.2083 -0.9781
vn -0.0066 -0.1434 -0.9896
vn 0.9997 0.0231 -0.0025
vn 0.0090 0.0888 -0.9960
vn -0.0002 -0.9435 -0.3315
vn -0.9963 -0.0148 -0.0851
vn -0.9997 -0.0227 0.0030
vn -0.9944 -0.0210 -0.1038
vn -0.9856 0.1518 -0.0744
vn 0.0029 0.9944 -0.1060
vn -0.0008 -0.9989 0.0466
vn 0.0026 -0.0116 0.9999
vn 1.0000 -0.0008 0.0004
vn 1.0000 -0.0007 0.0009
vn 0.9740 -0.2004 0.1058
vn 0.9825 -0.1402 0.1228
vn 0.9994 -0.0356 -0.0007
vn 0.9935 -0.0491 -0.1023
vn 0.9499 0.0609 -0.3066
vn 0.9993 0.0369 -0.0051
vn 0.9995 -0.0287 0.0108
vn 1.0000 -0.0005 -0.0000
vn -0.0021 -0.4828 0.8757
vn 0.9876 0.0323 0.1539
vn -1.0000 0.0005 -0.0011
vn 0.0012 0.0056 1.0000
vn 0.9997 0.0226 -0.0068
vn 0.0001 -1.0000 -0.0008
vn -0.0015 -0.2058 0.9786
vn -0.0002 0.8813 0.4725
vn 1.0000 -0.0005 0.0009
vn 0.5930 -0.5628 0.5759
vn 0.6035 -0.5465 0.5806
vn 0.5553 0.5472 -0.6262
vn 0.4873 -0.5735 -0.6585
vn 0.4812 -0.5646 -0.6706
vn 0.5701 0.5311 -0.6268
vn 0.6072 -0.5279 -0.5938
vn 0.5947 -0.5493 -0.5870
vn 0.7189 0.3907 -0.5749
vn 0.7784 -0.2604 -0.5712
vn 0.3824 -0.9189 -0.0969
vn -0.5995 -0.5604 0.5714
vn -0.4883 -0.5981 -0.6355
vn -0.5079 -0.6342 -0.5830
vn -0.2993 -0.1888 -0.9353
vn -0.8370 0.4264 -0.3430
vn -0.6029 0.5027 -0.6195
vn -0.5257 0.5876 -0.6151
vn -0.5935 -0.5416 -0.5954
vn -0.5980 -0.5332 -0.5984
vn -0.5925 -0.5433 -0.5948
vn -0.5924 -0.5435 -0.5947
vn -0.6663 -0.5676 -0.4836
vn -0.5917 0.2558 0.7645
vn 0.5894 0.2529 0.7672
vn 0.7712 0.3869 -0.5056
vn 0.5409 0.6844 0.4889
vn 0.6219 0.5679 0.5392
vn 0.8457 -0.4001 0.3531
vn 0.7566 0.4476 0.4767
vn 0.5321 -0.6182 0.5786
vn 0.5163 0.6118 0.5993
vn 0.5156 0.6107 0.6010
vn 0.5183 0.6158 0.5934
vn 0.5186 0.6162 0.5928
vn -0.7677 0.4128 -0.4902
vn -0.3849 0.9113 0.1462
vn -0.7673 0.2356 0.5965
vn -0.5456 -0.5729 0.6116
vn -0.6010 0.6348 0.4856
vn -0.7979 -0.2555 0.5459
vn -0.3822 -0.9240 -0.0082
vn -0.7537 0.4658 0.4636
vn -0.5514 0.5421 0.6341
vn -0.5149 0.4893 0.7039
vn -0.6084 0.7771 -0.1613
vn 0.6001 0.7790 -0.1817
vn -0.6235 -0.5738 0.5311
vn -0.5908 0.5157 -0.6204
vn -0.5177 -0.5247 -0.6757
vn -0.5690 0.5323 -0.6269
vn -0.5945 -0.5494 -0.5871
vn -0.6072 -0.5277 -0.5941
vn -0.7048 0.4455 -0.5521
vn -0.6872 -0.4054 -0.6029
vn 0.6013 -0.5628 0.5672
vn 0.4577 -0.5893 -0.6657
vn 0.8147 0.4945 -0.3028
vn 0.2878 -0.1773 -0.9411
vn 0.5658 0.5330 -0.6291
vn 0.5276 0.5872 -0.6139
vn 0.5980 -0.5330 -0.5986
vn 0.7008 -0.4582 -0.5468
vn 0.6068 0.2891 0.7404
vn -0.6075 0.2884 0.7401
vn -0.7451 0.4578 -0.4851
vn -0.5800 0.6520 0.4884
vn -0.3690 0.9284 0.0442
vn -0.8011 0.3570 0.4804
vn -0.8457 -0.4001 0.3532
vn -0.7566 0.4476 0.4767
vn -0.4999 0.5865 0.6372
vn -0.5136 0.6122 0.6013
vn 0.7538 0.4665 -0.4629
vn 0.7311 0.2729 0.6253
vn 0.3447 0.9216 0.1787
vn 0.5732 -0.5956 0.5628
vn 0.5519 -0.5682 0.6104
vn 0.5670 0.6590 0.4942
vn 0.3908 -0.9205 -0.0003
vn 0.7979 -0.2555 0.5459
vn 0.7537 0.4658 0.4636
vn 0.5157 0.4875 0.7045
vn 0.5378 0.5165 0.6664
vn 0.5970 0.7788 -0.1924
vn -0.5882 0.7809 -0.2104
vn 0.0063 0.5464 -0.8375
vn 0.0159 0.6808 -0.7323
vn 0.0073 -0.6659 -0.7460
vn 0.0243 -0.6881 -0.7252
vn 0.6993 -0.0523 -0.7129
vn 0.7548 0.0440 -0.6544
vn 0.7084 -0.7058 -0.0007
vn 0.6889 -0.7238 -0.0394
vn 0.6974 0.6504 -0.3009
vn 0.6902 0.0136 -0.7235
vn 0.6867 -0.7260 0.0380
vn 0.6984 -0.1114 -0.7070
vn 0.6902 -0.0198 0.7233
vn -0.0073 -0.7156 0.6985
vn -0.0048 -0.5683 -0.8228
vn -0.0320 0.6031 -0.7970
vn -0.6830 0.0038 0.7304
vn -0.6909 -0.7220 0.0365
vn -0.6863 0.0322 -0.7267
vn -0.7466 -0.1294 -0.6526
vn -0.6944 -0.7186 -0.0379
vn -0.7607 0.0839 -0.6437
vn -0.6492 0.7589 -0.0509
vn -0.7329 -0.0901 -0.6743
vn -0.7087 0.0970 0.6988
vn -0.7074 -0.7069 -0.0006
vn -0.7067 0.0032 0.7075
vn 0.7078 -0.1435 0.6917
vn 0.7092 0.0972 0.6982
vn 0.7124 0.0040 0.7017
vn 0.0009 0.2419 0.9703
vn -0.7132 -0.3349 0.6157
vn 0.6541 -0.3343 0.6785
vn -0.7064 -0.1479 0.6922
vn 0.0024 0.7352 0.6779
vn 0.0191 -0.6137 0.7893
vn 0.0050 0.5711 0.8209
vn 0.7780 0.0922 0.6215
vn 0.7449 -0.0996 0.6597
vn 0.7058 0.7084 0.0005
vn 0.7068 0.7074 0.0007
vn 0.7064 0.7078 0.0006
vn 0.6966 0.6856 0.2113
vn 0.6431 -0.7640 0.0512
vn 0.6607 -0.0325 0.7500
vn 0.7539 -0.0321 -0.6562
vn 0.6352 0.0956 0.7664
vn 0.7054 0.7088 0.0005
vn -0.7671 -0.0032 -0.6415
vn -0.0224 0.6790 0.7338
vn 0.0116 -0.6585 0.7525
vn -0.6769 -0.0048 0.7360
vn -0.7090 0.7052 0.0008
vn -0.7096 0.7046 0.0009
vn -0.7082 0.7060 0.0007
vn -0.6624 0.0567 0.7470
vn -0.7076 0.7066 0.0006
vn -0.7324 -0.0610 0.6782
vn -0.7816 -0.5750 0.2418
vn -0.7631 0.0529 0.6441
vn -0.7396 -0.0898 -0.6670
vn -0.7113 -0.0040 -0.7028
vn -0.7631 0.5423 0.3517
vn 0.7621 0.1153 -0.6372
vn 0.7241 -0.0925 -0.6835
vn 0.7042 -0.0032 -0.7100
vn -0.0193 0.9283 -0.3713
vn -0.7443 0.3130 -0.5900
vn 0.7625 0.3023 -0.5720
vn -0.7166 0.1380 -0.6837
vn -0.0052 0.5477 -0.8367
vn -0.0155 0.6798 -0.7332
vn -0.0071 -0.6666 -0.7454
vn -0.0005 -0.6278 -0.7783
vn -0.7556 -0.0496 -0.6532
vn -0.7219 0.0450 -0.6905
vn -0.7085 -0.7058 -0.0006
vn -0.6902 -0.7226 -0.0395
vn -0.6966 0.6502 -0.3031
vn -0.6894 0.0136 -0.7243
vn -0.6862 -0.7264 0.0378
vn -0.7289 -0.1001 -0.6772
vn -0.7393 -0.0183 0.6732
vn 0.0068 -0.7517 0.6595
vn 0.0035 -0.6017 -0.7987
vn 0.0322 0.6047 -0.7958
vn 0.7607 0.0088 0.6491
vn 0.6911 -0.7218 0.0365
vn 0.6870 0.0323 -0.7259
vn 0.7176 -0.1384 -0.6825
vn 0.6950 -0.7180 -0.0380
vn 0.7306 0.0832 -0.6777
vn 0.6486 0.7596 -0.0485
vn 0.7626 -0.0902 -0.6405
vn 0.7348 0.0969 0.6714
vn 0.7083 -0.7059 -0.0006
vn 0.6059 -0.7511 -0.2622
vn 0.7067 0.0032 0.7075
vn -0.7673 -0.1485 0.6238
vn -0.7208 0.0973 0.6863
vn -0.7122 0.0042 0.7020
vn 0.0034 0.2157 0.9765
vn 0.7443 -0.3192 0.5866
vn -0.6969 -0.3078 0.6478
vn 0.7059 -0.1583 0.6904
vn -0.0048 0.7295 0.6840
vn -0.0191 -0.6137 0.7893
vn -0.0060 0.5710 0.8209
vn -0.7421 0.0989 0.6630
vn -0.7819 -0.0927 0.6165
vn -0.7014 0.7128 0.0006
vn -0.7100 0.6847 0.1648
vn -0.6434 -0.7638 0.0514
vn -0.6607 -0.0325 0.7500
vn -0.6952 -0.0338 -0.7180
vn -0.6547 0.0950 0.7499
vn 0.7095 -0.0066 -0.7046
vn 0.0077 0.6779 0.7351
vn -0.0112 -0.6566 0.7541
vn 0.6769 -0.0048 0.7360
vn 0.7082 0.7060 0.0007
vn 0.7096 0.7046 0.0009
vn 0.7090 0.7052 0.0008
vn 0.6015 0.0660 0.7961
vn 0.7076 0.7066 0.0006
vn 0.7640 -0.0535 0.6429
vn 0.7845 -0.5705 0.2431
vn 0.7362 0.0593 0.6742
vn 0.7085 -0.0981 -0.6988
vn 0.7126 -0.0040 -0.7016
vn 0.7453 0.5387 0.3928
vn -0.7127 0.1441 -0.6865
vn -0.7062 -0.0970 -0.7013
vn -0.7057 -0.0028 -0.7085
vn 0.0006 0.9400 -0.3412
vn 0.7017 0.3501 -0.6205
vn -0.6718 0.3468 -0.6545
vn 0.7124 0.1475 -0.6861
vn -0.0000 0.3818 0.9243
vn -0.0000 0.9235 0.3836
vn -0.0000 0.9242 -0.3818
vn -0.0000 0.3836 -0.9235
vn -0.0000 -0.3818 -0.9242
vn -0.0000 -0.9235 -0.3836
vn -0.0025 -0.9798 -0.2000
vn 0.0058 -0.7644 0.6447
vn 0.3818 -0.3350 -0.8614
vn 0.9577 0.1669 0.2345
vn -0.0035 0.9997 0.0255
vn 0.0207 0.8403 0.5418
vn 0.0084 0.0292 -0.9995
vn 0.9558 0.1692 0.2402
vn -0.0017 -0.0493 -0.9988
vn -0.0310 0.1311 0.9909
vn -0.0332 0.1353 0.9903
vn 0.0765 -0.9960 0.0451
vn 0.0007 0.5826 0.8128
vn 0.9149 -0.1323 -0.3815
vn -0.0013 -0.5799 -0.8147
vn 0.3151 0.2900 0.9037
vn -0.9240 0.1121 0.3656
vn -0.3269 -0.2888 -0.8999
vn -0.3221 -0.2968 -0.8990
vn -0.3203 -0.2906 -0.9016
vn -0.9196 -0.1121 -0.3764
vn -0.0373 0.0749 -0.9965
vn -0.3110 0.2906 0.9049
vn 0.9247 0.1213 0.3609
vn 0.3046 -0.2855 -0.9087
vn 0.0525 -0.6201 -0.7828
vn 0.0062 0.0267 -0.9996
vn -0.0126 0.9993 0.0343
vn -0.3758 -0.2302 -0.8977
vn 0.0086 0.9984 0.0568
vn 0.0338 0.1290 0.9911
vn 0.0313 0.1247 0.9917
vn 0.0613 0.1260 0.9901
vn 0.9582 0.1618 0.2360
vn -0.9990 -0.0426 0.0157
vn -0.9989 -0.0447 0.0154
vn -0.9989 -0.0437 0.0165
vn 0.0041 0.1836 0.9830
vn 0.0017 -0.1826 -0.9832
vn -0.9999 0.0026 0.0156
vn 0.9999 0.0037 0.0151
vn -0.0532 -0.9901 0.1302
vn 0.0107 -0.9913 -0.1308
vn -0.9989 -0.0448 0.0169
vn -0.9988 -0.0469 0.0166
vn -0.9988 -0.0459 0.0177
vn -0.0030 -0.1820 -0.9833
vn -1.0000 -0.0004 -0.0010
vn -0.0553 -0.9902 0.1285
vn -0.0034 -0.0100 -0.9999
vn 0.0106 0.8399 -0.5426
vn 0.0029 -0.5828 -0.8126
vn 0.0092 -0.8780 0.4786
vn -0.0006 0.5801 0.8146
vn 0.9715 -0.0360 0.2341
vn 0.2819 -0.2905 -0.9144
vn 0.2772 -0.2958 -0.9141
vn -0.3047 0.2912 0.9068
vn -0.9801 -0.0506 -0.1919
vn 0.9512 0.0951 0.2935
vn 0.1686 0.9703 -0.1735
vn -0.1706 0.9678 -0.1849
vn -0.2981 -0.2982 -0.9068
vn 0.2918 0.2933 0.9104
vn 0.9793 -0.0707 -0.1895
vn -0.9824 0.0471 0.1806
vn -0.0087 0.0039 -1.0000
vn -0.1129 -0.8591 0.4992
vn -0.0151 0.0054 0.9999
vn -0.0109 0.0076 0.9999
vn -0.0037 1.0000 -0.0032
vn -0.0149 -0.9839 -0.1779
vn 0.9855 0.1696 0.0032
vn -0.0292 -0.5916 -0.8057
vn -0.9821 0.1810 0.0520
vn 0.0004 -0.9913 -0.1319
vn 0.0082 0.0053 1.0000
vn 0.0127 0.0031 0.9999
vn 0.9581 0.1617 0.2363
vn -0.0042 -0.0003 1.0000
vn -0.9988 -0.0453 0.0165
vn -0.9987 -0.0474 0.0163
vn -0.9988 -0.0465 0.0173
vn -0.0000 -0.1825 -0.9832
vn 0.9999 0.0027 0.0097
vn -0.0524 -0.9986 0.0094
vn -0.9989 -0.0445 0.0161
vn -0.9988 -0.0467 0.0159
vn -0.9988 -0.0457 0.0169
vn 1.0000 -0.0002 -0.0023
vn 0.0046 0.1837 0.9830
vn -0.0000 -0.1814 -0.9834
vn -0.9997 -0.0036 -0.0225
vn -0.0147 -0.9860 0.1662
vn 0.0019 0.9993 0.0383
vn 0.0051 0.7572 -0.6532
vn -0.6387 -0.5405 0.5477
vn 0.5852 -0.5494 0.5964
vn 0.2276 -0.5860 -0.7776
vn -0.1556 0.4406 0.8841
vn -0.6379 0.7690 -0.0421
vn -0.1910 -0.0306 -0.9811
vn -0.5251 -0.6868 -0.5026
vn -0.5967 0.4673 0.6524
vn 0.5586 0.4896 0.6695
vn -0.5995 0.4670 0.6500
vn 0.5585 0.4897 0.6695
vn 0.2242 -0.5854 -0.7792
vn 0.5835 -0.5554 0.5926
vn -0.2173 0.4835 0.8479
vn -0.2640 -0.5611 -0.7845
vn -0.6824 -0.4974 0.5357
vn 0.2111 0.4740 0.8549
vn 0.6339 0.7595 0.1460
vn -0.2229 0.1011 0.9696
vn -0.1854 -0.1409 -0.9725
vn -0.6063 0.7760 0.1737
vn 0.5640 -0.6697 -0.4831
vn -0.5956 0.4678 0.6530
vn 0.5622 0.4877 0.6679
vn -0.6003 0.4705 0.6467
vn 0.5544 0.4871 0.6749
vn 0.1114 0.9799 0.1656
vn -0.1157 0.9732 0.1989
vn 0.8793 0.0372 0.4748
vn 0.8778 0.2817 0.3874
vn -0.9048 0.2675 0.3313
vn -0.8821 0.0342 0.4698
vn -0.1090 -0.6056 0.7883
vn -0.4004 0.2388 0.8846
vn 0.1006 -0.7486 0.6553
vn 0.1301 -0.6231 0.7712
vn -0.5032 -0.4923 0.7103
vn -0.3869 0.2671 0.8826
vn 0.1775 -0.6331 0.7534
vn 0.0150 -0.6899 -0.7237
vn 0.0171 -0.6897 -0.7239
vn 0.0135 -0.6910 -0.7227
vn 0.3938 0.2164 0.8933
vn 0.7136 -0.6488 -0.2640
vn -0.7011 0.6156 0.3598
vn 0.7461 0.5614 0.3581
vn 0.7140 -0.6491 -0.2624
vn -0.7109 0.6058 0.3573
vn 0.7444 0.5610 0.3621
vn -0.1515 0.9783 0.1413
vn -0.8876 -0.0000 0.4606
vn 0.8869 0.2685 0.3760
vn 0.1616 -0.6444 0.7474
vn 0.1370 0.8323 0.5371
vn -0.1121 -0.6010 0.7914
vn -0.3929 0.2362 0.8887
vn 0.0124 -0.6998 -0.7142
vn 0.0145 -0.6996 -0.7144
vn 0.0104 -0.7006 -0.7135
vn 0.1737 -0.6385 0.7498
vn 0.3959 0.2193 0.8917
vn -0.5062 -0.4849 0.7132
vn -0.3847 0.2649 0.8842
vn 0.7113 -0.6499 -0.2676
vn -0.7107 0.6058 0.3575
vn 0.7448 0.5615 0.3606
vn 0.7129 -0.6496 -0.2641
vn -0.6992 0.6171 0.3609
vn 0.7461 0.5614 0.3579
vn -0.0650 -0.9903 -0.1230
vn 0.6460 -0.1959 0.7378
vn -0.0079 -0.9499 -0.3125
vn -0.0104 -0.6825 -0.7308
vn -0.0024 0.6852 -0.7283
vn 0.6326 0.3743 0.6780
vn -0.0702 -0.9916 -0.1086
vn -0.5944 -0.0594 0.8020
vn 0.0636 -0.9781 -0.1980
vn -0.5139 -0.8577 0.0138
vn -0.0000 -0.5660 0.8244
vn -0.0151 0.8496 0.5272
vn 0.6434 -0.1933 0.7407
vn 0.0033 0.6600 -0.7513
vn 0.0632 -0.9718 -0.2272
vn -0.5365 -0.8434 -0.0306
vn 0.0106 -0.7758 0.6309
vn -0.0150 0.8500 0.5265
vn 0.6437 -0.1932 0.7405
vn 0.6536 -0.1917 0.7322
vn -0.0062 -0.6731 -0.7396
vn -0.0096 -0.6745 -0.7382
vn -0.0060 -0.6747 -0.7380
vn -0.5428 -0.8394 -0.0293
vn 0.0113 -0.7743 0.6328
vn -0.0007 0.8737 0.4864
vn -0.0016 0.8686 0.4955
vn -0.5900 0.6720 -0.4476
vn -0.5942 -0.0608 0.8020
vn 0.1006 0.8110 -0.5763
vn 0.1414 -0.9749 -0.1720
vn 0.6827 -0.4429 0.5812
vn 0.0859 -0.0048 0.9963
vn -0.1410 0.4546 0.8795
vn 0.0022 0.2614 -0.9652
vn 0.0039 -0.2546 0.9670
vn -0.0001 0.9866 0.1630
vn -0.0077 0.9401 0.3407
vn -0.1107 0.8552 -0.5064
vn -0.1645 -0.9766 0.1385
vn 0.9475 -0.1883 -0.2584
vn 0.5571 -0.2587 -0.7891
vn -0.8085 -0.1862 -0.5583
vn -0.8897 -0.1396 -0.4347
vn 0.9427 0.0509 -0.3298
vn 0.5218 -0.8498 -0.0741
vn -0.8916 0.0054 -0.4527
vn -0.1473 -0.1210 -0.9817
vn 0.2064 0.0739 0.9757
vn -0.5135 -0.8581 -0.0014
vn -0.9617 0.0761 -0.2635
vn 0.2615 -0.0094 -0.9652
vn 0.6590 0.7277 0.1900
vn -0.1902 0.1778 0.9655
vn -0.4211 -0.2740 -0.8646
vn 0.8073 -0.1741 -0.5638
vn -0.9483 -0.1898 -0.2542
vn 0.8906 -0.2684 -0.3672
vn -0.0877 -0.7114 0.6973
vn -0.0267 -0.9992 0.0305
vn 0.0186 0.7069 0.7071
vn -0.1109 0.6507 -0.7512
vn 0.1691 0.9220 -0.3484
vn -0.0077 0.5852 0.8109
vn -0.7080 -0.1276 -0.6946
vn -0.7086 -0.1275 -0.6940
vn -0.7072 -0.1278 -0.6954
vn 0.7179 0.1283 0.6842
vn 0.7016 -0.1289 -0.7009
vn -0.7066 -0.1279 -0.6960
vn -0.7114 0.1293 0.6908
vn -0.0006 -0.8764 -0.4815
vn -0.7914 -0.5619 -0.2408
vn -0.0175 0.8734 0.4868
vn -0.7817 0.5234 0.3391
vn -0.0067 0.5861 0.8102
vn 0.7180 0.1282 0.6842
vn 0.7015 -0.1289 -0.7009
vn -0.0007 -0.8759 -0.4825
vn -0.8246 -0.5205 -0.2217
vn 0.0457 0.8798 0.4732
vn -0.7811 0.5242 0.3392
vn 0.0282 0.2992 -0.9538
vn 0.7232 0.4049 -0.5596
vn 0.1803 0.4823 0.8573
vn 0.0174 0.5614 0.8274
vn -0.6817 -0.5174 0.5173
vn -0.1429 -0.9750 -0.1701
vn 0.0055 0.1586 -0.9873
vn 0.0105 0.9885 0.1512
vn 0.0033 -0.0347 0.9994
vn 0.0098 -0.9944 -0.1052
vn -0.6037 0.5947 -0.5309
vn -0.1342 0.3799 0.9152
vn 0.6541 -0.5322 0.5375
vn 0.2940 -0.5229 -0.8001
vn -0.4305 -0.2793 -0.8583
vn 0.4580 0.2694 0.8471
vn 0.8682 -0.1492 -0.4733
vn -0.8726 0.1600 0.4614
vn -0.5772 -0.8164 -0.0160
vn -0.2198 0.1082 0.9695
vn 0.9838 0.1290 -0.1244
vn 0.6846 0.6985 0.2084
vn 0.1980 -0.1040 -0.9747
vn 0.5743 -0.8149 -0.0776
vn 0.1614 0.1362 0.9775
vn -0.8756 -0.0159 -0.4828
vn -0.1518 -0.1218 -0.9809
vn 0.4225 -0.2739 -0.8640
vn -0.4577 0.2734 0.8460
vn 0.8685 0.1407 0.4753
vn -0.9756 -0.0773 -0.2054
vn 0.5635 -0.3034 -0.7683
vn -0.0076 -0.6722 -0.7403
vn -0.0119 0.7180 0.6960
vn 0.0056 -0.7198 -0.6942
vn -0.1527 0.7133 -0.6840
vn -0.0921 -0.7049 0.7033
vn -0.0070 0.5851 0.8109
vn -0.7055 -0.1281 -0.6970
vn -0.7128 0.1290 0.6894
vn 0.7071 0.1301 0.6950
vn -0.0079 -0.8743 -0.4853
vn -0.8256 -0.5193 -0.2208
vn -0.7820 0.5229 0.3391
vn -0.0013 0.5916 0.8062
vn 0.7104 -0.1271 -0.6922
vn 0.7184 0.1281 0.6837
vn -0.7125 0.1289 0.6897
vn -0.0054 -0.8751 -0.4840
vn -0.7922 -0.5630 -0.2356
vn -0.0174 0.8734 0.4866
vn -0.7817 0.5229 0.3400
vt 0.009366 0.920677
vt 0.157785 0.997793
vt 0.003630 0.997793
vt 0.859053 0.778463
vt 0.714599 0.825392
vt 0.712537 0.778463
vt 0.508511 0.992667
vt 0.601157 0.965038
vt 0.603631 0.992668
vt 0.725142 0.832705
vt 0.757947 0.832705
vt 0.725142 0.958888
vt 0.709503 0.732586
vt 0.967003 0.986959
vt 0.955263 0.989601
vt 0.967502 0.842731
vt 0.401017 0.834965
vt 0.488491 0.845188
vt 0.401017 0.845188
vt 0.875669 0.965586
vt 0.855523 0.993423
vt 0.842437 0.965586
vt 0.831100 0.892619
vt 0.921849 0.870905
vt 0.921849 0.958888
vt 0.799154 0.958888
vt 0.888461 0.832705
vt 1.604780 0.992668
vt 1.601157 0.965038
vt 1.601157 0.965038
vt 1.603631 0.777568
vt 1.603547 0.734267
vt 1.603072 0.777568
vt 1.600463 0.824431
vt 1.725142 0.832705
vt 1.725142 0.958888
vt 1.757947 0.832705
vt 1.708533 0.778463
vt 1.861469 0.732586
vt 1.709503 0.732586
vt 1.967003 0.986959
vt 1.955511 0.858053
vt 1.955263 0.989599
vt 1.401017 0.845188
vt 1.401017 0.834965
vt 1.401017 0.845188
vt 1.163840 0.698160
vt 1.162139 0.708491
vt 1.163846 0.698160
vt 1.663842 0.965248
vt 1.660706 0.992697
vt 1.714131 0.965496
vt 1.842437 0.965586
vt 1.847612 0.993423
vt 1.875669 0.965586
vt 1.324658 0.753065
vt 1.472200 0.734507
vt 1.312193 0.734507
vt 1.496219 0.753065
vt 1.346181 0.822530
vt 1.302703 0.759530
vt 1.167562 0.759530
vt 1.346180 0.759376
vt 1.831100 0.892619
vt 1.921849 0.958888
vt 1.921849 0.870905
vt 1.799154 0.958888
vt 1.888461 0.832705
vt 1.604780 0.992668
vt 1.508512 0.964782
vt 1.508512 0.777568
vt 1.600463 0.824431
vt 1.708760 0.778463
vt 1.162139 0.708491
vt 1.246150 0.696095
vt 0.663842 0.965248
vt 0.660706 0.992697
vt 0.714131 0.965496
vt 1.324658 0.753065
vt 1.469310 0.734506
vt 1.312193 0.734507
vt 1.290254 0.750823
vt 1.259295 0.734395
vt 1.170807 0.750823
vt 1.346182 0.822530
vt 1.714599 0.825392
vt 1.712537 0.778463
vt 1.603631 0.992668
vt 1.863294 0.611562
vt 1.991889 0.622547
vt 1.848718 0.622547
vt 0.169151 0.994300
vt 0.173622 0.919145
vt 0.494430 0.919144
vt 0.498901 0.994300
vt 1.169640 0.851315
vt 1.494430 0.919144
vt 1.498411 0.851315
vt 0.010796 0.406096
vt 0.016701 0.425300
vt 0.010607 0.425240
vt 0.009986 0.488289
vt 0.016277 0.468273
vt 0.016080 0.488349
vt 1.016701 0.425300
vt 1.010796 0.406096
vt 1.010607 0.425240
vt 1.016080 0.488349
vt 1.010184 0.468213
vt 1.009986 0.488289
vt 0.000000 0.000000
vt 1.955263 0.931370
vt 1.965670 0.930200
vt 1.955263 0.931370
vt 0.746774 0.732455
vt 0.773278 0.732586
vt 0.773278 0.775393
vt 0.748872 0.775258
vt 1.234318 0.994300
vt 1.234374 0.992427
vt 1.236560 0.918944
vt 0.902999 0.961743
vt 0.902999 0.961743
vt 0.915926 0.961432
vt 0.955263 0.931370
vt 0.933110 0.935647
vt 0.955253 0.931372
vt 0.922262 0.937742
vt 0.922080 0.937777
vt 1.230633 0.855020
vt 1.233245 0.919394
vt 1.208114 0.919145
vt 1.206479 0.854875
vt 0.929565 0.958356
vt 0.932685 0.938404
vt 0.955323 0.934254
vt 0.955263 0.957833
vt 0.777501 0.779525
vt 0.777801 0.778416
vt 0.778438 0.733547
vt 0.936612 0.611395
vt 0.935333 0.622270
vt 0.936568 0.611765
vt 0.749252 0.781403
vt 0.773580 0.781523
vt 0.775048 0.825480
vt 0.750023 0.825392
vt 0.954632 0.960500
vt 0.929260 0.961111
vt 0.955263 0.960485
vt 0.965339 0.612588
vt 0.963823 0.621240
vt 0.965562 0.611312
vt 1.201712 0.994803
vt 1.201735 0.994300
vt 1.205035 0.919165
vt 1.205088 0.919145
vt 1.202217 0.853940
vt 1.955479 0.960448
vt 1.955263 0.960485
vt 1.966686 0.958558
vt 0.933079 0.936906
vt 0.921494 0.938961
vt 0.916716 0.958870
vt 0.911426 0.939834
vt 0.911018 0.939913
vt 0.778519 0.825392
vt 0.777509 0.779475
vt 0.933180 0.935634
vt 0.954729 0.931473
vt 0.933141 0.935641
vt 0.932606 0.938404
vt 0.921388 0.940338
vt 0.916716 0.958870
vt 1.773278 0.732586
vt 1.773267 0.775401
vt 1.748901 0.775278
vt 1.746776 0.732586
vt 1.955601 0.931332
vt 1.955263 0.931370
vt 1.966640 0.930091
vt 0.935460 0.621189
vt 0.936450 0.612773
vt 0.935300 0.622547
vt 0.896047 0.757661
vt 0.745012 0.778463
vt 0.744970 0.777403
vt 1.965722 0.958720
vt 1.967003 0.958504
vt 1.746566 0.825551
vt 1.746560 0.825392
vt 1.745043 0.779404
vt 0.772564 0.775578
vt 0.749781 0.775578
vt 0.748343 0.774416
vt 0.745044 0.781760
vt 0.744970 0.777403
vt 0.746646 0.775266
vt 1.204910 0.851315
vt 1.206604 0.851315
vt 0.777473 0.777405
vt 0.774200 0.781542
vt 0.777508 0.781732
vt 0.875603 0.654886
vt 0.875943 0.657855
vt 0.871525 0.658087
vt 1.749434 0.781048
vt 1.745070 0.781622
vt 1.744969 0.777403
vt 1.229660 0.851315
vt 1.231253 0.855023
vt 1.234612 0.853662
vt 0.877190 0.630177
vt 0.900354 0.633000
vt 0.899942 0.630245
vt 1.958880 0.955971
vt 1.955263 0.935905
vt 1.955263 0.956183
vt 1.749432 0.781049
vt 1.773267 0.775401
vt 1.748901 0.775279
vt 1.228889 0.994300
vt 1.206927 0.991179
vt 1.206301 0.994300
vt 0.939121 0.616808
vt 1.962365 0.933742
vt 1.967003 0.930050
vt 0.872228 0.633652
vt 0.875648 0.654918
vt 0.876368 0.633049
vt 0.898040 0.657870
vt 1.229178 0.851315
vt 1.206743 0.854497
vt 1.230221 0.854487
vt 0.899927 0.654760
vt 0.904650 0.633803
vt 1.963890 0.954600
vt 0.961510 0.616357
vt 0.963594 0.622547
vt 0.909800 0.943229
vt 0.904085 0.958786
vt 0.909976 0.942751
vt 0.903860 0.960565
vt 0.911018 0.939913
vt 0.910151 0.942274
vt 0.916065 0.961428
vt 0.900342 0.633414
vt 0.877190 0.630177
vt 1.954770 0.935654
vt 1.958565 0.955455
vt 1.955263 0.956162
vt 1.772563 0.775578
vt 1.749966 0.781224
vt 1.749781 0.775578
vt 1.205512 0.990698
vt 1.228829 0.994300
vt 1.206208 0.994300
vt 1.955297 0.935441
vt 1.963125 0.934380
vt 0.875105 0.654003
vt 0.872223 0.633832
vt 0.876447 0.633432
vt 0.772564 0.775578
vt 0.749434 0.781224
vt 0.773279 0.781224
vt 0.876473 0.655113
vt 0.898072 0.657870
vt 0.876011 0.657855
vt 1.229666 0.851315
vt 0.904645 0.633919
vt 0.898818 0.655163
vt 0.921417 0.940344
vt 0.909933 0.942867
vt 0.904217 0.958427
vt 0.909800 0.943229
vt 0.903841 0.959451
vt 0.910284 0.941912
vt 0.910289 0.941898
vt 0.903809 0.959597
vt 0.900384 0.633021
vt 0.877190 0.630177
vt 0.899942 0.630244
vt 1.955263 0.935905
vt 1.958878 0.955970
vt 1.206375 0.991179
vt 1.228890 0.994300
vt 1.206301 0.994300
vt 0.939126 0.616762
vt 1.962365 0.933742
vt 0.872227 0.633677
vt 0.876418 0.633015
vt 0.773270 0.775399
vt 0.749424 0.780897
vt 0.898649 0.658693
vt 1.207294 0.854497
vt 1.229178 0.851315
vt 1.229605 0.854488
vt 0.904651 0.633781
vt 0.899875 0.654795
vt 1.963907 0.954578
vt 0.961206 0.618104
vt 0.965512 0.611600
vt 0.963594 0.622547
vt 0.921520 0.939043
vt 0.911018 0.939913
vt 0.910072 0.942488
vt 0.904217 0.958427
vt 0.903774 0.960688
vt 0.903894 0.959307
vt 0.910289 0.941898
vt 0.911018 0.939913
vt 0.916065 0.961429
vt 0.900289 0.633371
vt 1.958565 0.955455
vt 1.955132 0.935651
vt 1.772564 0.775578
vt 1.228829 0.994300
vt 1.206043 0.990680
vt 1.206208 0.994300
vt 1.955297 0.935441
vt 1.963130 0.934384
vt 0.872224 0.633804
vt 0.876450 0.655095
vt 0.876401 0.633467
vt 0.749966 0.781224
vt 0.772686 0.781224
vt 1.205919 0.854882
vt 0.898849 0.655140
vt 0.904644 0.633938
vt 0.911456 0.939828
vt 0.922201 0.937754
vt 0.904042 0.958904
vt 0.910020 0.942630
vt 0.902855 0.961747
vt 0.902999 0.961743
vt 0.915716 0.961437
vt 0.903867 0.959381
vt 1.003630 0.997793
vt 1.157785 0.997793
vt 1.152049 0.920677
vt 1.009366 0.920677
vt 0.152049 0.920677
vt 1.157158 0.854621
vt 0.603072 0.777568
vt 0.652002 0.777568
vt 0.648433 0.824920
vt 0.600426 0.824431
vt 1.004257 0.854621
vt 0.712537 0.993038
vt 0.714131 0.965496
vt 0.672296 0.891188
vt 0.718432 0.891188
vt 0.663842 0.965248
vt 0.665866 0.825732
vt 0.663326 0.778463
vt 0.921849 0.832705
vt 0.508511 0.824431
vt 0.650940 0.964680
vt 0.655019 0.992178
vt 0.655044 0.732586
vt 0.639934 0.890491
vt 0.594482 0.890491
vt 0.940144 0.850029
vt 0.950284 0.907743
vt 0.937808 0.907743
vt 0.927739 0.848767
vt 0.324658 0.753065
vt 0.312195 0.734507
vt 0.356564 0.734507
vt 0.082736 0.838506
vt 0.082738 0.849285
vt 0.017546 0.841345
vt 0.015892 0.830615
vt 0.246409 0.706376
vt 0.162173 0.708490
vt 0.163846 0.698160
vt 0.158860 0.840336
vt 0.158163 0.829593
vt 0.660709 0.992697
vt 0.258238 0.734395
vt 0.305473 0.735717
vt 0.290253 0.750823
vt 0.938898 0.971607
vt 0.927453 0.974272
vt 0.478972 0.734507
vt 0.977082 0.984995
vt 0.977082 0.871817
vt 0.988067 0.871817
vt 0.988400 0.987619
vt 1.648433 0.824920
vt 1.652002 0.777568
vt 0.170807 0.734395
vt 0.346182 0.822530
vt 0.132990 0.759530
vt 0.167563 0.759530
vt 0.302703 0.759530
vt 0.346180 0.759376
vt 0.503469 0.759376
vt 1.718432 0.891188
vt 1.672296 0.891188
vt 1.714601 0.825392
vt 1.859053 0.825392
vt 1.665866 0.825732
vt 1.663326 0.778463
vt 1.516752 0.940196
vt 1.516752 0.844659
vt 1.516752 0.844659
vt 1.921849 0.832705
vt 1.650940 0.964680
vt 1.655019 0.992178
vt 1.655044 0.732586
vt 1.639934 0.890491
vt 1.594482 0.890491
vt 1.937808 0.907743
vt 1.950284 0.907743
vt 1.940144 0.850029
vt 1.927739 0.848767
vt 1.248926 0.834965
vt 1.248926 0.845188
vt 1.082736 0.838506
vt 1.015892 0.830615
vt 1.017546 0.841345
vt 1.082738 0.849285
vt 1.158860 0.840336
vt 1.158163 0.829593
vt 1.290255 0.750823
vt 1.305473 0.735717
vt 1.259295 0.734395
vt 1.927453 0.974272
vt 1.938898 0.971607
vt 1.988067 0.871817
vt 1.977082 0.871817
vt 1.977082 0.984995
vt 1.988400 0.987619
vt 1.161203 0.714291
vt 1.161204 0.714291
vt 1.163198 0.724459
vt 1.163193 0.724459
vt 1.290253 0.750823
vt 1.132990 0.759530
vt 1.132990 0.822346
vt 1.346182 0.822530
vt 1.503469 0.759376
vt 0.935685 0.657897
vt 0.937279 0.630355
vt 0.802764 0.629970
vt 0.805542 0.657807
vt 1.508596 0.734267
vt 1.955263 0.989601
vt 1.967003 0.986959
vt 1.967003 0.986958
vt 1.488491 0.834965
vt 1.246141 0.713720
vt 1.246207 0.723911
vt 1.324659 0.753065
vt 0.991890 0.622547
vt 0.994513 0.611229
vt 0.877053 0.611562
vt 1.503469 0.822530
vt 1.600426 0.824431
vt 1.794414 0.629970
vt 1.937279 0.630355
vt 1.935685 0.657897
vt 1.790297 0.657807
vt 1.312195 0.734507
vt 1.356564 0.734507
vt 1.162173 0.708490
vt 1.712536 0.993038
vt 1.660709 0.992697
vt 1.663842 0.965248
vt 1.714131 0.965496
vt 1.258238 0.734395
vt 0.169640 0.851315
vt 0.498411 0.851315
vt 1.994513 0.611229
vt 0.008990 0.536694
vt 0.029103 0.536685
vt 0.030013 0.497333
vt 0.008990 0.496752
vt 1.173622 0.919145
vt 1.169151 0.994300
vt 1.498901 0.994300
vt 0.010184 0.468213
vt 0.016889 0.406156
vt 1.008991 0.536694
vt 1.008991 0.496752
vt 1.030013 0.497333
vt 1.029103 0.536685
vt 1.016278 0.468273
vt 1.016889 0.406156
vt 0.977082 0.841824
vt 0.988067 0.841824
vt 1.988067 0.841824
vt 1.977082 0.841824
vt 0.925858 0.759984
vt 0.778762 0.733473
vt 1.333904 0.835021
vt 1.229301 0.991235
vt 1.234892 0.919091
vt 1.208115 0.919145
vt 1.205529 0.989915
vt 1.777472 0.777405
vt 1.777501 0.779485
vt 1.777487 0.778463
vt 1.776869 0.732586
vt 1.776884 0.733673
vt 1.777507 0.779397
vt 1.778519 0.825392
vt 1.778525 0.825660
vt 0.871531 0.657852
vt 0.871572 0.656448
vt 0.872255 0.632710
vt 0.777465 0.777458
vt 0.777487 0.778463
vt 0.778519 0.825392
vt 0.778505 0.824789
vt 1.774357 0.822663
vt 1.773389 0.781155
vt 1.750450 0.822575
vt 1.236554 0.919145
vt 0.933141 0.935641
vt 1.208114 0.919145
vt 1.231082 0.990535
vt 1.773947 0.774412
vt 1.748336 0.774412
vt 1.958575 0.935435
vt 1.963701 0.954589
vt 1.961578 0.956222
vt 0.940628 0.614728
vt 0.960538 0.614674
vt 0.961336 0.617325
vt 0.959745 0.619199
vt 0.940102 0.619202
vt 0.939046 0.617440
vt 0.778505 0.824760
vt 0.774703 0.782340
vt 0.748071 0.782340
vt 0.749471 0.825392
vt 0.929565 0.958356
vt 0.916716 0.958870
vt 1.774110 0.782340
vt 1.773816 0.822453
vt 1.751300 0.822606
vt 1.748603 0.782340
vt 1.772686 0.781224
vt 0.745045 0.779474
vt 0.746560 0.825392
vt 1.233243 0.919144
vt 1.231713 0.855766
vt 1.205345 0.855787
vt 1.773272 0.732397
vt 1.746808 0.733616
vt 0.940620 0.614792
vt 0.940109 0.619141
vt 0.959724 0.619353
vt 0.960569 0.614523
vt 1.234563 0.851315
vt 1.236554 0.919145
vt 1.234556 0.851061
vt 1.959287 0.934670
vt 1.963716 0.934866
vt 0.875790 0.630173
vt 0.901342 0.630249
vt 0.955263 0.957330
vt 0.954696 0.934598
vt 0.745053 0.779503
vt 0.888303 0.756390
vt 0.744982 0.733545
vt 0.929131 0.961114
vt 1.205088 0.919145
vt 1.365037 0.834593
vt 0.742520 0.732477
vt 1.202102 0.851315
vt 0.904693 0.632823
vt 0.903599 0.658087
vt 0.903608 0.657874
vt 1.744969 0.777403
vt 1.743182 0.732492
vt 1.743186 0.732586
vt 1.745012 0.778463
vt 0.911018 0.939913
vt 1.744979 0.777479
vt 1.746529 0.824446
vt 0.750801 0.733275
vt 1.364136 0.835044
vt 1.334867 0.834557
vt 0.773278 0.732586
vt 0.773942 0.774409
vt 0.916065 0.961429
vt 0.929131 0.961114
vt 0.903867 0.959382
vt 1.331572 0.834593
vt 0.776239 0.732470
vt 1.204977 0.989914
vt 1.208115 0.919145
vt 1.233243 0.919231
vt 1.231468 0.989931
vt 1.229976 0.991187
vt 1.777466 0.777501
vt 1.778519 0.825392
vt 1.778499 0.824456
vt 1.776867 0.732492
vt 1.958832 0.930969
vt 1.963716 0.934865
vt 0.872255 0.632710
vt 0.933046 0.937039
vt 0.955400 0.934245
vt 0.955263 0.957833
vt 0.778527 0.825731
vt 1.773389 0.781155
vt 1.774358 0.822663
vt 1.750442 0.822570
vt 1.236561 0.919375
vt 1.234310 0.994572
vt 0.955263 0.931370
vt 0.922080 0.937777
vt 0.004257 0.854621
vt 0.157158 0.854621
vt 1.233245 0.918928
vt 1.230463 0.990537
vt 1.773947 0.774412
vt 1.958575 0.935435
vt 1.961781 0.956188
vt 1.963701 0.954589
vt 0.955263 0.957330
vt 0.954697 0.934598
vt 0.940628 0.614728
vt 0.939053 0.617374
vt 0.940102 0.619202
vt 0.959745 0.619199
vt 0.961321 0.617415
vt 0.960538 0.614674
vt 0.774110 0.782340
vt 0.775048 0.825567
vt 0.750023 0.825392
vt 0.748603 0.782340
vt 1.772686 0.781224
vt 1.751300 0.822606
vt 1.773816 0.822453
vt 0.744978 0.777437
vt 0.746560 0.825392
vt 0.746526 0.824356
vt 1.231097 0.855767
vt 1.235001 0.919262
vt 1.205897 0.855786
vt 0.940620 0.614792
vt 0.961093 0.615149
vt 0.959724 0.619353
vt 0.940109 0.619141
vt 1.236554 0.919145
vt 0.901342 0.630249
vt 0.777505 0.733420
vt 0.746808 0.733615
vt 0.748889 0.775270
vt 0.775352 0.824784
vt 0.748056 0.781881
vt 0.749471 0.825392
vt 0.743192 0.732754
vt 0.955491 0.960479
vt 0.929359 0.961109
vt 0.963654 0.622206
vt 1.205035 0.919179
vt 1.201826 0.992246
vt 1.366956 0.834907
vt 1.202102 0.851315
vt 1.202085 0.850927
vt 0.903663 0.656603
vt 0.904693 0.632823
vt 1.745052 0.779471
vt 1.743229 0.733674
vt 1.955263 0.960484
vt 0.911018 0.939913
vt 0.916716 0.958870
vt 1.337189 0.834965
vt 1.363713 0.834965
vt 0.747058 0.733443
vt 0.777203 0.733275
vt 0.773943 0.774409
vt 0.904217 0.958427
vt 0.910151 0.942274
vt 0.903867 0.959382
vt 0.777446 0.775032
vt 0.877171 0.630267
vt 0.874416 0.659318
vt 1.952507 0.931680
vt 1.958845 0.930967
vt 1.777535 0.781576
vt 1.234656 0.854465
vt 1.234693 0.855749
vt 1.229084 0.994469
vt 1.228840 0.995553
vt 1.230199 0.994300
vt 0.902533 0.655438
vt 0.898090 0.659041
vt 0.899182 0.657871
vt 1.202300 0.855827
vt 1.202245 0.854573
vt 0.904639 0.633713
vt 0.904801 0.630328
vt 1.959613 0.959751
vt 1.744880 0.775023
vt 1.206853 0.994300
vt 1.201933 0.989851
vt 1.204563 0.996286
vt 0.904217 0.958427
vt 0.773271 0.778363
vt 0.777432 0.774412
vt 0.872218 0.634013
vt 0.872330 0.630122
vt 0.871613 0.655031
vt 0.871644 0.653945
vt 1.772626 0.778559
vt 1.777571 0.782300
vt 1.234633 0.853693
vt 1.230113 0.996077
vt 1.233310 0.991302
vt 0.745142 0.782410
vt 0.749874 0.778558
vt 0.903484 0.660744
vt 0.903720 0.655291
vt 0.899942 0.630245
vt 1.749957 0.778363
vt 1.744851 0.774412
vt 1.201900 0.990600
vt 1.201602 0.997274
vt 1.201735 0.994300
vt 0.909800 0.943229
vt 0.872214 0.633567
vt 0.872330 0.630122
vt 0.874350 0.657854
vt 1.953392 0.931580
vt 1.777445 0.774986
vt 1.234656 0.854463
vt 1.234694 0.855769
vt 1.229902 0.994300
vt 1.234448 0.989950
vt 1.230131 0.996057
vt 0.744881 0.775060
vt 0.745127 0.781955
vt 0.902360 0.655554
vt 1.202245 0.854558
vt 1.202302 0.855849
vt 0.899923 0.630335
vt 1.959721 0.959733
vt 1.201933 0.989860
vt 1.206302 0.994300
vt 1.206248 0.995719
vt 1.204637 0.994300
vt 0.772626 0.778559
vt 0.777571 0.782287
vt 0.871448 0.660762
vt 0.871613 0.655013
vt 1.777432 0.774412
vt 1.772678 0.778363
vt 1.233146 0.991317
vt 1.228825 0.995568
vt 1.230117 0.994300
vt 0.749957 0.778363
vt 0.744851 0.774412
vt 0.903721 0.655267
vt 0.903516 0.660004
vt 1.204910 0.851315
vt 1.202215 0.853889
vt 0.904637 0.634107
vt 0.904801 0.630328
vt 1.955263 0.955486
vt 1.745142 0.782405
vt 1.749873 0.778558
vt 1.204495 0.996057
vt 0.777473 0.777405
vt 1.206713 0.851315
vt 1.959275 0.934682
vt 1.206713 0.851315
vt 0.010972 0.632442
vt 0.006743 0.632442
vt 0.006743 0.591091
vt 0.010972 0.591091
vt 0.015201 0.591091
vt 0.015201 0.632442
vt 0.019430 0.591091
vt 0.019430 0.632442
vt 0.023659 0.632442
vt 0.023659 0.591091
vt 0.027889 0.591091
vt 0.027889 0.632442
vt 0.032118 0.591091
vt 0.032118 0.632442
vt 0.018274 0.662348
vt 0.021597 0.660972
vt 0.022973 0.657649
vt 0.021597 0.654326
vt 0.018274 0.652950
vt 0.014951 0.654326
vt 0.013575 0.657649
vt 0.014951 0.660972
vt 1.010972 0.632442
vt 1.010972 0.591091
vt 1.006743 0.591091
vt 1.006743 0.632442
vt 1.015201 0.591091
vt 1.015201 0.632442
vt 1.019430 0.591091
vt 1.019430 0.632442
vt 1.023659 0.591091
vt 1.023659 0.632442
vt 1.027889 0.632442
vt 1.027889 0.591091
vt 1.032118 0.591091
vt 1.032118 0.632442
s 1
usemtl chest_frame_mat
f 15/4/2 52/5/2 16/6/2
f 36/7/3 38/8/4 37/9/5
f 41/10/6 40/11/6 42/12/6
f 25/13/7 15/4/7 16/6/7
f 22/14/8 52/15/8 73/16/9
f 25/17/10 101/18/10 65/19/10
f 78/20/11 48/21/12 34/22/13
f 43/23/14 69/24/14 84/25/14
f 99/26/15 43/23/15 84/25/15
f 43/23/16 40/11/16 39/27/16
f 61/28/17 62/29/18 63/30/19
f 45/31/7 66/32/7 119/33/7
f 119/33/20 67/34/21 45/31/21
f 54/35/6 59/36/6 53/37/6
f 15/38/7 25/39/7 66/40/7
f 73/41/9 52/42/8 51/43/9
f 132/44/22 66/45/22 64/46/22
f 74/47/23 67/48/23 138/49/24
f 57/50/25 47/51/26 50/52/27
f 49/53/28 48/54/12 78/55/11
f 77/56/29 48/57/29 47/58/29
f 80/59/30 48/57/30 77/56/30
f 77/60/31 53/61/31 68/62/31
f 77/60/31 54/63/31 53/61/31
f 58/64/32 84/65/32 69/66/32
f 60/67/33 84/65/33 58/64/33
f 58/64/16 68/68/16 53/37/16
f 36/69/3 100/29/34 38/70/4
f 19/71/35 26/72/35 86/31/35
f 94/35/6 42/36/6 93/37/6
f 124/73/7 133/40/7 102/40/7
f 110/47/36 26/74/36 20/75/37
f 97/76/38 88/77/39 90/78/40
f 113/79/41 89/80/41 88/81/41
f 113/82/42 36/83/43 80/84/44
f 113/85/45 94/63/46 93/61/46
f 98/64/47 84/65/47 104/66/47
f 99/67/48 84/65/48 98/64/48
f 98/64/49 103/68/49 93/37/49
f 124/73/50 92/86/50 123/87/50
f 61/28/17 63/30/19 131/88/51
f 126/35/6 125/37/6 59/36/6
f 101/46/52 133/45/52 132/44/52
f 122/89/53 140/90/53 115/91/53
f 130/64/54 104/66/54 84/65/54
f 60/67/55 130/64/55 84/65/55
f 130/64/49 125/37/49 134/68/49
f 154/99/58 160/100/58 156/101/58
f 153/102/59 159/103/59 157/104/59
f 165/105/60 163/106/60 162/107/60
f 167/108/61 161/109/62 164/110/61
f 19/344/620 13/345/620 21/346/620 27/347/620
f 48/21/12 33/349/621 35/350/622 34/22/13
f 14/351/623 24/352/623 35/350/623 31/353/623
f 21/354/624 13/355/624 16/6/624 52/5/624
f 40/11/625 43/23/625 99/26/625 42/12/625
f 69/24/626 43/23/626 39/27/626 70/356/626
f 27/347/35 26/357/35 19/344/35
f 31/358/627 23/359/627 37/9/627 38/8/627
f 13/355/7 19/360/7 25/13/7 16/6/7
f 14/361/628 28/362/628 27/347/628 21/346/628
f 14/351/629 21/354/629 52/5/629 24/352/629
f 22/363/630 17/364/630 24/365/630 52/366/630
f 80/367/631 23/368/632 33/369/633
f 28/370/634 18/371/634 20/372/634 27/373/634
f 26/374/36 27/375/37 20/376/37
f 32/377/635 18/371/635 28/370/635 38/378/635
f 33/349/636 23/379/637 31/353/637 35/350/638
f 37/380/639 23/381/639 80/382/639
f 14/361/640 31/358/640 38/8/640 28/362/640
f 24/365/641 17/364/641 30/383/641 35/384/641
f 169/111/642 29/111/642 81/111/643 170/111/643
f 80/367/631 33/369/633 48/385/644
f 30/386/645 29/387/645 34/388/645 35/389/645
f 46/390/646 44/391/646 45/31/646 67/34/646
f 80/382/44 36/392/43 37/380/647
f 80/393/31 70/394/31 39/395/31
f 39/395/31 40/396/31 80/393/31
f 80/393/31 40/396/31 41/397/31
f 41/397/648 42/398/648 80/393/648
f 50/52/649 47/51/650 48/54/12 49/53/28
f 50/52/651 55/399/651 56/400/651 57/50/651
f 51/401/2 52/402/2 15/38/2
f 46/403/652 51/401/652 15/38/652 44/404/652
f 60/67/653 58/64/653 53/37/653 59/36/653
f 69/66/654 70/408/654 68/68/654 58/64/654
f 57/409/655 62/29/655 61/28/655 47/410/655
f 66/40/7 45/411/7 44/404/7 15/38/7
f 56/412/656 46/390/656 67/34/656 71/413/656
f 51/401/657 46/403/657 56/400/657 55/399/657
f 55/414/658 72/415/658 73/416/658 51/417/658
f 66/45/659 25/418/659 65/419/659 64/46/659
f 71/420/660 67/421/660 74/422/660 75/423/660
f 71/420/661 75/423/661 76/424/661 62/425/661
f 62/29/662 57/409/662 56/412/662 71/413/662
f 77/426/663 47/427/663 61/428/663
f 55/414/664 50/429/664 79/430/664 72/415/664
f 173/431/665 174/432/665 82/432/665 49/431/665
f 49/431/666 82/432/666 79/433/666 50/434/666
f 63/435/667 62/436/667 76/437/667 83/438/667
f 114/439/668 77/426/669 61/428/670
f 68/62/31 70/440/31 80/441/31 77/60/31
f 54/63/671 77/60/671 114/442/671 59/443/671
f 87/390/672 85/391/672 86/31/672 26/72/672
f 90/444/673 88/445/674 89/446/675 122/447/676
f 90/52/677 95/399/677 96/400/677 97/50/677
f 91/401/50 92/86/50 124/73/50
f 87/403/678 91/401/678 124/73/678 85/404/678
f 99/67/679 98/64/679 93/37/679 42/36/679
f 102/32/7 25/448/7 19/71/7 86/31/7
f 104/66/680 105/408/680 103/68/680 98/64/680
f 97/409/681 100/29/681 36/69/681 88/410/681
f 102/40/7 86/411/7 85/404/7 124/73/7
f 96/412/682 87/390/682 26/72/682 106/413/682
f 91/401/683 87/403/683 96/400/683 95/399/683
f 95/414/684 107/415/684 108/416/684 91/417/684
f 92/449/685 91/43/685 108/450/685 109/451/685
f 106/420/686 26/421/686 110/422/686 111/423/686
f 101/46/52 102/45/52 133/45/52
f 101/46/10 25/452/10 102/45/10
f 106/420/687 111/423/687 112/424/687 100/425/687
f 100/29/688 97/409/688 96/412/688 106/413/688
f 113/82/689 88/427/689 36/83/689
f 95/414/690 90/429/690 115/430/690 107/415/690
f 38/453/691 100/436/691 112/437/691 32/454/691
f 113/79/692 114/455/692 89/80/692
f 115/456/693 90/457/693 122/458/693
f 103/62/45 105/440/45 114/442/45 113/85/45
f 42/443/648 94/63/648 113/85/648 80/459/648
f 113/85/45 93/61/46 103/62/45
f 119/33/694 116/391/694 117/390/694 118/460/694
f 89/461/675 120/462/695 121/463/696 122/464/676
f 129/400/697 127/399/697 121/52/697 128/50/697
f 117/403/698 116/404/698 123/87/698 92/86/698
f 125/37/699 130/64/699 60/67/699 59/36/699
f 104/66/700 130/64/700 134/68/700 105/408/700
f 119/33/7 66/32/7 133/32/7
f 118/460/20 67/34/21 119/33/20
f 128/409/701 135/410/701 131/88/701 63/30/701
f 116/404/7 119/411/7 133/40/7 123/87/7
f 133/40/7 124/73/7 123/87/7
f 129/412/702 136/413/702 118/460/702 117/390/702
f 129/400/703 117/403/703 92/86/703 127/399/703
f 109/416/704 137/415/704 127/414/704 92/417/704
f 114/455/705 135/465/706 120/466/707
f 136/420/708 139/423/708 138/422/708 118/421/708
f 133/45/22 66/45/22 132/44/22
f 67/48/23 118/467/24 138/49/24
f 83/424/709 139/423/709 136/420/709 63/425/709
f 120/468/710 135/469/711 128/470/711 121/471/712
f 131/472/713 135/427/713 114/439/713
f 129/412/714 128/409/714 63/30/714 136/413/714
f 127/414/715 137/415/715 140/430/715 121/429/715
f 114/455/705 120/466/707 89/80/717
f 122/89/718 121/475/718 140/90/718
f 114/439/668 61/428/670 131/472/719
f 114/442/45 105/440/45 134/62/45
f 134/62/45 125/61/45 114/442/45
f 114/442/45 125/61/45 126/63/45
f 114/442/671 126/63/671 59/443/671
f 154/476/720 156/477/720 155/478/720 153/479/720
f 159/103/722 155/483/722 156/101/722 160/100/722
f 154/99/58 158/484/58 160/100/58
f 153/102/59 155/483/59 159/103/59
f 163/485/720 164/486/720 161/487/720 162/488/720
f 162/107/723 161/109/723 168/489/723 165/105/723
f 165/105/60 166/490/60 163/106/60
f 167/108/61 168/489/62 161/109/62
f 171/388/724 169/387/724 170/491/724 172/492/724
f 173/431/725 172/493/725 170/494/725 174/432/725
f 171/22/726 172/20/726 78/20/726 34/22/726
f 173/53/727 49/53/727 78/55/727 172/55/727
f 174/111/728 170/111/643 81/111/643 82/111/728
f 171/388/729 34/388/729 29/387/729 169/387/729
f 592/774/1081 591/775/1081 583/776/1081 584/777/1081
f 592/774/1082 584/777/1082 585/778/1082 593/779/1082
f 593/779/1083 585/778/1083 586/780/1083 594/781/1083
f 595/782/1084 594/781/1084 586/780/1084 587/783/1084
f 595/782/1085 587/783/1085 588/784/1085 596/785/1085
f 596/785/1086 588/784/1086 589/786/1086 597/787/1086
f 582/788/10 589/789/10 588/790/10 587/791/10 586/792/10 585/793/10 584/794/10 583/795/10
f 597/789/22 590/788/22 591/795/22 592/794/22 593/793/22 594/792/22 595/791/22 596/790/22
f 600/796/1081 601/797/1081 598/798/1081 599/799/1081
f 603/800/1082 601/797/1082 600/796/1082 602/801/1082
f 605/802/1083 603/800/1083 602/801/1083 604/803/1083
f 607/804/1084 605/802/1084 604/803/1084 606/805/1084
f 608/806/1085 609/807/1085 607/804/1085 606/805/1085
f 611/808/1086 609/807/1086 608/806/1086 610/809/1086
f 605/792/22 607/791/22 609/790/22 611/789/22 612/788/22 598/795/22 601/794/22 603/793/22
f 599/795/10 613/788/10 610/789/10 608/790/10 606/791/10 604/792/10 602/793/10 600/794/10
usemtl chest_locker_and_belt_lock_mat
f 213/111/63 185/111/63 210/111/63
f 223/111/64 190/111/64 224/111/64
f 220/111/65 192/111/65 219/111/65
f 225/111/66 194/111/66 228/111/66
f 217/111/67 188/111/67 214/111/67
f 216/111/68 215/111/68 227/111/68
f 220/111/10 188/111/10 189/111/10
f 224/111/22 186/111/22 213/111/22
f 210/111/69 193/111/69 225/111/69
f 219/111/70 191/111/70 223/111/70
f 184/111/68 208/111/68 222/111/68
f 228/111/71 187/111/71 217/111/71
f 197/111/72 195/111/73 196/111/74
f 196/111/75 199/111/75 200/111/75
f 202/111/76 199/111/77 201/111/78
f 204/111/79 201/111/80 203/111/81
f 205/111/82 198/111/83 197/111/84
f 207/111/85 206/111/85 205/111/85
f 209/111/86 208/111/86 207/111/86
f 209/111/87 203/111/87 183/111/87
f 227/111/68 195/111/68 226/111/68
f 211/111/88 213/111/89 210/111/90
f 216/111/91 214/111/92 215/111/93
f 221/111/94 214/111/95 220/111/96
f 184/111/97 213/111/98 212/111/99
f 222/111/100 224/111/101 184/111/102
f 218/111/103 223/111/103 222/111/103
f 218/111/104 220/111/105 219/111/106
f 225/111/107 211/111/107 210/111/107
f 216/111/108 228/111/108 217/111/108
f 226/111/109 228/111/109 227/111/109
f 723/111/235 634/111/236 720/111/237
f 784/111/238 774/111/238 780/111/238
f 722/111/239 732/111/239 729/111/239
f 728/111/240 726/111/240 725/111/240
f 867/111/241 868/111/241 892/111/241
f 757/111/242 759/111/242 629/111/242
f 627/111/243 724/111/243 631/111/243
f 875/111/244 877/111/244 871/111/244
f 795/111/245 775/111/246 793/111/247
f 855/111/248 853/111/248 847/111/248
f 724/111/249 727/111/250 731/111/251
f 634/111/252 636/111/252 734/111/252
f 637/111/253 736/111/253 635/111/253
f 729/111/254 732/111/254 635/111/254
f 740/111/255 739/111/255 741/111/255
f 736/111/256 746/111/256 744/111/256
f 737/111/257 738/111/258 624/111/259
f 745/111/260 621/111/261 734/111/260
f 625/111/262 793/111/262 622/111/262
f 777/111/263 772/111/263 618/111/263
f 775/111/264 778/111/264 616/111/264
f 615/111/265 758/111/266 628/111/267
f 750/111/268 759/111/268 757/111/268
f 753/111/269 752/111/269 754/111/269
f 751/111/270 631/111/270 618/111/270
f 632/111/271 722/111/271 629/111/271
f 731/111/272 727/111/272 737/111/272
f 628/111/273 723/111/273 720/111/273
f 761/111/274 762/111/274 797/111/274
f 793/111/275 766/111/275 795/111/275
f 771/111/276 767/111/276 765/111/276
f 744/111/277 746/111/277 622/111/277
f 619/111/278 750/111/278 616/111/278
f 782/111/279 772/111/280 777/111/279
f 813/111/281 783/111/281 806/111/281
f 794/111/282 788/111/282 786/111/282
f 644/111/283 648/111/283 643/111/283
f 799/111/284 647/111/284 797/111/284
f 639/111/285 645/111/286 796/111/287
f 642/111/288 646/111/289 800/111/290
f 641/111/291 639/111/291 643/111/291
f 656/111/283 660/111/283 655/111/283
f 808/111/292 807/111/293 658/111/294
f 652/111/295 805/111/296 651/111/297
f 809/111/298 653/111/298 806/111/298
f 653/111/299 651/111/299 655/111/299
f 770/111/300 615/111/300 785/111/300
f 662/111/301 839/111/301 668/111/301
f 845/111/302 842/111/302 682/111/302
f 679/111/303 814/111/303 677/111/303
f 820/111/304 688/111/304 818/111/304
f 817/111/305 684/111/305 814/111/305
f 819/111/306 685/111/307 690/111/308
f 827/111/309 670/111/309 825/111/309
f 821/111/310 689/111/311 822/111/312
f 686/111/313 689/111/313 826/111/313
f 830/111/314 673/111/314 828/111/314
f 829/111/315 831/111/315 675/111/315
f 835/111/316 837/111/316 841/111/316
f 833/111/317 672/111/318 826/111/319
f 863/111/320 859/111/320 668/111/320
f 838/111/321 840/111/321 680/111/321
f 842/111/322 845/111/323 839/111/324
f 844/111/325 678/111/325 836/111/325
f 841/111/326 843/111/326 677/111/326
f 856/111/327 851/111/328 848/111/328
f 880/111/329 847/111/329 849/111/329
f 852/111/330 850/111/330 858/111/330
f 865/111/331 861/111/331 663/111/331
f 842/111/332 819/111/332 682/111/332
f 664/111/333 667/111/333 836/111/333
f 864/111/334 666/111/334 870/111/334
f 869/111/335 860/111/336 868/111/335
f 890/111/337 879/111/337 882/111/337
f 700/111/338 704/111/339 698/111/340
f 694/111/341 699/111/342 693/111/343
f 885/111/290 883/111/344 702/111/345
f 884/111/346 703/111/347 882/111/348
f 696/111/349 693/111/349 698/111/349
f 894/111/350 714/111/351 891/111/352
f 706/111/353 717/111/354 712/111/355
f 710/111/356 711/111/356 715/111/356
f 708/111/357 716/111/357 892/111/357
f 710/111/358 706/111/358 712/111/358
f 873/111/359 864/111/359 870/111/359
f 772/111/360 747/111/360 748/111/360
f 615/111/361 749/111/361 774/111/361
f 776/111/362 616/111/362 617/111/362
f 618/111/363 619/111/363 778/111/363
f 620/111/364 767/111/364 742/111/364
f 763/111/365 743/111/365 621/111/365
f 771/111/366 746/111/366 624/111/366
f 759/111/367 631/111/367 632/111/367
f 633/111/368 733/111/368 727/111/368
f 634/111/369 735/111/369 728/111/369
f 737/111/370 637/111/370 732/111/370
f 859/111/371 835/111/371 662/111/371
f 860/111/372 665/111/373 861/111/374
f 862/111/375 838/111/376 667/111/377
f 670/111/378 671/111/378 831/111/378
f 856/111/379 832/111/379 672/111/379
f 673/111/380 674/111/380 833/111/380
f 854/111/381 676/111/381 675/111/381
f 678/111/382 679/111/382 843/111/382
f 680/111/383 681/111/383 844/111/383
f 846/111/384 682/111/384 683/111/384
f 686/111/385 823/111/385 822/111/385
f 828/111/386 689/111/386 688/111/386
f 690/111/387 691/111/387 824/111/387
f 695/111/388 696/111/388 885/111/388
f 626/111/389 719/111/389 627/111/389
f 738/111/390 620/111/391 742/111/392
f 621/111/393 743/111/393 739/111/393
f 751/111/394 626/111/394 755/111/394
f 628/111/395 756/111/395 752/111/395
f 766/111/396 765/111/396 801/111/396
f 769/111/397 763/111/397 764/111/397
f 781/111/398 810/111/398 782/111/398
f 786/111/399 787/111/399 795/111/399
f 794/111/400 795/111/400 803/111/400
f 797/111/401 760/111/401 645/111/401
f 649/111/402 802/111/402 803/111/402
f 806/111/403 784/111/403 657/111/403
f 661/111/404 810/111/404 811/111/404
f 821/111/405 679/111/405 816/111/405
f 888/111/406 887/111/406 851/111/406
f 870/111/407 869/111/407 895/111/407
f 877/111/408 873/111/408 897/111/408
f 881/111/409 886/111/409 873/111/409
f 882/111/410 880/111/410 701/111/410
f 705/111/411 887/111/411 888/111/411
f 892/111/412 866/111/412 714/111/412
f 718/111/413 896/111/413 897/111/413
f 774/111/414 773/111/414 780/111/414
f 894/111/415 708/111/415 707/111/415
f 789/111/416 790/111/416 784/111/416
f 615/111/417 790/111/418 785/111/419
f 709/111/420 708/111/420 710/111/420
f 775/111/421 770/111/421 793/111/421
f 711/111/422 710/111/422 712/111/422
f 787/111/423 781/111/423 795/111/423
f 761/111/424 765/111/424 762/111/424
f 764/111/425 763/111/426 785/111/427
f 789/111/428 764/111/428 790/111/428
f 884/111/429 696/111/429 695/111/429
f 697/111/430 696/111/430 698/111/430
f 766/111/431 803/111/431 795/111/431
f 692/111/432 698/111/432 693/111/432
f 867/111/433 869/111/433 868/111/433
f 865/111/434 859/111/435 878/111/436
f 876/111/437 865/111/437 874/111/437
f 720/111/438 721/111/438 628/111/438
f 808/111/439 655/111/439 654/111/439
f 870/111/440 897/111/440 873/111/440
f 650/111/441 655/111/441 651/111/441
f 847/111/442 853/111/442 849/111/442
f 876/111/443 874/111/443 880/111/443
f 852/111/444 854/111/444 863/111/444
f 800/111/445 643/111/445 642/111/445
f 886/111/446 850/111/446 873/111/446
f 638/111/447 643/111/447 639/111/447
f 722/111/448 630/111/448 629/111/448
f 724/111/449 627/111/449 719/111/449
f 729/111/450 723/111/450 722/111/450
f 634/111/451 728/111/451 720/111/451
f 729/111/452 730/111/452 723/111/452
f 731/111/453 732/111/453 724/111/453
f 735/111/454 633/111/454 728/111/454
f 636/111/455 634/111/455 730/111/455
f 737/111/456 732/111/456 731/111/456
f 635/111/457 732/111/457 637/111/457
f 737/111/458 727/111/458 733/111/458
f 734/111/459 735/111/459 634/111/459
f 736/111/460 636/111/460 635/111/460
f 733/111/461 740/111/461 738/111/461
f 737/111/462 746/111/462 637/111/462
f 738/111/463 740/111/463 741/111/463
f 621/111/464 739/111/464 734/111/464
f 620/111/465 739/111/465 743/111/465
f 624/111/466 746/111/466 737/111/466
f 742/111/467 624/111/259 738/111/258
f 768/111/468 743/111/468 769/111/468
f 744/111/469 623/111/469 745/111/469
f 625/111/470 622/111/470 746/111/470
f 771/111/471 742/111/471 767/111/471
f 614/111/472 749/111/472 747/111/472
f 750/111/473 617/111/473 616/111/473
f 748/111/474 753/111/474 751/111/474
f 628/111/475 749/111/475 615/111/475
f 618/111/476 759/111/476 619/111/476
f 757/111/477 758/111/477 750/111/477
f 751/111/478 753/111/478 754/111/478
f 626/111/479 752/111/479 756/111/479
f 631/111/480 759/111/480 618/111/480
f 755/111/481 631/111/481 751/111/481
f 757/111/482 630/111/482 758/111/482
f 771/111/483 766/111/483 625/111/483
f 793/111/484 623/111/484 622/111/484
f 774/111/485 614/111/485 773/111/485
f 618/111/486 778/111/486 777/111/486
f 777/111/487 778/111/487 781/111/487
f 779/111/488 773/111/488 772/111/488
f 777/111/489 781/111/489 782/111/489
f 791/111/490 789/111/490 788/111/490
f 786/111/491 795/111/491 794/111/491
f 804/111/492 798/111/493 649/111/494
f 648/111/495 642/111/495 643/111/495
f 646/111/496 647/111/497 641/111/498
f 644/111/499 639/111/500 796/111/501
f 644/111/502 792/111/502 791/111/502
f 796/111/503 760/111/504 792/111/505
f 649/111/506 801/111/506 804/111/506
f 648/111/507 644/111/507 802/111/507
f 812/111/508 807/111/509 661/111/494
f 806/111/510 657/111/511 652/111/512
f 808/111/513 659/111/514 653/111/515
f 660/111/495 654/111/495 655/111/495
f 656/111/499 651/111/516 805/111/517
f 806/111/510 652/111/512 809/111/518
f 656/111/519 780/111/519 779/111/519
f 805/111/520 784/111/521 780/111/522
f 661/111/523 787/111/523 812/111/523
f 660/111/524 656/111/524 810/111/524
f 815/111/525 677/111/525 814/111/525
f 814/111/526 679/111/526 817/111/526
f 844/111/527 816/111/527 678/111/527
f 846/111/528 818/111/528 680/111/528
f 682/111/529 820/111/529 683/111/529
f 688/111/530 681/111/530 818/111/530
f 685/111/531 814/111/531 684/111/531
f 822/111/532 817/111/533 821/111/534
f 690/111/535 820/111/535 819/111/535
f 825/111/536 823/111/536 687/111/536
f 691/111/537 688/111/537 824/111/537
f 826/111/538 687/111/539 686/111/540
f 825/111/541 687/111/541 827/111/541
f 829/111/542 830/111/542 691/111/542
f 831/111/543 825/111/543 670/111/543
f 828/111/544 833/111/544 689/111/544
f 826/111/545 832/111/545 827/111/545
f 675/111/546 834/111/546 830/111/546
f 857/111/547 670/111/547 832/111/547
f 674/111/548 672/111/549 833/111/550
f 671/111/551 675/111/552 831/111/553
f 861/111/554 835/111/554 663/111/554
f 836/111/555 665/111/556 664/111/557
f 835/111/558 665/111/558 837/111/558
f 862/111/559 664/111/559 860/111/559
f 666/111/560 669/111/560 838/111/560
f 668/111/561 840/111/561 669/111/561
f 842/111/562 835/111/563 841/111/564
f 680/111/565 667/111/565 838/111/565
f 845/111/566 840/111/566 839/111/566
f 836/111/567 843/111/567 837/111/567
f 682/111/568 846/111/568 845/111/568
f 848/111/569 853/111/569 856/111/569
f 856/111/570 853/111/570 857/111/570
f 850/111/571 674/111/571 858/111/571
f 854/111/572 852/111/572 676/111/572
f 668/111/573 864/111/573 863/111/573
f 859/111/574 865/111/574 663/111/574
f 666/111/575 862/111/575 870/111/575
f 870/111/576 862/111/576 869/111/576
f 871/111/577 876/111/577 875/111/577
f 873/111/578 877/111/578 881/111/578
f 889/111/579 883/111/580 705/111/581
f 704/111/582 883/111/582 698/111/582
f 700/111/583 693/111/584 699/111/585
f 882/111/586 694/111/587 884/111/588
f 885/111/589 703/111/590 695/111/591
f 700/111/592 849/111/592 848/111/592
f 701/111/593 849/111/594 699/111/595
f 705/111/596 886/111/597 889/111/598
f 704/111/599 700/111/599 887/111/599
f 718/111/600 715/111/601 893/111/602
f 706/111/603 891/111/604 713/111/605
f 717/111/606 711/111/606 712/111/606
f 892/111/607 714/111/608 707/111/609
f 892/111/607 707/111/609 708/111/610
f 710/111/611 716/111/611 709/111/611
f 713/111/612 872/111/612 871/111/612
f 714/111/613 872/111/614 891/111/615
f 718/111/616 895/111/616 898/111/616
f 717/111/617 713/111/617 896/111/617
f 213/111/63 186/111/63 185/111/63
f 175/111/730 176/111/730 180/111/730 179/111/730 181/111/730 182/111/730 177/111/730 178/111/730
f 203/111/68 201/111/68 215/111/68 183/111/68
f 197/111/731 196/111/731 178/111/731 177/111/731
f 201/111/68 199/111/68 227/111/68 215/111/68
f 184/111/68 206/111/68 208/111/68
f 200/111/732 175/111/732 178/111/732 196/111/732
f 206/111/68 184/111/68 212/111/68 198/111/68
f 202/111/733 176/111/733 175/111/733 200/111/733
f 202/111/22 204/111/22 180/111/22 176/111/22
f 197/111/10 177/111/10 182/111/10 205/111/10
f 207/111/734 205/111/734 182/111/734 181/111/734
f 207/111/735 181/111/735 179/111/735 209/111/735
f 209/111/736 179/111/736 180/111/736 204/111/736
f 223/111/64 191/111/64 190/111/64
f 220/111/65 189/111/65 192/111/65
f 225/111/66 193/111/66 194/111/66
f 217/111/67 187/111/67 188/111/67
f 220/111/10 214/111/10 188/111/10
f 224/111/22 190/111/22 186/111/22
f 210/111/69 185/111/69 193/111/69
f 193/111/68 185/111/68 187/111/68 194/111/68
f 191/111/68 192/111/68 189/111/68 188/111/68 187/111/68 185/111/68 186/111/68 190/111/68
f 183/111/68 218/111/68 222/111/68 208/111/68
f 221/111/737 218/111/68 183/111/68
f 219/111/70 192/111/70 191/111/70
f 215/111/68 221/111/737 183/111/68
f 198/111/68 212/111/68 226/111/68 195/111/68
f 228/111/71 194/111/71 187/111/71
f 197/111/72 198/111/738 195/111/73
f 196/111/75 195/111/75 199/111/75
f 202/111/76 200/111/739 199/111/77
f 204/111/79 202/111/740 201/111/80
f 205/111/82 206/111/741 198/111/83
f 207/111/742 208/111/742 206/111/742
f 209/111/86 183/111/86 208/111/86
f 209/111/743 204/111/743 203/111/743
f 227/111/68 199/111/68 195/111/68
f 211/111/88 212/111/744 213/111/89
f 216/111/91 217/111/745 214/111/92
f 221/111/94 215/111/746 214/111/95
f 184/111/97 224/111/747 213/111/98
f 222/111/100 223/111/748 224/111/101
f 218/111/103 219/111/103 223/111/103
f 218/111/104 221/111/749 220/111/105
f 225/111/107 226/111/107 211/111/107
f 216/111/108 227/111/108 228/111/108
f 226/111/109 225/111/109 228/111/109
f 211/111/68 226/111/68 212/111/68
f 784/111/1087 790/111/1087 774/111/1087
f 632/111/1088 732/111/1088 722/111/1088
f 758/111/1089 630/111/1089 628/111/1089
f 887/111/1090 700/111/1090 848/111/1090
f 795/111/245 781/111/1091 775/111/246
f 811/111/1092 781/111/1092 787/111/1092
f 863/111/1093 878/111/1093 859/111/1093
f 810/111/1094 656/111/1094 779/111/1094
f 863/111/1095 854/111/1095 878/111/1095
f 767/111/1096 762/111/1097 765/111/1097
f 855/111/1098 857/111/1098 853/111/1098
f 724/111/249 719/111/1099 727/111/250
f 740/111/1100 735/111/1100 739/111/1100
f 634/111/236 723/111/235 730/111/1101
f 733/111/1102 738/111/258 737/111/257
f 637/111/1103 746/111/1103 736/111/1103
f 734/111/1104 636/111/1105 745/111/1106
f 749/111/1107 752/111/1107 753/111/1107
f 763/111/1108 623/111/1108 770/111/1108
f 748/111/1109 751/111/1109 618/111/1109
f 619/111/1110 759/111/1110 750/111/1110
f 615/111/265 617/111/1111 758/111/266
f 628/111/1112 630/111/1112 723/111/1112
f 770/111/1113 785/111/1113 763/111/1113
f 793/111/1114 625/111/1114 766/111/1114
f 745/111/1115 623/111/1115 621/111/1115
f 781/111/1116 778/111/1116 775/111/1116
f 782/111/1117 779/111/1117 772/111/1118
f 794/111/1119 791/111/1119 788/111/1119
f 802/111/1120 644/111/1120 791/111/1120
f 797/111/1121 647/111/1122 761/111/1123
f 646/111/289 642/111/288 798/111/1124
f 639/111/285 640/111/1125 645/111/286
f 641/111/1126 647/111/1126 799/111/1126
f 638/111/1127 644/111/1127 643/111/1127
f 641/111/1128 640/111/1128 639/111/1128
f 792/111/1129 760/111/1129 764/111/1129
f 806/111/1130 659/111/1131 813/111/1132
f 652/111/295 657/111/1133 805/111/296
f 808/111/292 654/111/292 807/111/293
f 806/111/1134 653/111/1134 659/111/1134
f 650/111/1127 656/111/1127 655/111/1127
f 653/111/1135 652/111/1135 651/111/1135
f 770/111/1136 776/111/1136 615/111/1136
f 817/111/1137 823/111/1137 684/111/1137
f 819/111/306 815/111/1138 685/111/307
f 820/111/1139 824/111/1139 688/111/1139
f 821/111/310 681/111/1140 689/111/311
f 828/111/1141 691/111/1141 830/111/1141
f 685/111/1142 831/111/1143 829/111/1143
f 689/111/1144 833/111/317 826/111/319
f 827/111/1145 832/111/1145 670/111/1145
f 673/111/1146 830/111/1146 834/111/1146
f 858/111/1147 676/111/1147 852/111/1147
f 864/111/1148 669/111/1148 666/111/1148
f 662/111/1149 842/111/322 839/111/324
f 836/111/1150 667/111/1150 844/111/1150
f 841/111/1151 837/111/1151 843/111/1151
f 840/111/1152 846/111/1152 680/111/1152
f 854/111/1153 671/111/1153 878/111/1153
f 818/111/1154 683/111/1154 820/111/1154
f 856/111/1155 674/111/1156 851/111/1156
f 852/111/1157 873/111/1157 850/111/1157
f 880/111/1158 874/111/1158 847/111/1158
f 834/111/1159 676/111/1159 673/111/1159
f 842/111/1160 815/111/1160 819/111/1160
f 838/111/1161 669/111/1161 840/111/1161
f 872/111/1162 866/111/1162 865/111/1162
f 869/111/1163 862/111/1163 860/111/1164
f 896/111/1165 713/111/1165 871/111/1165
f 881/111/1166 877/111/1166 875/111/1166
f 882/111/1167 703/111/1168 890/111/1169
f 694/111/341 701/111/1170 699/111/342
f 692/111/1171 700/111/338 698/111/340
f 885/111/290 697/111/290 883/111/344
f 884/111/346 695/111/136 703/111/347
f 696/111/1172 694/111/1172 693/111/1172
f 892/111/1173 716/111/1174 867/111/1175
f 706/111/353 713/111/1176 717/111/354
f 711/111/1177 893/111/1177 715/111/1177
f 707/111/1178 714/111/351 894/111/350
f 708/111/1179 709/111/1179 716/111/1179
f 710/111/1180 708/111/1180 706/111/1180
f 873/111/1181 852/111/1181 864/111/1181
f 721/111/1182 728/111/1182 725/111/1182
f 772/111/1183 614/111/1183 747/111/1183
f 620/111/1184 768/111/1184 767/111/1184
f 763/111/1185 769/111/1185 743/111/1185
f 771/111/1186 625/111/1186 746/111/1186
f 626/111/1187 627/111/1187 755/111/1187
f 628/111/1188 721/111/1188 756/111/1188
f 635/111/1189 636/111/1189 730/111/1189
f 646/111/1190 804/111/1190 647/111/1190
f 648/111/1191 649/111/1191 798/111/1191
f 658/111/1192 812/111/1192 659/111/1192
f 660/111/1193 661/111/1193 807/111/1193
f 859/111/1194 663/111/1194 835/111/1194
f 860/111/372 664/111/1195 665/111/373
f 862/111/375 666/111/1196 838/111/376
f 670/111/1197 855/111/1197 671/111/1197
f 856/111/1198 857/111/1198 832/111/1198
f 673/111/1199 858/111/1199 674/111/1199
f 678/111/1200 816/111/1200 679/111/1200
f 680/111/1201 818/111/1201 681/111/1201
f 685/111/1202 684/111/1202 825/111/1202
f 686/111/1203 687/111/1203 823/111/1203
f 690/111/1204 829/111/1204 691/111/1204
f 702/111/1205 889/111/1205 703/111/1205
f 704/111/1206 705/111/1206 883/111/1206
f 715/111/1207 898/111/1207 716/111/1207
f 717/111/1208 718/111/1208 893/111/1208
f 626/111/1209 725/111/1209 719/111/1209
f 727/111/1210 726/111/1210 633/111/1210
f 633/111/1211 740/111/1211 733/111/1211
f 738/111/390 741/111/1212 620/111/391
f 747/111/1213 753/111/1213 748/111/1213
f 751/111/1214 754/111/1214 626/111/1214
f 762/111/1215 768/111/1215 760/111/1215
f 765/111/1216 761/111/1216 801/111/1216
f 772/111/1217 773/111/1217 614/111/1217
f 773/111/1218 779/111/1218 780/111/1218
f 784/111/1219 783/111/1219 813/111/1219 788/111/1219 789/111/1219
f 786/111/1220 813/111/1220 787/111/1220
f 792/111/1221 789/111/1221 791/111/1221
f 790/111/1222 764/111/1223 785/111/1224
f 803/111/1225 802/111/1225 794/111/1225
f 644/111/1226 796/111/1226 792/111/1226
f 804/111/1227 801/111/1227 761/111/1227
f 649/111/1228 648/111/1228 802/111/1228
f 656/111/1229 805/111/1229 780/111/1229
f 812/111/1230 787/111/1230 813/111/1230
f 661/111/1231 660/111/1231 810/111/1231
f 821/111/1232 817/111/1232 679/111/1232
f 826/111/538 827/111/1233 687/111/539
f 836/111/555 837/111/1234 665/111/556
f 853/111/1235 848/111/1235 849/111/1235
f 850/111/1236 888/111/1236 851/111/1236
f 868/111/1237 861/111/1237 866/111/1237
f 869/111/1238 867/111/1238 895/111/1238
f 874/111/1239 865/111/1240 878/111/1241
f 872/111/1242 876/111/1242 871/111/1242
f 897/111/1243 896/111/1243 877/111/1243
f 880/111/1244 879/111/1244 890/111/1244 875/111/1244 876/111/1244
f 881/111/1245 890/111/1245 886/111/1245
f 700/111/1246 699/111/1246 849/111/1246
f 889/111/1247 886/111/1247 890/111/1247
f 705/111/1248 704/111/1248 887/111/1248
f 713/111/1249 891/111/1249 872/111/1249
f 898/111/1250 895/111/1250 867/111/1250
f 718/111/1251 717/111/1251 896/111/1251
f 764/111/1252 760/111/1252 768/111/1252
f 810/111/1253 779/111/1253 782/111/1253
f 894/111/1254 706/111/1254 708/111/1254
f 615/111/417 774/111/1255 790/111/418
f 775/111/1256 776/111/1256 770/111/1256
f 810/111/1257 781/111/1257 811/111/1257
f 865/111/1258 866/111/1258 861/111/1258
f 786/111/1259 788/111/1259 813/111/1259
f 789/111/1260 792/111/1260 764/111/1260
f 884/111/1261 694/111/1261 696/111/1261
f 697/111/1262 885/111/1262 696/111/1262
f 766/111/1263 801/111/1263 803/111/1263
f 802/111/1264 791/111/1264 794/111/1264
f 864/111/1265 852/111/1265 863/111/1265
f 876/111/1266 872/111/1266 865/111/1266
f 809/111/1267 652/111/1267 653/111/1267
f 808/111/1268 653/111/1268 655/111/1268
f 870/111/1269 895/111/1269 897/111/1269
f 896/111/1270 871/111/1270 877/111/1270
f 887/111/1271 848/111/1271 851/111/1271
f 878/111/1272 847/111/1273 874/111/1274
f 799/111/1275 640/111/1275 641/111/1275
f 800/111/1276 641/111/1276 643/111/1276
f 886/111/597 888/111/1277 850/111/1278
f 756/111/1279 721/111/1279 626/111/1279
f 881/111/1280 875/111/1280 890/111/1280
f 721/111/1281 725/111/1281 626/111/1281
f 722/111/1282 723/111/1282 630/111/1282
f 629/111/1283 759/111/1283 632/111/1283
f 631/111/1284 724/111/1284 632/111/1284
f 631/111/1285 755/111/1285 627/111/1285
f 720/111/1286 728/111/1286 721/111/1286
f 724/111/1287 732/111/1287 632/111/1287
f 719/111/1288 725/111/1288 726/111/1288
f 727/111/1289 719/111/1289 726/111/1289
f 633/111/1290 726/111/1290 728/111/1290
f 729/111/1291 635/111/1291 730/111/1291
f 735/111/1292 740/111/1292 633/111/1292
f 734/111/1293 739/111/1293 735/111/1293
f 736/111/1294 745/111/1294 636/111/1294
f 736/111/1295 744/111/1295 745/111/1295
f 620/111/1296 741/111/1296 739/111/1296
f 768/111/1297 620/111/1297 743/111/1297
f 744/111/1298 622/111/1298 623/111/1298
f 763/111/1299 621/111/1299 623/111/1299
f 771/111/1300 624/111/1300 742/111/1300
f 614/111/1301 774/111/1301 749/111/1301
f 749/111/1302 753/111/1302 747/111/1302
f 615/111/1303 776/111/1303 617/111/1303
f 778/111/1304 619/111/1304 616/111/1304
f 618/111/1305 772/111/1305 748/111/1305
f 628/111/1306 752/111/1306 749/111/1306
f 750/111/1307 758/111/1307 617/111/1307
f 626/111/1308 754/111/1308 752/111/1308
f 757/111/1309 629/111/1309 630/111/1309
f 762/111/1310 767/111/1310 768/111/1310
f 768/111/1311 769/111/1311 764/111/1311
f 771/111/1312 765/111/1312 766/111/1312
f 793/111/1313 770/111/1313 623/111/1313
f 775/111/1314 616/111/1314 776/111/1314
f 804/111/492 646/111/1315 798/111/493
f 799/111/1316 797/111/1317 645/111/1318
f 648/111/1319 798/111/1319 642/111/1319
f 644/111/499 638/111/1320 639/111/500
f 799/111/1316 645/111/1318 640/111/1321
f 800/111/1322 646/111/496 641/111/498
f 796/111/503 645/111/1323 760/111/504
f 797/111/1324 762/111/1324 760/111/1324
f 649/111/1325 803/111/1325 801/111/1325
f 804/111/1326 761/111/1326 647/111/1326
f 812/111/508 658/111/1327 807/111/509
f 808/111/513 658/111/497 659/111/514
f 660/111/1328 807/111/1328 654/111/1328
f 656/111/499 650/111/1329 651/111/516
f 805/111/520 657/111/1330 784/111/521
f 806/111/1331 783/111/1331 784/111/1331
f 661/111/1332 811/111/1332 787/111/1332
f 812/111/1333 813/111/1333 659/111/1333
f 815/111/1334 842/111/1334 677/111/1334
f 677/111/1335 843/111/1335 679/111/1335
f 844/111/1336 681/111/1336 816/111/1336
f 681/111/1337 821/111/1337 816/111/1337
f 846/111/1338 683/111/1338 818/111/1338
f 682/111/1339 819/111/1339 820/111/1339
f 685/111/1340 815/111/1340 814/111/1340
f 822/111/532 823/111/1341 817/111/533
f 688/111/1342 689/111/1342 681/111/1342
f 690/111/1343 824/111/1343 820/111/1343
f 825/111/1344 684/111/1344 823/111/1344
f 689/111/1345 686/111/1345 822/111/1345
f 691/111/1346 828/111/1346 688/111/1346
f 829/111/1347 690/111/1347 685/111/1347
f 831/111/1348 685/111/1348 825/111/1348
f 828/111/1349 673/111/1349 833/111/1349
f 829/111/1350 675/111/1350 830/111/1350
f 826/111/1351 672/111/1351 832/111/1351
f 857/111/1352 855/111/1352 670/111/1352
f 674/111/548 856/111/1353 672/111/549
f 675/111/1354 676/111/1354 834/111/1354
f 858/111/1355 673/111/1355 676/111/1355
f 671/111/551 854/111/1356 675/111/552
f 861/111/1357 665/111/1357 835/111/1357
f 862/111/1358 667/111/1358 664/111/1358
f 668/111/1359 839/111/1359 840/111/1359
f 859/111/1360 662/111/1360 668/111/1360
f 842/111/562 662/111/1361 835/111/563
f 680/111/1362 844/111/1362 667/111/1362
f 836/111/1363 678/111/1363 843/111/1363
f 845/111/1364 846/111/1364 840/111/1364
f 842/111/1365 841/111/1365 677/111/1365
f 878/111/1272 671/111/1366 847/111/1273
f 850/111/1367 851/111/1367 674/111/1367
f 671/111/1368 855/111/1368 847/111/1368
f 668/111/1369 669/111/1369 864/111/1369
f 868/111/1370 860/111/1370 861/111/1370
f 889/111/579 702/111/1371 883/111/580
f 700/111/583 692/111/1329 693/111/584
f 882/111/586 701/111/1372 694/111/587
f 885/111/589 702/111/1373 703/111/590
f 698/111/1374 883/111/1374 697/111/1374
f 701/111/593 880/111/1375 849/111/594
f 882/111/1376 879/111/1376 880/111/1376
f 705/111/596 888/111/1277 886/111/597
f 889/111/1377 890/111/1377 703/111/1377
f 718/111/600 898/111/1378 715/111/601
f 706/111/603 894/111/1379 891/111/604
f 717/111/1380 893/111/1380 711/111/1380
f 710/111/1381 715/111/1381 716/111/1381
f 714/111/613 866/111/1382 872/111/614
f 892/111/1383 868/111/1383 866/111/1383
f 718/111/1384 897/111/1384 895/111/1384
f 898/111/1385 867/111/1385 716/111/1385
usemtl chest_belt_mat
f 247/112/110 345/113/110 335/114/110
f 280/115/111 236/116/111 232/117/111 264/118/111
f 260/119/112 349/120/112 351/121/112
f 299/122/113 386/123/113 404/124/114
f 325/125/115 392/126/116 233/127/117
f 402/128/118 316/129/119 392/126/116
f 343/130/120 350/131/120 383/132/120 363/133/120
f 390/134/121 391/135/121 324/136/121 357/137/121
f 408/138/122 498/139/122 413/140/122
f 330/141/123 349/142/123 244/143/123
f 265/144/124 231/145/124 234/146/124 268/147/124
f 269/148/125 389/149/126 356/150/127
f 271/151/128 381/152/128 361/153/128
f 381/154/129 296/155/129 384/156/129
f 384/156/130 297/157/130 364/158/130
f 287/159/131 373/160/131 364/161/131
f 303/134/132 306/162/132 315/163/132 317/164/132
f 388/165/133 301/166/134 402/128/118
f 502/167/135 498/139/135 408/168/135
f 568/169/136 411/170/137 485/171/138
f 566/134/139 569/172/139 578/173/139 580/174/139
f 429/175/140 425/176/140 467/177/140 453/178/140
f 422/179/141 514/180/141 521/181/141
f 525/182/142 418/183/142 439/184/142
f 539/185/143 533/186/144 443/187/144
f 542/188/145 465/160/145 456/189/145
f 465/190/146 550/191/146 469/192/146
f 501/193/6 530/194/6 529/195/6
f 266/196/147 267/197/147 264/198/147
f 364/158/148 365/199/148 366/200/148
f 409/201/149 407/202/149 408/203/149
f 419/204/150 420/205/150 418/206/150
f 468/207/151 469/208/152 470/209/153
f 522/210/154 523/211/154 521/212/154
f 237/213/155 283/214/155 282/215/155
f 285/216/156 245/217/156 286/218/156
f 291/219/157 251/220/157 288/221/157
f 259/222/158 294/223/158 293/224/158
f 241/225/159 244/143/159 260/184/159
f 247/112/160 255/226/160 254/227/160
f 239/228/161 243/229/161 240/230/161
f 265/144/162 232/117/162 231/145/162
f 270/231/163 243/229/163 242/205/163
f 256/232/164 276/233/164 257/234/164
f 272/235/165 284/236/165 283/214/165
f 277/237/166 287/159/166 278/189/166
f 271/151/167 292/238/167 296/239/167
f 301/166/168 315/163/169 316/129/170
f 312/240/171 310/241/171 313/242/171
f 309/122/172 300/243/172 310/241/172
f 314/244/173 302/245/173 301/166/173
f 318/246/174 300/243/175 299/122/176
f 371/247/177 327/248/177 368/215/177
f 334/249/178 372/250/178 374/251/178
f 339/252/179 377/253/179 376/254/179
f 382/255/180 347/256/180 380/257/180
f 336/258/181 345/113/182 344/259/183
f 331/260/184 329/261/184 328/262/184
f 320/263/185 355/264/185 321/265/185
f 332/266/186 359/267/186 333/268/186
f 363/133/187 344/269/187 343/130/187
f 370/270/188 360/271/188 371/247/188
f 403/272/189 388/165/189 402/128/189
f 401/273/190 394/274/190 397/275/190
f 395/276/191 386/123/191 396/122/191
f 400/277/192 388/165/192 387/278/192
f 385/279/193 404/124/193 386/123/193
f 463/280/194 415/281/194 460/282/194
f 421/283/195 464/284/195 466/218/195
f 425/176/196 468/207/196 467/177/196
f 475/285/197 436/286/197 471/287/197
f 418/183/198 435/288/198 439/184/198
f 433/289/199 422/179/199 434/227/199
f 419/204/200 417/290/200 416/291/200
f 406/292/201 446/293/201 407/202/201
f 419/204/202 449/294/203 420/205/204
f 454/295/205 432/296/205 431/297/205
f 462/298/206 450/299/206 463/280/206
f 465/160/207 457/300/207 456/189/207
f 472/301/208 451/302/208 473/303/208
f 495/304/209 481/305/209 494/129/209
f 493/306/210 487/307/210 490/240/210
f 478/308/211 489/122/211 488/309/211
f 480/310/212 492/311/212 481/305/212
f 478/308/213 496/312/213 479/122/213
f 504/248/214 545/313/214 544/215/214
f 548/314/215 512/315/215 549/251/215
f 555/253/179 519/316/179 551/254/179
f 524/317/216 558/318/216 557/319/216
f 521/181/217 513/320/218 522/321/219
f 506/322/220 510/323/221 507/324/222
f 531/325/185 501/193/185 500/326/185
f 536/267/223 510/323/223 509/268/223
f 522/210/224 540/327/224 523/211/224
f 538/328/225 546/329/225 545/313/225
f 564/330/226 578/173/227 579/331/228
f 575/275/229 573/332/229 576/333/229
f 562/334/230 573/332/230 572/335/230
f 564/330/231 576/333/231 565/245/231
f 581/336/232 563/337/233 562/334/234
f 342/495/750 235/496/144 253/497/144
f 261/498/751 263/499/751 298/500/751 295/501/751 294/223/751
f 247/112/752 254/227/752 345/113/752
f 250/502/144 249/503/144 341/504/144 342/505/750 253/506/144
f 341/504/753 249/507/753 335/508/753
f 249/507/754 247/509/754 335/508/754
f 329/261/755 330/510/755 244/511/755 239/228/755 238/512/755
f 230/168/756 229/513/756 323/514/756 325/515/756 233/516/756
f 245/517/757 248/518/757 291/219/757 286/519/757
f 262/520/758 260/119/758 351/121/758
f 318/246/114 299/122/113 404/124/114
f 305/521/759 233/127/117 392/126/116
f 396/122/760 386/123/113 299/122/113 309/122/760 308/122/760
f 316/129/119 305/171/759 392/126/116
f 382/255/761 383/522/761 350/131/761 348/523/761
f 331/260/762 328/262/762 371/247/762 360/271/762 332/266/762
f 319/175/6 340/524/6 339/252/6 376/254/6 375/525/6 362/178/6
f 372/250/763 336/526/763 344/259/763 366/527/763 365/528/763
f 333/529/764 359/530/764 358/531/764 380/532/764 347/533/764 346/534/764
f 324/535/765 322/536/765 321/265/765 355/264/765 354/537/765 357/538/765
f 391/135/766 390/539/766 405/540/766 403/272/766
f 337/541/767 334/542/767 374/543/767 378/544/767 377/253/767 338/545/767
f 401/273/768 400/277/768 387/278/768 385/279/768 395/276/768
f 385/279/769 387/278/769 403/272/769 405/164/769
f 240/230/770 243/229/770 272/235/770 283/214/770
f 413/140/771 409/201/771 408/138/771
f 353/186/772 266/546/772 356/547/772
f 266/546/773 269/547/773 356/547/773
f 263/548/774 258/549/774 257/234/774 276/233/774 275/550/774 298/500/774
f 251/220/775 252/551/775 273/552/775 288/221/775
f 242/553/776 241/225/776 259/554/776 293/555/776 292/238/776 270/556/776
f 254/557/777 262/558/777 345/559/777
f 262/558/778 351/121/778 345/559/778
f 246/560/779 285/216/779 277/237/779 256/561/779 255/226/779
f 260/184/780 244/143/780 349/142/780
f 368/215/781 327/248/781 326/562/781 237/213/781 282/215/781 281/563/781
f 268/564/782 234/565/782 306/162/782 303/539/782
f 267/197/783 266/566/783 353/186/783 367/567/22 279/568/783
f 269/148/125 304/569/784 389/149/126
f 271/151/785 296/239/785 381/152/785
f 296/155/786 297/570/786 384/156/786
f 367/567/22 274/571/22 279/572/783
f 297/157/787 278/573/787 364/158/787
f 370/270/788 369/574/788 284/236/788 271/575/788 361/576/788
f 289/577/22 274/578/22 367/579/22 379/580/22
f 302/245/789 313/242/789 310/241/789 300/243/789
f 278/189/790 287/159/790 364/161/790
f 388/165/133 399/581/791 398/166/791 314/244/791 301/166/134
f 290/192/792 289/582/792 379/580/792 373/191/792 287/583/792
f 280/584/793 273/585/793 252/586/793 236/587/793
f 300/243/794 317/540/794 315/163/794 302/245/794
f 362/195/6 352/194/6 320/263/6
f 320/263/6 319/588/6 362/195/6
f 318/589/114 404/124/114 389/149/126 304/590/784
f 397/275/795 394/274/795 393/591/795 307/307/795 312/240/795 311/245/795
f 301/166/134 316/129/119 402/128/118
f 428/592/796 413/593/797 498/139/798
f 474/594/799 476/595/799 440/596/799 438/597/799 437/598/799 475/285/799
f 426/599/800 517/504/800 514/600/800 422/601/800 427/507/800
f 498/505/798 517/504/801 426/502/801 428/602/796
f 423/603/802 433/289/802 432/604/802 457/300/802 464/284/802
f 506/322/803 505/605/803 417/290/803 418/206/803 511/510/803
f 483/134/804 484/606/804 410/607/804 448/608/804
f 408/168/805 411/609/805 502/167/805
f 424/610/806 421/611/806 466/612/806 468/207/806
f 439/119/807 441/520/807 527/613/807
f 527/613/808 525/614/808 439/119/808
f 494/129/809 481/305/810 579/331/811
f 481/305/810 564/330/812 579/331/811
f 568/169/136 502/615/813 411/170/137
f 479/122/814 496/312/815 581/336/815
f 581/336/815 562/334/814 479/122/814
f 485/521/138 494/616/809 568/169/136
f 494/616/809 579/331/811 568/169/136
f 528/619/817 561/132/817 558/318/817 526/620/817
f 507/324/818 510/323/818 538/328/818 545/313/818
f 528/619/819 523/211/819 540/327/819 561/522/819
f 519/316/6 518/621/6 520/175/6 529/178/6 552/525/6 551/254/6
f 513/622/820 548/314/820 547/623/820 541/624/820 522/321/820
f 534/625/821 503/626/821 569/172/821 566/539/821
f 509/627/822 508/628/822 524/629/822 557/630/822 556/631/822 536/632/822
f 500/326/823 499/633/823 503/634/823 534/635/823 532/636/823 531/325/823
f 516/541/824 515/637/824 555/253/824 554/544/824 549/638/824 512/639/824
f 565/245/825 576/333/825 573/332/825 563/337/825
f 563/337/826 580/540/826 578/173/826 565/245/826
f 419/204/827 416/291/827 463/280/827 450/299/827
f 443/640/828 533/186/828 535/641/828 447/642/828 444/546/828
f 430/643/829 440/644/829 476/595/829 455/645/829 454/295/829 431/297/829
f 420/646/830 449/647/830 472/301/830 471/648/830 436/649/830 435/288/830
f 441/650/831 434/557/831 521/212/831
f 521/212/832 527/613/832 441/650/832
f 434/227/833 422/179/833 521/181/833
f 525/182/834 511/141/834 418/183/834
f 504/248/835 544/215/835 543/651/835 460/282/835 415/281/835 414/562/835
f 406/292/836 412/652/836 458/653/836 442/654/836
f 410/655/837 407/202/837 446/293/837 445/656/837 448/657/837
f 443/187/144 459/658/10 539/185/143
f 482/590/838 447/659/839 567/660/838
f 567/660/838 447/659/839 535/150/839
f 473/303/840 451/302/840 559/661/840
f 559/661/841 451/302/841 537/153/841
f 477/570/842 473/155/842 560/662/842
f 473/155/843 559/663/843 560/662/843
f 459/658/10 452/664/10 539/185/143
f 456/665/844 477/157/844 542/666/844
f 477/157/845 560/662/845 542/666/845
f 546/329/846 537/576/846 451/667/846 462/298/846 461/668/846
f 469/669/847 553/580/847 539/579/143 452/670/10 470/209/847
f 478/308/848 488/309/848 493/306/848 480/310/848
f 542/188/849 550/671/849 465/160/849
f 577/672/850 564/330/812 481/305/810 492/311/850 491/166/850
f 484/606/851 483/539/851 497/673/851 495/304/851
f 550/191/852 553/580/852 469/192/852
f 429/674/853 453/675/853 458/676/853 412/677/853
f 478/308/854 480/278/854 495/304/854 497/164/854
f 520/678/6 501/193/6 529/195/6
f 567/660/838 581/336/815 496/312/815 482/590/838
f 570/679/855 575/275/855 574/680/855 490/240/855 487/307/855 486/681/855
f 562/334/814 572/335/856 571/122/856 489/122/856 479/123/814
f 229/682/857 230/168/857 231/145/857
f 232/117/858 229/682/858 231/145/858
f 238/512/859 239/228/859 240/230/859 237/683/859 326/562/859
f 244/511/860 241/684/860 242/205/860
f 242/205/861 243/229/861 244/511/861
f 245/685/862 246/686/862 247/112/862
f 251/220/863 248/518/863 250/502/863
f 248/518/864 249/687/864 250/502/864
f 256/557/865 257/688/865 258/689/865 254/557/865 255/557/865
f 261/690/866 259/691/866 260/119/866
f 259/691/867 241/692/867 260/119/867
f 264/198/868 265/144/868 266/196/868
f 272/693/869 270/694/869 271/575/869
f 270/694/870 292/695/870 271/575/870
f 278/573/871 275/696/871 276/697/871
f 276/697/872 277/665/872 278/573/872
f 283/214/873 284/698/873 369/574/873 281/699/873 282/215/873
f 285/700/874 286/160/874 287/159/874
f 291/219/875 288/221/876 289/701/877
f 291/219/875 289/701/877 290/192/878
f 293/224/879 294/702/879 295/703/879 296/155/879 292/704/879
f 309/122/880 310/241/880 307/705/880 393/591/880 308/122/880
f 313/242/881 314/305/881 398/166/881 311/245/881 312/240/881
f 320/263/882 321/706/882 322/536/882 323/514/882 319/707/882
f 327/248/883 328/262/883 329/708/883 238/512/883 326/709/883
f 332/710/884 333/510/884 346/510/884 330/510/884 331/711/884
f 336/258/885 334/249/885 335/180/885
f 338/545/886 339/712/886 340/524/886 341/504/886 337/713/886
f 343/130/887 344/269/887 345/714/887
f 349/120/888 346/715/889 347/256/890
f 347/256/890 348/716/891 349/120/888
f 353/186/892 354/717/892 355/264/892 352/718/892 362/195/892
f 361/576/893 358/719/893 359/576/893
f 359/576/894 360/720/894 361/576/894
f 366/200/895 363/133/895 364/158/895
f 368/721/896 281/563/896 369/574/896 370/270/896 371/247/896
f 374/251/897 372/250/897 373/160/897
f 372/250/898 365/528/898 373/160/898
f 376/254/899 377/722/899 378/544/899 379/580/899 375/723/899
f 382/724/900 380/725/900 381/154/900
f 380/725/901 358/726/901 381/154/901
f 395/276/902 396/122/902 308/122/902 393/591/902 394/274/902
f 311/245/903 398/166/903 399/581/903 400/166/903 401/273/903 397/727/903
f 409/201/904 406/292/904 407/202/904
f 416/291/905 417/728/905 505/605/905 414/729/905 415/281/905
f 435/730/906 418/206/906 420/205/906
f 423/603/907 421/731/907 422/179/907
f 427/507/908 424/610/908 426/732/908
f 424/610/909 425/176/909 426/732/909
f 431/733/910 432/557/910 433/557/910 434/557/910 430/734/910
f 436/286/911 437/735/911 438/736/911 439/119/911 435/737/911
f 443/738/912 444/546/912 445/739/912 446/293/912 442/654/912
f 449/294/913 450/740/913 451/667/913
f 457/665/914 454/741/914 456/665/914
f 454/741/915 455/742/915 456/665/915
f 461/668/916 462/298/916 463/280/916 460/743/916 543/651/916
f 466/160/917 464/744/917 465/160/917
f 467/177/918 468/207/151 470/209/153
f 473/155/919 474/745/919 475/746/919 471/747/919 472/748/919
f 488/309/920 489/122/920 571/122/920 486/681/920 487/307/920
f 574/680/921 491/166/921 492/311/921 493/306/921 490/727/921
f 500/326/922 501/749/922 520/678/922 498/139/922 499/750/922
f 414/562/923 505/605/923 506/322/923 507/324/923 504/213/923
f 511/510/924 508/751/924 509/510/924
f 509/510/925 510/752/925 511/510/925
f 512/315/926 513/320/926 514/180/926
f 517/504/927 518/753/927 519/316/927 515/754/927 516/541/927
f 526/755/928 524/756/928 525/614/928
f 524/756/929 508/757/929 525/614/929
f 530/194/930 531/758/930 532/636/930 533/186/930 529/759/930
f 538/760/931 536/761/931 537/576/931
f 536/761/932 556/576/932 537/576/932
f 540/327/933 541/200/933 542/666/933
f 541/200/934 547/762/934 542/763/934
f 544/215/935 545/313/935 546/764/935 461/668/935 543/765/935
f 550/160/936 547/623/936 548/766/936
f 548/766/937 549/251/937 550/160/937
f 553/580/938 554/767/938 555/253/938 551/768/938 552/525/938
f 559/663/939 556/769/939 557/319/939
f 557/319/940 558/318/940 559/663/940
f 570/679/941 486/681/941 571/122/941 572/335/941 573/332/941
f 576/333/942 577/166/942 491/166/942 574/680/942 575/275/942
f 237/213/943 240/230/943 283/214/943
f 285/216/944 246/560/944 245/217/944
f 291/219/945 248/518/945 251/220/945
f 259/222/946 261/690/946 294/223/946
f 262/520/947 263/499/947 261/498/947 260/119/947
f 258/549/948 263/548/948 262/558/948 254/557/948
f 235/496/949 236/587/949 252/586/949 253/497/949
f 251/220/950 250/502/950 253/506/950 252/551/950
f 247/112/951 246/686/951 255/226/951
f 245/517/952 247/509/952 249/507/952 248/518/952
f 232/117/953 236/116/953 235/496/953 229/770/953
f 239/228/954 244/511/954 243/229/954
f 231/145/955 230/168/955 233/516/955 234/146/955
f 265/144/956 264/198/956 232/117/956
f 270/231/957 272/693/957 243/229/957
f 256/232/958 277/771/958 276/233/958
f 269/547/959 266/546/959 265/144/959 268/147/959
f 279/568/960 280/115/960 264/118/960 267/197/960
f 290/192/961 287/583/961 286/519/961 291/219/961
f 272/235/962 271/575/962 284/236/962
f 274/578/963 289/577/963 288/221/963 273/552/963
f 297/157/964 298/500/964 275/550/964 278/573/964
f 277/237/965 285/700/965 287/159/965
f 295/501/966 298/500/966 297/570/966 296/155/966
f 303/539/967 304/569/967 269/148/967 268/564/967
f 280/584/968 279/572/968 274/571/968 273/585/968
f 317/164/969 318/589/969 304/590/969 303/134/969
f 301/166/168 302/245/970 315/163/169
f 306/162/971 234/565/971 233/127/971 305/521/971
f 315/163/972 306/162/972 305/171/972 316/129/972
f 312/240/973 307/307/973 310/241/973
f 309/122/974 299/122/974 300/243/974
f 314/244/975 313/242/975 302/245/975
f 318/246/174 317/540/976 300/243/175
f 371/247/977 328/262/977 327/248/977
f 334/249/978 336/526/978 372/250/978
f 339/252/179 338/545/179 377/253/179
f 382/255/979 348/716/979 347/256/979
f 348/523/980 350/131/980 351/121/980 349/120/980
f 351/121/981 350/131/981 343/130/981 345/559/981
f 342/505/982 341/504/983 340/524/983 319/175/984
f 349/142/985 330/141/985 346/534/985
f 336/258/181 335/114/986 345/113/182
f 335/508/987 334/542/987 337/541/987 341/504/987
f 325/515/988 323/514/988 322/536/988 324/535/988
f 331/260/989 330/510/989 329/261/989
f 319/588/984 323/514/990 342/495/982
f 354/537/991 353/186/991 356/547/991 357/538/991
f 320/263/185 352/194/185 355/264/185
f 332/266/992 360/271/992 359/267/992
f 363/133/993 366/200/993 344/269/993
f 378/544/994 374/543/994 373/191/994 379/580/994
f 367/567/995 353/186/996 362/195/997
f 370/270/998 361/576/998 360/271/998
f 375/525/999 379/580/999 367/579/995 362/178/997
f 363/133/1000 383/132/1000 384/156/1000 364/158/1000
f 364/161/1001 373/160/1001 365/528/1001
f 384/156/1002 383/522/1002 382/255/1002 381/154/1002
f 389/149/1003 390/134/1003 357/137/1003 356/150/1003
f 404/124/1004 405/540/1004 390/539/1004 389/149/1004
f 358/531/1005 361/153/1005 381/152/1005
f 403/272/1006 387/278/1006 388/165/1006
f 392/126/1007 325/125/1007 324/136/1007 391/135/1007
f 402/128/1008 392/126/1008 391/135/1008 403/272/1008
f 401/273/1009 395/276/1009 394/274/1009
f 395/276/1010 385/279/1010 386/123/1010
f 400/277/1011 399/581/1011 388/165/1011
f 385/279/1012 405/164/1012 404/124/1012
f 463/280/1013 416/291/1013 415/281/1013
f 421/283/1014 423/772/1014 464/284/1014
f 425/176/1015 424/610/1015 468/207/1015
f 475/285/1016 437/598/1016 436/286/1016
f 438/597/1017 440/596/1017 441/520/1017 439/119/1017
f 441/650/1018 440/644/1018 430/643/1018 434/557/1018
f 412/677/1019 413/593/1019 428/592/1019 429/674/1019
f 428/602/1020 426/502/1020 425/176/1020 429/175/1020
f 433/289/1021 423/603/1021 422/179/1021
f 427/507/1022 422/601/1022 421/611/1022 424/610/1022
f 413/140/1023 412/652/1023 406/292/1023 409/201/1023
f 419/204/1024 418/206/1024 417/290/1024
f 411/609/1025 408/168/1025 407/202/1025 410/655/1025
f 406/292/1026 442/654/1026 446/293/1026
f 419/204/202 450/740/1027 449/294/203
f 454/295/1028 457/773/1028 432/296/1028
f 445/656/1029 444/546/1029 447/642/1029 448/657/1029
f 442/654/1030 458/653/1030 459/658/1030 443/187/1030
f 466/612/1031 465/190/1031 469/192/1031 468/207/1031
f 462/298/1032 451/667/1032 450/299/1032
f 467/177/1033 470/209/1033 452/670/1033 453/178/1033
f 455/645/1034 476/595/1034 477/157/1034 456/665/1034
f 465/160/1035 464/744/1035 457/300/1035
f 477/570/1036 476/595/1036 474/594/1036 473/155/1036
f 447/659/1037 482/590/1037 483/134/1037 448/608/1037
f 452/664/1038 459/658/1038 458/676/1038 453/675/1038
f 472/301/1039 449/647/1039 451/302/1039
f 482/590/1040 496/312/1040 497/673/1040 483/539/1040
f 495/304/1041 480/278/1041 481/305/1041
f 411/170/1042 410/607/1042 484/606/1042 485/171/1042
f 485/521/1043 484/606/1043 495/304/1043 494/616/1043
f 493/306/1044 488/309/1044 487/307/1044
f 478/308/1045 479/123/1045 489/122/1045
f 480/310/1046 493/306/1046 492/311/1046
f 478/308/1047 497/164/1047 496/312/1047
f 504/248/1048 507/324/1048 545/313/1048
f 548/314/1049 513/622/1049 512/315/1049
f 555/253/179 515/637/179 519/316/179
f 524/317/1050 526/755/1050 558/318/1050
f 527/613/1051 528/619/1051 526/620/1051 525/614/1051
f 523/211/1052 528/619/1052 527/613/1052 521/212/1052
f 518/621/1053 517/504/1053 498/505/1053 520/175/1053
f 508/628/1054 511/141/1054 525/182/1054
f 521/181/217 514/180/1055 513/320/218
f 516/541/1056 512/639/1056 514/600/1056 517/504/1056
f 499/633/1057 498/139/1057 502/167/1057 503/634/1057
f 506/322/220 511/510/1058 510/323/221
f 535/641/1059 533/186/1059 532/636/1059 534/635/1059
f 531/325/185 530/194/185 501/193/185
f 536/267/1060 538/328/1060 510/323/1060
f 522/210/1061 541/200/1061 540/327/1061
f 550/191/1062 549/638/1062 554/544/1062 553/580/1062
f 529/195/1063 533/186/1064 539/185/1065
f 538/328/1066 537/576/1066 546/329/1066
f 539/579/1065 553/580/1067 552/525/1067 529/178/1063
f 560/662/1068 561/522/1068 540/327/1068 542/666/1068
f 547/623/1069 550/671/1069 542/188/1069
f 558/318/1070 561/132/1070 560/662/1070 559/663/1070
f 534/625/1071 566/539/1071 567/660/1071 535/150/1071
f 566/134/1072 580/174/1072 581/336/1072 567/660/1072
f 559/661/1073 537/153/1073 556/631/1073
f 564/330/226 565/245/1074 578/173/227
f 503/626/1075 502/615/1075 568/169/1075 569/172/1075
f 569/172/1076 568/169/1076 579/331/1076 578/173/1076
f 575/275/1077 570/679/1077 573/332/1077
f 562/334/1078 563/337/1078 573/332/1078
f 564/330/1079 577/672/1079 576/333/1079
f 581/336/232 580/540/1080 563/337/233
f 323/514/10 229/770/10 342/495/750
f 229/770/10 235/496/144 342/495/750
usemtl chest_mat
f 4/1/1 3/2/1 6/3/1
f 144/92/56 141/93/56 145/94/56
f 144/92/56 145/94/56 146/95/56
f 151/96/57 149/97/57 150/98/57
f 12/338/618 9/339/618 7/340/618 11/341/618
f 3/2/1 4/1/1 1/342/1
f 8/343/619 11/341/619 7/340/619
f 8/343/619 10/348/619 11/341/619
f 65/405/7 101/406/7 132/407/7 64/406/7
f 141/93/716 142/473/716 143/474/716 145/94/716
f 147/480/57 149/97/57 151/96/57
f 148/481/721 149/97/721 147/480/721
f 148/481/721 152/482/721 149/97/721
f 1/342/816 4/1/816 5/617/816 2/618/816
